RAW_VALUE_t_1,RAW_VALUE_t_2,RAW_VALUE_t_3,RAW_VALUE_t_4,RAW_VALUE_t_5,RAW_VALUE_t_6,RAW_VALUE_t_7,RAW_VALUE_t_8,RAW_VALUE_t_9,RAW_VALUE_t_10,RAW_VALUE_t_11,RAW_VALUE_t_12,RAW_VALUE_t_13,RAW_VALUE_t_14,RAW_VALUE_t_15,RAW_VALUE_t_16,RAW_VALUE_t_17
0.5669097881109953,0.9158563898955189,0.6327349320781575,0.5835881125826609,0.8928823059210101,0.6371210871826318,0.48176364570437935,0.7938269663567071,0.5492554997902681,0.6969966694409605,0.5927383460664722,0.9258294592486054,0.5657029245698056,0.9027534861563927,0.8733818331854126,0.9486683916927517,0.830449303376176
0.5745773248984304,0.9249209094045677,0.6367716448047006,0.5888535692375421,0.8987086178682925,0.6418613323457812,0.48444247805759466,0.7999642851080074,0.5542983436444613,0.7037102976054531,0.5978702797986496,0.9340968189243959,0.5689504391748487,0.9053626002782321,0.8774456068056165,0.9545287103960675,0.835513018640665
0.5655156905132798,0.9101910652023634,0.6279067070522923,0.5811747782825071,0.8890727942631717,0.6326218714345577,0.47774539717455633,0.7898024950443792,0.5489791795790795,0.6972582393694472,0.5887061124197617,0.9227291993701838,0.5649969431339266,0.904228202833954,0.8826076976204698,0.9463242642114253,0.8288991864584755
0.5933976424675891,0.9657112471952872,0.6668491121789439,0.6129137808966518,0.9357953343019548,0.6666070189601886,0.5022810662278693,0.82723007824903,0.5706012361045925,0.7222817625280107,0.6117998142145592,0.9605064401109493,0.5894239008153385,0.938033246673437,0.9045740415134631,0.9791420489499936,0.8644485344377444
0.601762228053882,0.9691104420111807,0.6684321367775882,0.6136450943209408,0.9346748896967079,0.6625898620422653,0.5004545896234043,0.823205606936702,0.5699104355766209,0.7222817625280107,0.6103335474339371,0.9547652181138726,0.5873059565077015,0.935764451784881,0.907868993097412,0.9791420489499936,0.8592814780454088
0.6003681304561664,0.9645781822566563,0.6668491121789439,0.6136450943209408,0.929072666670475,0.6625898620422653,0.4980192874841176,0.823205606936702,0.5664564329367625,0.7179222637198985,0.605934747092071,0.9490239961167958,0.5830700678924279,0.9334956568963253,0.9045740415134631,0.9697655390246883,0.8551478329315403
0.5982769840595934,0.9634451173180252,0.6621000383830108,0.6085259003509175,0.9223499990389954,0.6577692737407574,0.49680163641447433,0.8161627821401278,0.5623116297689326,0.7118189653885416,0.6030022135308268,0.9444310185191342,0.579540160713033,0.9232860798978237,0.8902959179830173,0.966249347802699,0.8479139539822705
0.5954887888641623,0.9600459225021317,0.6565594522877554,0.6048693332294722,0.9223499990389954,0.6577692737407574,0.49375750874036606,0.8121383108277999,0.5623116297689326,0.7153065644350313,0.6015359467502047,0.9409862853208881,0.5774222164053961,0.9210172850092677,0.8913942351776669,0.9639052203213727,0.8448137201468691
0.6045504232493127,0.9747757667043362,0.6692236490769105,0.6136450943209408,0.9346748896967079,0.665803587576604,0.5010634151582259,0.8242117247647841,0.5706012361045925,0.7248974618128778,0.6117998142145592,0.9570617069127032,0.5865999750718226,0.9312268620077694,0.9045740415134631,0.9779699852093304,0.8603148893238759
0.5864271544790117,0.9453160782999275,0.650227353893178,0.5975561989865817,0.9122659975917761,0.6505383912884954,0.48998279042447174,0.8074095570358144,0.5580977465483055,0.7083313663420521,0.6000696799695826,0.9409862853208881,0.5760102535336382,0.915345297787878,0.8859026492044186,0.9592169653587199,0.8458471314253362
0.5878212520767273,0.9464491432385587,0.6486443292945334,0.5990188258351599,0.9167477760127625,0.6545555482064187,0.491931032135901,0.8095224044747866,0.5623116297689326,0.7161784641966537,0.60520161370176,0.943282774119719,0.5788341792771541,0.9232860798978237,0.8924925523723165,0.9697655390246883,0.8468805427038032
0.5836389592835808,0.9419168834840341,0.6486443292945334,0.5960935721380037,0.90778421917079,0.6478870677226661,0.4889477870152749,0.8037875328547192,0.5567852255451592,0.7074594665804295,0.5964040130180275,0.9340968189243959,0.5738923092260014,0.9142109003436002,0.8831568562177945,0.9557007741367306,0.8417134863114677
0.5850330568812964,0.9407838185454032,0.6478528169952112,0.5968248855622927,0.910025108381283,0.6492529010747601,0.48888690446179267,0.805699156728075,0.5581668266011026,0.7083313663420521,0.5971371464083385,0.9352450633238113,0.5753042720977594,0.9176140926764339,0.8870009663990682,0.9545287103960675,0.8417134863114677
0.5996710816573088,0.9679773770725495,0.6644745752809772,0.6107198406237847,0.9346748896967079,0.6650001561930193,0.5016722406930476,0.82723007824903,0.5712920366325642,0.7257693615745003,0.6125329476048703,0.9582099513121185,0.5865999750718226,0.935764451784881,0.9100656274867115,0.9803141126906567,0.8592814780454088
0.5829419104847231,0.9419168834840341,0.6470613046958892,0.5946309452894256,0.910025108381283,0.6491725579364016,0.4887042568013462,0.8072083334701978,0.5574069460203338,0.704059057510102,0.5956708796277164,0.9340968189243959,0.5760102535336382,0.9164796952321561,0.884804332009769,0.9533566466554043,0.8427468975899349
0.5836389592835808,0.9453160782999275,0.6470613046958892,0.5946309452894256,0.9111455529865295,0.6505383912884954,0.4900436729779539,0.8066046627733489,0.5595484276570459,0.7100751658652967,0.5986034131889606,0.9375415521226421,0.5745982906618804,0.9187484901207118,0.8891976007883677,0.9592169653587199,0.8417134863114677
0.5815478128870076,0.9373846237295097,0.6438952554986004,0.5938996318651365,0.9034144852103281,0.6451554010184783,0.48718219296429205,0.803686921071911,0.5545055838028529,0.7010945983205857,0.5912720792858502,0.9260591081284886,0.5688798410312608,0.9116017862217608,0.8820585390231449,0.9474963279520885,0.8313793735267964
0.5759714224961457,0.9328523639749855,0.6399376940019894,0.5879028617859663,0.9006133736972115,0.6441912833581768,0.4862080721085774,0.8016746854157469,0.5523641021661406,0.7023152579868572,0.5942046128470945,0.9318003301255654,0.5717743649183645,0.9116017862217608,0.8788734191586609,0.951012519174078,0.8375798411975994
0.578062568892719,0.9317192990363542,0.6399376940019894,0.5902430647436913,0.901733818302458,0.6452357441568367,0.48803454871304236,0.8016746854157469,0.5573378659675365,0.7074594665804295,0.5949377462374055,0.9283555969273191,0.5710683834824856,0.9130765028993221,0.8859026492044186,0.9533566466554043,0.8344796073621978
0.572486178501857,0.9215217145886744,0.6351886202060564,0.5837343752675187,0.8924341280789115,0.637683489151141,0.48145923293696846,0.7971471551893777,0.5518114617437633,0.697868569202583,0.5859202055365795,0.9175620995728148,0.5640791672672839,0.9051357207893765,0.8773357750861512,0.9387058498971148,0.8253855881116873
0.580153715289292,0.9328523639749855,0.642312230899956,0.5938996318651365,0.9030783518287541,0.6446733421883276,0.48748660573170294,0.8065040509905406,0.557476026073131,0.7065875668188071,0.5942046128470945,0.9283555969273191,0.5710683834824856,0.9130765028993221,0.8870009663990682,0.9498404554334148,0.8344796073621978
0.5787596176915767,0.9294531691590922,0.6438952554986004,0.5909743781679804,0.8977002177235706,0.6436288813896675,0.48699954530384565,0.8032844739406781,0.5536766231692868,0.7012689782729105,0.5884861724026683,0.9245663904092487,0.5731863277901224,0.9164796952321561,0.8817290438647499,0.9444489622263644,0.835513018640665
0.5710920809041417,0.91698945483415,0.6330515369978863,0.5832955872129453,0.891313683473665,0.6389689793648764,0.4824333537926832,0.7975496023206107,0.5500844604238342,0.6974326193217718,0.5881196057075128,0.922499550490301,0.5666207004364482,0.9057029195115154,0.8767866164888265,0.9417532156228391,0.8291058687141687
0.5745773248984304,0.92718703928183,0.6391461817026672,0.5895117513194023,0.9020699516840321,0.6428254500060828,0.4862080721085774,0.8063028274249242,0.5571997058619422,0.7045821973670755,0.5934714794567832,0.9295038413267345,0.5710683834824856,0.9130765028993221,0.8859026492044186,0.9498404554334148,0.8344796073621978
0.5710920809041417,0.9203886496500432,0.6367716448047006,0.5868790229919617,0.8928823059210101,0.6377638322894995,0.48279864911357606,0.7992600026283502,0.5518114617437633,0.6988276589403676,0.589805812505228,0.9260591081284886,0.5671854855851514,0.9060432387447989,0.8759079627331067,0.9436285176079001,0.83158605578249
0.5683038857087107,0.9147233249568877,0.6326557808482254,0.5825642737886563,0.8895209721052701,0.6357552538305379,0.4818245282578615,0.7953361430988303,0.5491864197374711,0.695776009774689,0.5851137588072376,0.9171028018130487,0.5648557468467508,0.904228202833954,0.8726130111491576,0.9370649606601865,0.8274524106686214
0.580153715289292,0.9328523639749855,0.6454782800972448,0.5938996318651365,0.9047590187366241,0.6505383912884954,0.49120044149411507,0.8101260751716358,0.5581668266011026,0.7092032661036743,0.5986034131889606,0.9375415521226421,0.5781281978412751,0.9221516824535458,0.8891976007883677,0.9568728378773937,0.8458471314253362
0.5690009345075684,0.9192555847114122,0.6343179566768018,0.5824911424462275,0.891313683473665,0.6381655479812918,0.481641880597415,0.7965434844925288,0.5495318200014568,0.6962119596555004,0.5854803255023929,0.9188251684121719,0.5649263449903388,0.9029803656452483,0.8739309917827373,0.9377681989045843,0.8261089760066143
0.5982769840595934,0.9645781822566563,0.6605170137843662,0.6070632735023395,0.9245908882494889,0.6569658423571728,0.49436633427518767,0.814150546483964,0.5623116297689326,0.7126908651501641,0.6030022135308268,0.9444310185191342,0.5788341792771541,0.9221516824535458,0.8935908695669664,0.9639052203213727,0.8468805427038032
0.5975799352607355,0.9589128575635006,0.6581424768863998,0.6077945869266285,0.9245908882494889,0.6561624109735881,0.495583985344831,0.8181750177962919,0.5636932308248759,0.7126908651501641,0.6022690801405158,0.9421345297203036,0.5802461421489119,0.9300924645634913,0.8990824555402148,0.9627331565807096,0.8489473652607377
0.5975799352607355,0.9600459225021317,0.658933989185722,0.6070632735023395,0.9245908882494889,0.6553589795900034,0.49375750874036606,0.8161627821401278,0.5623116297689326,0.7118189653885416,0.6015359467502047,0.9421345297203036,0.5781281978412751,0.9244204773421015,0.8957875039562657,0.9615610928400462,0.8458471314253362
0.5968828864618777,0.9589128575635006,0.6581424768863998,0.6048693332294722,0.9223499990389954,0.6545555482064187,0.49314868320554434,0.8121383108277999,0.5588576271290743,0.7074594665804295,0.6008028133598936,0.9398380409214727,0.5767162349695172,0.9176140926764339,0.8870009663990682,0.9592169653587199,0.8458471314253362
0.5989740328584511,0.9634451173180252,0.6621000383830108,0.6099885271994956,0.9268317774599819,0.6577692737407574,0.49497515981000934,0.814150546483964,0.5623116297689326,0.7118189653885416,0.6008028133598936,0.9409862853208881,0.5802461421489119,0.9232860798978237,0.8913942351776669,0.9627331565807096,0.8479139539822705
0.6170973016287521,0.9929048057224337,0.6810963335667433,0.6282713628067218,0.9548428925911467,0.6762481955632045,0.5114134492501942,0.8413157278421781,0.5782000419122808,0.733616459429102,0.6169317479467366,0.969692395306272,0.594365770866491,0.9516460160047724,0.921048799433208,0.9873464951346356,0.8696155908300799
0.5878212520767273,0.9475822081771896,0.650227353893178,0.5990188258351599,0.915627331407516,0.6513418226720802,0.4907133810662577,0.8098242398232112,0.5581668266011026,0.7065875668188071,0.5986034131889606,0.9363933077232269,0.5724803463542435,0.9176140926764339,0.8880992835937181,0.9568728378773937,0.8396466637545335
0.585730105680154,0.9441830133612964,0.6486443292945334,0.5982875124108709,0.9111455529865295,0.6484494696911755,0.48992190787098955,0.8085162866467046,0.5558871848587962,0.7039718675339399,0.5942046128470945,0.9295038413267345,0.5710683834824856,0.9176140926764339,0.884804332009769,0.9498404554334148,0.835513018640665
0.591306496071016,0.950981402993083,0.6565594522877554,0.6026753929566051,0.915627331407516,0.6545555482064187,0.49375750874036606,0.8121383108277999,0.5602392281850176,0.7083313663420521,0.5978702797986496,0.9363933077232269,0.5788341792771541,0.9244204773421015,0.8891976007883677,0.9568728378773937,0.8468805427038032
0.5933976424675891,0.9555136627476074,0.6605170137843662,0.6048693332294722,0.921229554433749,0.6569658423571728,0.495583985344831,0.8161627821401278,0.5595484276570459,0.7092032661036743,0.6015359467502047,0.9421345297203036,0.5816581050206698,0.9266892722306574,0.8924925523723165,0.9627331565807096,0.8520475990961388
0.6066415696458861,0.9747757667043362,0.6708066736755548,0.6173016614423861,0.9402771127229409,0.6698207444945272,0.5053251939019776,0.83226066738944,0.5726736376885074,0.7257693615745003,0.6125329476048703,0.9616546845103646,0.5901298822512173,0.9403020415619929,0.9111639446813611,0.9814861764313199,0.8654819457162114
0.585730105680154,0.9441830133612964,0.6510188661925,0.600481452683738,0.9133864421970229,0.6521452540556648,0.49436633427518767,0.8151566643120459,0.5588576271290743,0.7092032661036743,0.6008028133598936,0.9409862853208881,0.5760102535336382,0.9244204773421015,0.8935908695669664,0.9615610928400462,0.8458471314253362
0.5927005936687314,0.9521144679317142,0.6573509645870776,0.6063319600780503,0.9257113328547354,0.6601795678915113,0.49862811301893933,0.823205606936702,0.5671472334647342,0.7170503639582761,0.6044684803114487,0.9467275073179648,0.5851880122000647,0.938033246673437,0.9045740415134631,0.967421411543362,0.8561812442100073
0.5864271544790117,0.9419168834840341,0.6478528169952112,0.5990188258351599,0.915627331407516,0.6521452540556648,0.4913222066010794,0.8121383108277999,0.5609300287129892,0.7109470656269192,0.5986034131889606,0.9386897965220574,0.5745982906618804,0.9221516824535458,0.8935908695669664,0.9603890290993832,0.8417134863114677
0.5773655200938613,0.9328523639749855,0.6407292063013115,0.5902430647436913,0.9034144852103281,0.6437895676663845,0.48553836402027356,0.8011716265017059,0.5530549026941124,0.6991764188450165,0.5927383460664722,0.9295038413267345,0.5689504391748487,0.9088792323554937,0.8775554385250813,0.9460898514632928,0.835513018640665
0.5759714224961457,0.92718703928183,0.6399376940019894,0.5884147811829686,0.8982604400261937,0.6425040774526489,0.4831639444344691,0.7992600026283502,0.5513279013741832,0.6965607195601493,0.5883395457246061,0.9238774437695995,0.5683150558825576,0.9070641964446489,0.871514693954508,0.9387058498971148,0.832619467060957
0.5738802760995726,0.9249209094045677,0.6391461817026672,0.5873178110465351,0.9000531513945884,0.6403348127169703,0.48468600827152325,0.8003667322392404,0.5520187019021549,0.6974326193217718,0.5920052126761612,0.9272073525279039,0.5685268503133213,0.9069507567002213,0.8801913997922406,0.9448005813485634,0.8344796073621978
0.570395032105284,0.9181225197727811,0.6324183271584287,0.5869521543343906,0.8946750172894047,0.6388082930881596,0.48334659209491565,0.8004673440220487,0.5556108646476074,0.7044950073909132,0.5912720792858502,0.9260591081284886,0.567397280015915,0.9100136297997716,0.8796422411949156,0.9442145494782317,0.8334461960837308
0.572486178501857,0.9215217145886744,0.6351886202060564,0.586586497622246,0.8956834174341266,0.6388082930881596,0.48322482698795133,0.798253884800268,0.5505680207934144,0.6974326193217718,0.5905389458955392,0.9249108637290733,0.5657029245698056,0.9043416425783819,0.8730523380270176,0.9474963279520885,0.8282791396913952
0.5759714224961457,0.928320104220461,0.6407292063013115,0.5917056915922694,0.9047590187366241,0.6474853520308738,0.49101779383366856,0.8121383108277999,0.5588576271290743,0.7065875668188071,0.5964040130180275,0.9329485745249806,0.5745982906618804,0.9198828875649899,0.8902959179830173,0.9568728378773937,0.8386132524760664
0.564818641714422,0.9090580002637322,0.6283024632019533,0.5813210409673648,0.88638372721058,0.6349518224469531,0.48048511208125383,0.7951349195332139,0.5488410194734852,0.694293780179931,0.5878263523513885,0.92020306169147,0.5657029245698056,0.9119421054550442,0.8779947654029411,0.9406983582562422,0.8278657751800081
0.5710920809041417,0.9181225197727811,0.6359801325053784,0.5862208409101015,0.8950111506709786,0.6408168715471212,0.4857210116807201,0.8023789678954043,0.5531239827469094,0.6983045190833942,0.591052139268757,0.9260591081284886,0.5696564206107276,0.9119421054550442,0.8837060148151195,0.946207057837359,0.8328261493166506
0.5933976424675891,0.9555136627476074,0.6541849153897888,0.6034067063808942,0.921229554433749,0.6537521168228342,0.4925398576707227,0.8100254633888275,0.5588576271290743,0.7074594665804295,0.5971371464083385,0.9352450633238113,0.5781281978412751,0.9221516824535458,0.8880992835937181,0.9545287103960675,0.8448137201468691
0.5892153496744427,0.9521144679317142,0.6510188661925,0.601212766108027,0.9178682206180091,0.6521452540556648,0.49126132404759715,0.8096230162575948,0.5595484276570459,0.7083313663420521,0.5978702797986496,0.9363933077232269,0.5760102535336382,0.9187484901207118,0.8902959179830173,0.9592169653587199,0.8427468975899349
0.5850330568812964,0.9407838185454032,0.646269792396567,0.5968248855622927,0.910025108381283,0.6455571167102707,0.4885824916943819,0.8061016038593077,0.5540911034860698,0.7029255878199929,0.5920052126761612,0.9295038413267345,0.5724803463542435,0.9187484901207118,0.8835961830956542,0.9486683916927517,0.836546429919132
0.5906094472721581,0.950981402993083,0.6510188661925,0.600481452683738,0.9167477760127625,0.6505383912884954,0.49120044149411507,0.8078120041670471,0.5560253449643904,0.7047565773194,0.5971371464083385,0.9352450633238113,0.5760102535336382,0.9176140926764339,0.8813995487063551,0.9521845829147412,0.843780308868402
0.5843360080824387,0.939650753606772,0.6454782800972448,0.5946309452894256,0.9055433299602965,0.6443519696348936,0.4852339512528628,0.7992600026283502,0.5509134210574002,0.6964735295839871,0.5889993657758861,0.9243367415293654,0.5703624020466067,0.9099001900553437,0.8743703186605973,0.9408155646303086,0.8334461960837308
0.5836389592835808,0.9407838185454032,0.6431037431992782,0.5946309452894256,0.9089046637760365,0.6452357441568367,0.48559924657375575,0.7994612261939665,0.5535384630636925,0.7016177381775593,0.5905389458955392,0.9260591081284886,0.5696564206107276,0.9080851541444991,0.8804110632311702,0.9474963279520885,0.8344796073621978
0.5836389592835808,0.9373846237295097,0.6438952554986004,0.5938996318651365,0.9066637745655431,0.6438699108047429,0.48553836402027356,0.8002661204564321,0.5511897412685888,0.69969955870199,0.5927383460664722,0.9283555969273191,0.568103261451794,0.9064969977225099,0.8773357750861512,0.9474963279520885,0.8333428549558839
0.588518300875585,0.9475822081771896,0.6518103784918222,0.600481452683738,0.9145068868022694,0.6497349599049108,0.491931032135901,0.8121383108277999,0.5581668266011026,0.7074594665804295,0.5986034131889606,0.9363933077232269,0.5760102535336382,0.9221516824535458,0.8870009663990682,0.9557007741367306,0.8427468975899349
0.578062568892719,0.928320104220461,0.6399376940019894,0.5924370050165585,0.9007254181577361,0.6396920676101027,0.48383365252277294,0.7999642851080074,0.5512588213213859,0.6970838594171228,0.5876797256733262,0.9206623594512364,0.5655617282826297,0.9088792323554937,0.8753588041357818,0.9403467391340432,0.8282791396913952
0.5745773248984304,0.9237878444659366,0.6351886202060564,0.5902430647436913,0.8984845289472431,0.6386476068114426,0.48237247123920096,0.798253884800268,0.5502917005822257,0.6973454293456095,0.5900257525223214,0.9236477948897162,0.568738644744085,0.9099001900553437,0.8716245256739732,0.9432768984857011,0.8316893969103365
0.580153715289292,0.9317192990363542,0.641520718600634,0.5931683184408475,0.9037506185919021,0.6443519696348936,0.48699954530384565,0.8014734618501306,0.5524331822189378,0.7002226985589635,0.590319005878446,0.9258294592486054,0.5703624020466067,0.9130765028993221,0.878104597122406,0.9474963279520885,0.8344796073621978
0.580153715289292,0.9339854289136165,0.642312230899956,0.5924370050165585,0.90778421917079,0.6441109402198183,0.4866951325364347,0.8032844739406781,0.5532621428525039,0.6999611286304767,0.5934714794567832,0.9306520857261501,0.5710683834824856,0.9106942682663384,0.8768964482082915,0.9486683916927517,0.8375798411975994
0.5696979833064261,0.9181225197727811,0.6328140833080896,0.5840269006372344,0.8938907060657321,0.6390493225032349,0.4823115886857188,0.7950343077504056,0.5491173396846738,0.6961247696793381,0.5872398456391394,0.9179065728926394,0.5652087375646903,0.9041147630895264,0.8728326745880877,0.942808072989436,0.8277624340521617
0.5669097881109953,0.9113241301409944,0.6273526484427666,0.581247909624936,0.890641416710517,0.635433881277104,0.480545994634736,0.7946318606191728,0.5494627399486597,0.694991299989229,0.5860668322146418,0.9187103439722301,0.5633731858314049,0.9043416425783819,0.8816192121452852,0.9374165797823855,0.8273490695407748
0.5690009345075684,0.9181225197727811,0.6290939755012753,0.581979223049225,0.8923220836183867,0.6365586852141225,0.48237247123920096,0.7943300252707484,0.5492554997902681,0.6947297300607422,0.5879729790294504,0.9193992906118793,0.5630907932570535,0.9024131669231094,0.871514693954508,0.9432768984857011,0.8251789058559937
0.5738802760995726,0.9226547795273055,0.6375631571040229,0.5863671035949592,0.8960195508157006,0.6416203029307058,0.4843207129506302,0.7996624497595828,0.5521568620077492,0.6990020388926921,0.5900990658613526,0.9244515659693068,0.5696564206107276,0.9093329913332048,0.8760177944525716,0.9418704219969055,0.8334461960837308
0.5696979833064261,0.91698945483415,0.6324183271584287,0.5848313454039523,0.8924341280789115,0.6367193714908393,0.4826768840066118,0.7978514376690353,0.5496009000542541,0.6946425400845799,0.5878996656904195,0.9191696417319964,0.5647145505595751,0.9062701182336544,0.8766767847693614,0.9397607072637117,0.8271423872850813
0.5655156905132798,0.9101910652023634,0.6291731267312077,0.5824180111037984,0.8861596382895307,0.6349518224469531,0.48048511208125383,0.7934245192254744,0.5481502189455134,0.6952528699177157,0.5862134588927042,0.9195141150518211,0.5658441208569813,0.9061566784892267,0.8711851987961131,0.9374165797823855,0.8261089760066143
0.5655156905132798,0.9124571950796256,0.6302812439502586,0.5808822529127914,0.8890727942631717,0.6380852048429333,0.4825551188996475,0.7985557201486926,0.5502917005822257,0.6976069992740962,0.5892193057929793,0.924221917089424,0.5685268503133213,0.9084254733777825,0.8779947654029411,0.9419876283709717,0.8318960791660301
0.5655156905132798,0.9124571950796256,0.6302812439502586,0.5808822529127914,0.8890727942631717,0.6380852048429333,0.4825551188996475,0.7985557201486926,0.5502917005822257,0.6976069992740962,0.5892193057929793,0.924221917089424,0.5685268503133213,0.9084254733777825,0.8779947654029411,0.9419876283709717,0.8318960791660301
0.5655156905132798,0.9124571950796256,0.6302812439502586,0.5808822529127914,0.8890727942631717,0.6380852048429333,0.4825551188996475,0.7985557201486926,0.5502917005822257,0.6976069992740962,0.5892193057929793,0.924221917089424,0.5685268503133213,0.9084254733777825,0.8779947654029411,0.9419876283709717,0.8318960791660301
0.5655156905132798,0.9124571950796256,0.6302812439502586,0.5808822529127914,0.8890727942631717,0.6380852048429333,0.4825551188996475,0.7985557201486926,0.5502917005822257,0.6976069992740962,0.5892193057929793,0.924221917089424,0.5685268503133213,0.9084254733777825,0.8779947654029411,0.9419876283709717,0.8318960791660301
0.5592422513235601,0.9014664651749039,0.6250572627747323,0.5760555843124837,0.8801092374211991,0.6281226556864836,0.4765886286583952,0.7879914829538316,0.5455251769392212,0.6923756007043617,0.5832809253314599,0.9140025419346272,0.5605492600878892,0.8991234143347034,0.8680000789316292,0.9326111184456665,0.8205285551028919
0.5535961560528124,0.893195091122897,0.6188834668400192,0.5705707336303159,0.8685686579871592,0.6216148614794479,0.47281391034250086,0.7817535524197232,0.5402060128738394,0.6865338723014917,0.5808615851434334,0.9075723732979011,0.5534188475855117,0.8882331988696349,0.8606413537274766,0.9310874355828045,0.8152581575827094
0.5513655998964677,0.8908156547517715,0.6169838373216459,0.568157399330162,0.8663277687766657,0.6207310869575048,0.47056125586366077,0.7798419285463671,0.5413112937185941,0.6873185820869516,0.5794686317018425,0.9057351822588365,0.5526422680060449,0.8844896873035177,0.8613003440442661,0.9274540379867486,0.8088510076562135
0.550389731578067,0.8867366209726996,0.6157174176427304,0.5677917426180175,0.8636387017240742,0.6179190771149585,0.46818683627785634,0.7767229632793131,0.5377882110259385,0.6822615634695416,0.5757296514112563,0.904357288979538,0.5501007348368806,0.8801789770152616,0.8576758973019224,0.923820640390693,0.8093677132954469
0.5508079608573816,0.8917221067026764,0.6157174176427304,0.5680111366453042,0.8674482133819124,0.6182404496683923,0.4700133128823213,0.7780309164558197,0.5397915325570565,0.6850516427067335,0.5781489915992826,0.9045869378594212,0.5502419311240564,0.883809048836951,0.8582250558992472,0.9260475614979529,0.805750773820812
0.5585452025247024,0.8971608184081057,0.6226827258767657,0.5761287156549126,0.8760756368423113,0.6263551066425974,0.4760406856770557,0.7871865886913659,0.5475975785231362,0.694293780179931,0.5821079119069623,0.9097540376567902,0.5570899510520823,0.8956067822574417,0.8725031794296928,0.9353068650491918,0.8155681809662495
0.591306496071016,0.9498483380544519,0.654976427689111,0.601212766108027,0.9111455529865295,0.6488511853829677,0.49083514617322205,0.8078120041670471,0.5553345444364188,0.7023152579868572,0.5934714794567832,0.9283555969273191,0.5717743649183645,0.9176140926764339,0.8859026492044186,0.9486683916927517,0.8375798411975994
0.588518300875585,0.9441830133612964,0.6518103784918222,0.5960935721380037,0.9066637745655431,0.6478067245843077,0.48888690446179267,0.8055985449452667,0.554989144172433,0.7012689782729105,0.5942046128470945,0.9318003301255654,0.5731863277901224,0.9164796952321561,0.8815093804258199,0.9498404554334148,0.8396466637545335
0.58085076408815,0.9351184938522477,0.6446867677979224,0.5931683184408475,0.8996049735524896,0.6418613323457812,0.48407718273670164,0.7975496023206107,0.5513969814269803,0.6972582393694472,0.5880462923684817,0.9221550771704763,0.5671854855851514,0.9103539490330551,0.8766767847693614,0.942808072989436,0.8294158920977089
0.5843360080824387,0.9419168834840341,0.6478528169952112,0.5931683184408475,0.9033024407498035,0.6453160872951953,0.4879736661595602,0.8030832503750618,0.5527095024301264,0.7014433582252348,0.5934714794567832,0.9318003301255654,0.5689504391748487,0.9113749067329053,0.8806307266701003,0.951012519174078,0.8344796073621978
0.5794566664904344,0.9328523639749855,0.6454782800972448,0.5902430647436913,0.8988206623288171,0.6421023617608567,0.48566012912723794,0.8005679558048567,0.5532621428525039,0.7009202183682613,0.5912720792858502,0.9272073525279039,0.5703624020466067,0.9117152259661886,0.8820585390231449,0.9463242642114253,0.835513018640665
0.578062568892719,0.9317192990363542,0.6431037431992782,0.5909743781679804,0.8999411069340636,0.6408972146854797,0.48529483380634497,0.8016746854157469,0.5527095024301264,0.7003098885351258,0.591198765946819,0.9257146348086639,0.5678914670210303,0.9130765028993221,0.8819487073036799,0.9486683916927517,0.8317927380381835
0.578062568892719,0.9339854289136165,0.6431037431992782,0.5902430647436913,0.9000531513945884,0.6425844205910074,0.48657336742947044,0.8043912035515683,0.5539529433804755,0.7024024479630195,0.5942046128470945,0.9295038413267345,0.5703624020466067,0.9118286657106164,0.8809602218284953,0.9521845829147412,0.8344796073621978
0.5759714224961457,0.92718703928183,0.641520718600634,0.5889998319223999,0.8934425282236336,0.637683489151141,0.4829204142205405,0.7969459316237615,0.5507752609518058,0.6982173291072319,0.5865067122488284,0.9183658706524054,0.5649969431339266,0.9084254733777825,0.8753588041357818,0.9404639455081096,0.8264189993901544
0.5752743736972881,0.9260539743431987,0.6383546694033452,0.5892192259496866,0.8964677286577991,0.6399330970251781,0.4845033606110768,0.7988575554971172,0.550844341004603,0.6980429491549074,0.5894392458100727,0.922499550490301,0.5669736911543877,0.9099001900553437,0.8784340922808008,0.9436285176079001,0.830449303376176
0.567606836909853,0.9147233249568877,0.6316268148591065,0.5832955872129453,0.8855994159869072,0.6331842734030669,0.4793283435650927,0.7911104482208857,0.5452488567280325,0.6898470913956567,0.58130146517762,0.9112467553760302,0.5618906248160592,0.9045685220672375,0.8676705837732342,0.9307358164606055,0.8232154244269063
0.5641215929155643,0.9079249353251011,0.6255321701543256,0.5775913425034908,0.8807815041843471,0.6314167243591807,0.476527746104913,0.7868847533429414,0.5437290955664948,0.6917652708712261,0.5824744786021178,0.913083946415095,0.5611140452365924,0.8977621374015697,0.8699770498819986,0.9355412777973244,0.8210452607421252
0.5710920809041417,0.9203886496500432,0.6351886202060564,0.5850507394312391,0.8892968831842212,0.6374424597360656,0.48298129677402263,0.797650214103419,0.5496009000542541,0.6949041100130667,0.5894392458100727,0.9249108637290733,0.5688798410312608,0.9099001900553437,0.8751391406968521,0.9426908666153696,0.8344796073621978
0.5787596176915767,0.9317192990363542,0.6438952554986004,0.5931683184408475,0.903190396289279,0.6462802049554968,0.48919131722920356,0.8080132277326637,0.5588576271290743,0.7083313663420521,0.5986034131889606,0.9398380409214727,0.5767162349695172,0.9176140926764339,0.8913942351776669,0.9592169653587199,0.8427468975899349
0.572486178501857,0.9215217145886744,0.6359801325053784,0.5868790229919617,0.8987086178682925,0.6404151558553288,0.48596454189464877,0.8033850857234863,0.5531930627997067,0.6998739386543146,0.591198765946819,0.9283555969273191,0.5696564206107276,0.915345297787878,0.8819487073036799,0.9463242642114253,0.8344796073621978
0.572486178501857,0.9215217145886744,0.6359801325053784,0.5868790229919617,0.8987086178682925,0.6404151558553288,0.48596454189464877,0.8033850857234863,0.5531930627997067,0.6998739386543146,0.591198765946819,0.9283555969273191,0.5696564206107276,0.915345297787878,0.8819487073036799,0.9463242642114253,0.8344796073621978
0.572486178501857,0.9215217145886744,0.6359801325053784,0.5868790229919617,0.8987086178682925,0.6404151558553288,0.48596454189464877,0.8033850857234863,0.5531930627997067,0.6998739386543146,0.591198765946819,0.9283555969273191,0.5696564206107276,0.915345297787878,0.8819487073036799,0.9463242642114253,0.8344796073621978
0.572486178501857,0.9215217145886744,0.6359801325053784,0.5868790229919617,0.8987086178682925,0.6404151558553288,0.48596454189464877,0.8033850857234863,0.5531930627997067,0.6998739386543146,0.591198765946819,0.9283555969273191,0.5696564206107276,0.915345297787878,0.8819487073036799,0.9463242642114253,0.8344796073621978
0.5683038857087107,0.9158563898955189,0.6335264443774796,0.5833687185553742,0.8924341280789115,0.6388082930881596,0.4839554176297373,0.802680803243829,0.5518805417965605,0.6990892288688543,0.5880462923684817,0.9204327105713531,0.5676796725902666,0.9130765028993221,0.8797520729143804,0.9416360092487728,0.8303459622483295
0.5752743736972881,0.92718703928183,0.6399376940019894,0.5881953871556819,0.902518129526131,0.6461998618171384,0.48846072658741757,0.8084156748638963,0.5565089053339707,0.7057156670571847,0.5964040130180275,0.9352450633238113,0.5731863277901224,0.9198828875649899,0.8924925523723165,0.9545287103960675,0.8386132524760664
0.5641215929155643,0.9113241301409944,0.6252155652345968,0.578176393242922,0.8825742155527415,0.6333449596797839,0.4792065784581284,0.7925190131802006,0.5470449381007589,0.6932475004659842,0.5846738787730509,0.9136580686148025,0.5615376340981197,0.8981024566348532,0.8709655353571834,0.9371821670342528,0.8222853542762858
0.5655156905132798,0.9101910652023634,0.6277484045924278,0.5806628588855048,0.8892968831842212,0.6351125087236702,0.48109393761607544,0.7946318606191728,0.5484265391567023,0.6962119596555004,0.5868732789439841,0.9203178861314117,0.5651381394211024,0.9063835579780823,0.8723933477102279,0.9391746753933802,0.8260056348787675
0.5613333977201334,0.905545498953976,0.6233950869461556,0.5765675037094862,0.8849271492237593,0.634389420478444,0.4796936388859857,0.7928208485286252,0.5496699801070511,0.6966479095363116,0.5867999656049528,0.9196289394917625,0.5639379709801082,0.9074045156779323,0.8837060148151195,0.9426908666153696,0.8252822469838405
0.559939300122418,0.9048656599907973,0.6226035746468335,0.5745198261214768,0.8803333263422483,0.6315774106358977,0.4778671622815207,0.791714118917735,0.5478738987343249,0.6947297300607422,0.5882662323855751,0.92020306169147,0.5680326633082061,0.9087657926110659,0.8837060148151195,0.9463242642114253,0.830862667887563
0.562030446518991,0.9074717093496487,0.6258487750740545,0.5782495245853508,0.8862716827500552,0.6347107930318777,0.4803024644208073,0.7970465434065697,0.5518114617437633,0.6992636088211788,0.5861401455536729,0.9180213973325808,0.5647145505595751,0.9062701182336544,0.8790930825975907,0.9404639455081096,0.8271423872850813
0.5627274953178487,0.9079249353251011,0.6270360435230378,0.5780301305580642,0.8842548824606112,0.634389420478444,0.4824942363461653,0.795738590230063,0.5498772202654426,0.6963863396078249,0.5869465922830152,0.9200882372515286,0.5652793357082782,0.9083120336333548,0.8744801503800622,0.9402295327599771,0.8281757985635483
0.5592422513235601,0.9021463041380825,0.6212580037379859,0.5742273007517611,0.8803333263422483,0.6306936361139545,0.4778671622815207,0.7908086128724612,0.5468376979423674,0.692462790680524,0.5872398456391394,0.9197437639317039,0.5651381394211024,0.9049088413005208,0.8837060148151195,0.9436285176079001,0.8272457284129282
0.5982769840595934,0.9679773770725495,0.6621000383830108,0.6085259003509175,0.9313135558809683,0.6625898620422653,0.49984576408858267,0.823205606936702,0.5685288345206776,0.7196660632431434,0.606667880482382,0.9490239961167958,0.5830700678924279,0.935764451784881,0.9056723587081127,0.9732817302466777,0.8541144216530732
0.5933976424675891,0.9577797926248697,0.6605170137843662,0.6034067063808942,0.918988665223256,0.6577692737407574,0.49619281087965267,0.8201872534524559,0.5636932308248759,0.7118189653885416,0.6030022135308268,0.9455792629185497,0.5830700678924279,0.9323612594520472,0.8990824555402148,0.9627331565807096,0.8551478329315403
0.601762228053882,0.9702435069498118,0.6700151613762326,0.615107721169519,0.9335544450914613,0.665803587576604,0.5041075428323342,0.8342729030456042,0.5726736376885074,0.723153662289633,0.6103335474339371,0.9582099513121185,0.5915418451229753,0.9493772211162166,0.9144588962653097,0.9767979214686672,0.8644485344377444
0.5899123984733005,0.9521144679317142,0.6541849153897888,0.600481452683738,0.9178682206180091,0.6537521168228342,0.49497515981000934,0.8171688999682098,0.5623116297689326,0.7118189653885416,0.6022690801405158,0.9455792629185497,0.5781281978412751,0.9289580671192135,0.8957875039562657,0.9627331565807096,0.8479139539822705
0.6003681304561664,0.9702435069498118,0.667640624478266,0.61437640774523,0.9357953343019548,0.6674104503437732,0.5053251939019776,0.8342729030456042,0.5733644382164792,0.7248974618128778,0.6096004140436262,0.9593581957115341,0.5922478265588541,0.9493772211162166,0.9133605790706603,0.9791420489499936,0.8665153569946785
0.591306496071016,0.9532475328703451,0.6557679399884332,0.6041380198051832,0.9234704436442419,0.6561624109735881,0.495583985344831,0.819181135624374,0.5657656324087909,0.7161784641966537,0.6022690801405158,0.9421345297203036,0.5788341792771541,0.9278236696749356,0.9034757243188132,0.966249347802699,0.8479139539822705
0.5892153496744427,0.9498483380544519,0.6526018907911444,0.601212766108027,0.918988665223256,0.6537521168228342,0.49375750874036606,0.8171688999682098,0.5643840313528476,0.7118189653885416,0.5993365465792716,0.9386897965220574,0.5774222164053961,0.9244204773421015,0.8990824555402148,0.9592169653587199,0.8458471314253362
0.5899123984733005,0.9498483380544519,0.6557679399884332,0.6026753929566051,0.918988665223256,0.6529486854392496,0.495583985344831,0.8181750177962919,0.5630024302969042,0.7126908651501641,0.5986034131889606,0.9386897965220574,0.5802461421489119,0.9278236696749356,0.8968858211509153,0.9592169653587199,0.8489473652607377
0.588518300875585,0.9487152731158208,0.6526018907911444,0.6026753929566051,0.9178682206180091,0.6537521168228342,0.49375750874036606,0.8171688999682098,0.5609300287129892,0.7109470656269192,0.6015359467502047,0.943282774119719,0.5802461421489119,0.9266892722306574,0.8935908695669664,0.9615610928400462,0.8510141878176717
0.588518300875585,0.950981402993083,0.654976427689111,0.6019440795323161,0.918988665223256,0.6545555482064187,0.495583985344831,0.8201872534524559,0.5643840313528476,0.7144346646734088,0.6022690801405158,0.9490239961167958,0.5830700678924279,0.9312268620077694,0.9001807727348644,0.967421411543362,0.8530810103746062
0.5850330568812964,0.9407838185454032,0.6510188661925,0.5982875124108709,0.9122659975917761,0.6513418226720802,0.491931032135901,0.8121383108277999,0.5602392281850176,0.7100751658652967,0.6000696799695826,0.9386897965220574,0.5788341792771541,0.9244204773421015,0.8924925523723165,0.9603890290993832,0.8458471314253362
0.588518300875585,0.9475822081771896,0.654976427689111,0.600481452683738,0.915627331407516,0.6537521168228342,0.49436633427518767,0.8161627821401278,0.5623116297689326,0.7144346646734088,0.6030022135308268,0.9467275073179648,0.5816581050206698,0.9278236696749356,0.8957875039562657,0.9650772840620356,0.8510141878176717
0.5871242032778694,0.9475822081771896,0.6518103784918222,0.5990188258351599,0.915627331407516,0.6529486854392496,0.49436633427518767,0.8151566643120459,0.5623116297689326,0.7153065644350313,0.6037353469211377,0.943282774119719,0.5788341792771541,0.9255548747863797,0.894689186761616,0.9697655390246883,0.8468805427038032
0.5864271544790117,0.9498483380544519,0.6518103784918222,0.5990188258351599,0.915627331407516,0.6529486854392496,0.49314868320554434,0.8151566643120459,0.5623116297689326,0.7144346646734088,0.6044684803114487,0.9467275073179648,0.5774222164053961,0.9232860798978237,0.894689186761616,0.9685934752840253,0.8468805427038032
0.5843360080824387,0.9430499484226653,0.6510188661925,0.5982875124108709,0.9122659975917761,0.6537521168228342,0.491931032135901,0.8121383108277999,0.5602392281850176,0.7109470656269192,0.6008028133598936,0.943282774119719,0.580952123584791,0.9232860798978237,0.8913942351776669,0.9615610928400462,0.8499807765392047
0.5843360080824387,0.9430499484226653,0.6510188661925,0.5982875124108709,0.9122659975917761,0.6537521168228342,0.491931032135901,0.8121383108277999,0.5602392281850176,0.7109470656269192,0.6008028133598936,0.943282774119719,0.580952123584791,0.9232860798978237,0.8913942351776669,0.9615610928400462,0.8499807765392047
0.5829419104847231,0.9419168834840341,0.6454782800972448,0.5968248855622927,0.9133864421970229,0.6521452540556648,0.49126132404759715,0.8097236280404029,0.5609300287129892,0.7109470656269192,0.6008028133598936,0.9398380409214727,0.5774222164053961,0.9221516824535458,0.8913942351776669,0.9627331565807096,0.8458471314253362
0.5822448616858654,0.939650753606772,0.6478528169952112,0.5982875124108709,0.9122659975917761,0.6529486854392496,0.49375750874036606,0.8151566643120459,0.5636932308248759,0.7144346646734088,0.6022690801405158,0.943282774119719,0.5823640864565489,0.9323612594520472,0.8957875039562657,0.9639052203213727,0.8520475990961388
0.5878212520767273,0.9498483380544519,0.6533934030904668,0.6026753929566051,0.9223499990389954,0.6593761365079267,0.4980192874841176,0.8201872534524559,0.5671472334647342,0.7205379630047658,0.6103335474339371,0.9536169737144573,0.5830700678924279,0.9334956568963253,0.9023774071241636,0.9779699852093304,0.8551478329315403
0.5975799352607355,0.9668443121339184,0.6636830629816551,0.6136450943209408,0.9369157789072013,0.6698207444945272,0.5065428449716209,0.836285138701768,0.5782000419122808,0.733616459429102,0.6198642815079807,0.9673959065074414,0.5915418451229753,0.9482428236719386,0.921048799433208,0.9920347500972883,0.8675487682731455
0.5794566664904344,0.9351184938522477,0.6431037431992782,0.5938996318651365,0.910025108381283,0.6486904991062508,0.49101779383366856,0.8121383108277999,0.5616208292409609,0.7118189653885416,0.5993365465792716,0.9363933077232269,0.5760102535336382,0.9232860798978237,0.8935908695669664,0.9592169653587199,0.8427468975899349
0.578062568892719,0.9351184938522477,0.642312230899956,0.5924370050165585,0.9089046637760365,0.6497349599049108,0.4913222066010794,0.8101260751716358,0.557476026073131,0.7065875668188071,0.6000696799695826,0.9409862853208881,0.5753042720977594,0.9210172850092677,0.8859026492044186,0.9580449016180569,0.8448137201468691
0.578062568892719,0.9351184938522477,0.6431037431992782,0.5924370050165585,0.9089046637760365,0.6521452540556648,0.4925398576707227,0.8151566643120459,0.5602392281850176,0.7118189653885416,0.6030022135308268,0.9455792629185497,0.5788341792771541,0.9255548747863797,0.8924925523723165,0.9650772840620356,0.8479139539822705
0.5731832273007148,0.9260539743431987,0.6391461817026672,0.5890729632648288,0.9000531513945884,0.6454767735719121,0.487547488285185,0.8060009920764996,0.5559562649115933,0.7065875668188071,0.5949377462374055,0.9318003301255654,0.5753042720977594,0.9198828875649899,0.8859026492044186,0.9521845829147412,0.8417134863114677
0.572486178501857,0.9249209094045677,0.6375631571040229,0.5879759931283953,0.902406085065606,0.6443519696348936,0.48693866275036346,0.8042905917687602,0.556647065439565,0.7065875668188071,0.5964040130180275,0.9340968189243959,0.5724803463542435,0.9142109003436002,0.8859026492044186,0.9545287103960675,0.8375798411975994
0.572486178501857,0.9226547795273055,0.6359801325053784,0.5888535692375421,0.9010615515393102,0.6434681951129505,0.4881563138200068,0.8063028274249242,0.5572687859147395,0.7057156670571847,0.5934714794567832,0.9306520857261501,0.5724803463542435,0.9176140926764339,0.8859026492044186,0.9498404554334148,0.8386132524760664
0.5710920809041417,0.9203886496500432,0.6351886202060564,0.5860745782252437,0.897476128802521,0.6417006460690643,0.48608630700161315,0.8021777443297878,0.552916742588518,0.7019664980822083,0.5956708796277164,0.9340968189243959,0.5696564206107276,0.910921147755194,0.8837060148151195,0.9521845829147412,0.836546429919132
0.5690009345075684,0.9215217145886744,0.6351886202060564,0.5854895274858125,0.8980363511051445,0.642664763729366,0.4860254244481309,0.8022783561125961,0.55457466385565,0.7016177381775593,0.5949377462374055,0.9329485745249806,0.5724803463542435,0.9130765028993221,0.8837060148151195,0.9498404554334148,0.8396466637545335
0.5690009345075684,0.9215217145886744,0.6351886202060564,0.5854895274858125,0.8980363511051445,0.642664763729366,0.4860254244481309,0.8022783561125961,0.55457466385565,0.7016177381775593,0.5949377462374055,0.9329485745249806,0.5724803463542435,0.9130765028993221,0.8837060148151195,0.9498404554334148,0.8396466637545335
0.5655156905132798,0.9124571950796256,0.6309144537897166,0.5832955872129453,0.8935545726841582,0.6404151558553288,0.48511218614589846,0.8035863092891027,0.5581668266011026,0.7048437672955623,0.5927383460664722,0.9272073525279039,0.5696564206107276,0.915345297787878,0.8792029143170559,0.9486683916927517,0.8344796073621978
0.5641215929155643,0.9113241301409944,0.6270360435230378,0.5795658887490712,0.8905293722499923,0.6381655479812918,0.4835292397553621,0.7971471551893777,0.55457466385565,0.7012689782729105,0.5912720792858502,0.9260591081284886,0.567397280015915,0.9097867503109162,0.8783242605613361,0.9435113112338339,0.8312760323989499
0.5634245441167066,0.9069051768803331,0.6260070775339189,0.5793464947217845,0.8888487053421226,0.6348714793085948,0.48194629336482575,0.7961410373612958,0.5538147832748811,0.7003098885351258,0.5912720792858502,0.9260591081284886,0.5689504391748487,0.9104673887774829,0.8788734191586609,0.9452694068448285,0.8334461960837308
0.6031563256515974,0.9759088316429673,0.6700151613762326,0.6180329748666752,0.9447588911439273,0.6698207444945272,0.5047163683671559,0.8342729030456042,0.5768184408563375,0.72925696062099,0.6176648813370476,0.9650994177086109,0.5901298822512173,0.9437052338948267,0.9188521650439085,0.9885185588752986,0.8644485344377444
0.6031563256515974,0.9759088316429673,0.6700151613762326,0.6180329748666752,0.9447588911439273,0.6698207444945272,0.5047163683671559,0.8342729030456042,0.5768184408563375,0.72925696062099,0.6176648813370476,0.9650994177086109,0.5901298822512173,0.9437052338948267,0.9188521650439085,0.9885185588752986,0.8644485344377444
0.5920035448698737,0.9555136627476074,0.6557679399884332,0.6056006466537613,0.9268317774599819,0.6569658423571728,0.495583985344831,0.8181750177962919,0.5664564329367625,0.7196660632431434,0.606667880482382,0.9501722405162111,0.5816581050206698,0.9300924645634913,0.9023774071241636,0.9732817302466777,0.8520475990961388
0.5927005936687314,0.9555136627476074,0.6573509645870776,0.6056006466537613,0.9245908882494889,0.6577692737407574,0.49680163641447433,0.8201872534524559,0.5650748318808192,0.7161784641966537,0.605934747092071,0.9490239961167958,0.580952123584791,0.9278236696749356,0.8979841383455649,0.9685934752840253,0.8520475990961388
0.6003681304561664,0.9645781822566563,0.6652660875802996,0.615107721169519,0.9346748896967079,0.6641967248094346,0.49984576408858267,0.828236196077112,0.5712920366325642,0.723153662289633,0.608134147263004,0.9536169737144573,0.5873059565077015,0.9368988492291591,0.9100656274867115,0.9732817302466777,0.8582480667669417
0.5871242032778694,0.9453160782999275,0.650227353893178,0.601212766108027,0.9201091098285025,0.6521452540556648,0.49101779383366856,0.8111321929997177,0.5623116297689326,0.7126908651501641,0.6008028133598936,0.9386897965220574,0.5760102535336382,0.9198828875649899,0.894689186761616,0.9627331565807096,0.8427468975899349
0.5878212520767273,0.9453160782999275,0.6518103784918222,0.6041380198051832,0.9167477760127625,0.6521452540556648,0.4925398576707227,0.8131444286558819,0.5609300287129892,0.7109470656269192,0.5993365465792716,0.9375415521226421,0.5767162349695172,0.9232860798978237,0.8913942351776669,0.9603890290993832,0.8448137201468691
0.6003681304561664,0.9691104420111807,0.6660575998796217,0.615839034593808,0.9402771127229409,0.6698207444945272,0.5034987172975126,0.8302484317332761,0.5712920366325642,0.7257693615745003,0.6132660809951813,0.9639511733091953,0.5936597894306122,0.9425708364505488,0.9067706759027624,0.9826582401719829,0.868582179551613
0.588518300875585,0.9498483380544519,0.6510188661925,0.6026753929566051,0.921229554433749,0.6561624109735881,0.49497515981000934,0.8171688999682098,0.5630024302969042,0.7126908651501641,0.6044684803114487,0.9478757517173805,0.5816581050206698,0.9278236696749356,0.8935908695669664,0.966249347802699,0.8530810103746062
0.5843360080824387,0.9419168834840341,0.6486443292945334,0.599750139259449,0.9167477760127625,0.6505383912884954,0.4913222066010794,0.8131444286558819,0.5602392281850176,0.7074594665804295,0.5971371464083385,0.9375415521226421,0.5781281978412751,0.9210172850092677,0.8880992835937181,0.9557007741367306,0.8479139539822705
0.5836389592835808,0.9407838185454032,0.6478528169952112,0.5990188258351599,0.9167477760127625,0.6505383912884954,0.4913222066010794,0.814150546483964,0.5602392281850176,0.7083313663420521,0.5978702797986496,0.9386897965220574,0.5774222164053961,0.9198828875649899,0.8891976007883677,0.9580449016180569,0.8468805427038032
0.5731832273007148,0.9249209094045677,0.6383546694033452,0.5890729632648288,0.8929943503815347,0.6407365284087627,0.48340747464839784,0.7960404255784875,0.5478738987343249,0.6951656799415534,0.5859935188756108,0.9215809549707684,0.5696564206107276,0.9097867503109162,0.8744801503800622,0.9378854052786507,0.832619467060957
0.5906094472721581,0.9464491432385587,0.6533934030904668,0.6085259003509175,0.9279522220652284,0.6585727051243421,0.49862811301893933,0.823205606936702,0.5664564329367625,0.7161784641966537,0.6037353469211377,0.9478757517173805,0.5844820307641857,0.9346300543406032,0.9001807727348644,0.9650772840620356,0.8551478329315403
0.5843360080824387,0.9441830133612964,0.650227353893178,0.599750139259449,0.9145068868022694,0.6537521168228342,0.4925398576707227,0.8131444286558819,0.5609300287129892,0.7109470656269192,0.6030022135308268,0.9444310185191342,0.5781281978412751,0.9232860798978237,0.8902959179830173,0.9650772840620356,0.8468805427038032
0.5892153496744427,0.9521144679317142,0.6541849153897888,0.6056006466537613,0.9268317774599819,0.6609829992750961,0.49862811301893933,0.8242117247647841,0.5685288345206776,0.7205379630047658,0.606667880482382,0.9501722405162111,0.5851880122000647,0.939167644117715,0.9056723587081127,0.9721096665060146,0.8572146554884744
0.5794566664904344,0.9362515587908787,0.646269792396567,0.5953622587137146,0.9111455529865295,0.6505383912884954,0.4908960287267043,0.8111321929997177,0.5595484276570459,0.7083313663420521,0.5986034131889606,0.9398380409214727,0.579540160713033,0.9244204773421015,0.8902959179830173,0.9580449016180569,0.8479139539822705
0.5822448616858654,0.9407838185454032,0.6470613046958892,0.5975561989865817,0.9145068868022694,0.6521452540556648,0.4925398576707227,0.814150546483964,0.5616208292409609,0.7126908651501641,0.6030022135308268,0.9455792629185497,0.5774222164053961,0.9244204773421015,0.8935908695669664,0.9639052203213727,0.8458471314253362
0.5850330568812964,0.9430499484226653,0.650227353893178,0.6034067063808942,0.921229554433749,0.6569658423571728,0.49619281087965267,0.82219948910862,0.5664564329367625,0.7161784641966537,0.6030022135308268,0.9467275073179648,0.5830700678924279,0.9346300543406032,0.8990824555402148,0.967421411543362,0.8520475990961388
0.5752743736972881,0.9249209094045677,0.6383546694033452,0.5931683184408475,0.9048710631971485,0.6445126559116106,0.4866951325364347,0.8057997685108831,0.556232585122782,0.7044078174147511,0.5934714794567832,0.9283555969273191,0.5689504391748487,0.9142109003436002,0.8835961830956542,0.951012519174078,0.835513018640665
0.5759714224961457,0.92718703928183,0.6407292063013115,0.5946309452894256,0.90778421917079,0.6463605480938552,0.4892521997826857,0.8086168984295127,0.5581668266011026,0.7048437672955623,0.5942046128470945,0.9306520857261501,0.5753042720977594,0.9176140926764339,0.8812897169868902,0.9521845829147412,0.8406800750330006
0.5690009345075684,0.9181225197727811,0.6330515369978863,0.5830030618432297,0.8898571054868443,0.6367193714908393,0.4812157027230399,0.7942294134879401,0.5491173396846738,0.6945553501084177,0.5861401455536729,0.92020306169147,0.566761896723624,0.9047954015560932,0.8714048622350432,0.9368305479120539,0.8291058687141687
0.567606836909853,0.9147233249568877,0.632180873468632,0.5832955872129453,0.8926582169999607,0.6374424597360656,0.4799371690999143,0.7927202367458169,0.5482883790511078,0.6932475004659842,0.5877530390123572,0.9197437639317039,0.5645027561288113,0.9043416425783819,0.8732720014659474,0.9376509925305182,0.8270390461572347
0.5717891297029993,0.9237878444659366,0.6351886202060564,0.5876834677586796,0.9011735959998349,0.6427451068677243,0.4862080721085774,0.8049948742484175,0.5558871848587962,0.7048437672955623,0.5942046128470945,0.9318003301255654,0.5717743649183645,0.9164796952321561,0.884804332009769,0.9533566466554043,0.8375798411975994
0.58085076408815,0.939650753606772,0.646269792396567,0.5968248855622927,0.9145068868022694,0.6537521168228342,0.49314868320554434,0.8151566643120459,0.5643840313528476,0.7161784641966537,0.605934747092071,0.9513204849156264,0.580952123584791,0.9255548747863797,0.8968858211509153,0.9709376027653515,0.8530810103746062
0.5731832273007148,0.9249209094045677,0.6375631571040229,0.5892192259496866,0.903190396289279,0.6441109402198183,0.48693866275036346,0.8069064981217734,0.5560944250171876,0.7057156670571847,0.5949377462374055,0.9318003301255654,0.5724803463542435,0.9142109003436002,0.8859026492044186,0.9533566466554043,0.8375798411975994
0.572486178501857,0.9260539743431987,0.6359801325053784,0.5873909423889639,0.9011735959998349,0.6453964304335537,0.4867560150899169,0.8034856975062945,0.5558871848587962,0.7046693873432379,0.5971371464083385,0.9329485745249806,0.5703624020466067,0.9116017862217608,0.8837060148151195,0.9557007741367306,0.8375798411975994
0.570395032105284,0.9226547795273055,0.6351886202060564,0.5863671035949592,0.8984845289472431,0.6431468225595167,0.48724307551777424,0.8050954860312257,0.5554727045420131,0.7043206274385888,0.5934714794567832,0.9272073525279039,0.5724803463542435,0.9176140926764339,0.8837060148151195,0.9498404554334148,0.836546429919132
0.570395032105284,0.9226547795273055,0.6351886202060564,0.5863671035949592,0.8984845289472431,0.6431468225595167,0.48724307551777424,0.8050954860312257,0.5554727045420131,0.7043206274385888,0.5934714794567832,0.9272073525279039,0.5724803463542435,0.9176140926764339,0.8837060148151195,0.9498404554334148,0.836546429919132
0.570395032105284,0.9226547795273055,0.6351886202060564,0.5863671035949592,0.8984845289472431,0.6431468225595167,0.48724307551777424,0.8050954860312257,0.5554727045420131,0.7043206274385888,0.5934714794567832,0.9272073525279039,0.5724803463542435,0.9176140926764339,0.8837060148151195,0.9498404554334148,0.836546429919132
0.570395032105284,0.9226547795273055,0.6351886202060564,0.5863671035949592,0.8984845289472431,0.6431468225595167,0.48724307551777424,0.8050954860312257,0.5554727045420131,0.7043206274385888,0.5934714794567832,0.9272073525279039,0.5724803463542435,0.9176140926764339,0.8837060148151195,0.9498404554334148,0.836546429919132
0.570395032105284,0.9226547795273055,0.6351886202060564,0.5863671035949592,0.8984845289472431,0.6431468225595167,0.48724307551777424,0.8050954860312257,0.5554727045420131,0.7043206274385888,0.5934714794567832,0.9272073525279039,0.5724803463542435,0.9176140926764339,0.8837060148151195,0.9498404554334148,0.836546429919132
0.570395032105284,0.9226547795273055,0.6351886202060564,0.5863671035949592,0.8984845289472431,0.6431468225595167,0.48724307551777424,0.8050954860312257,0.5554727045420131,0.7043206274385888,0.5934714794567832,0.9272073525279039,0.5724803463542435,0.9176140926764339,0.8837060148151195,0.9498404554334148,0.836546429919132
0.570395032105284,0.9226547795273055,0.6351886202060564,0.5863671035949592,0.8984845289472431,0.6431468225595167,0.48724307551777424,0.8050954860312257,0.5554727045420131,0.7043206274385888,0.5934714794567832,0.9272073525279039,0.5724803463542435,0.9176140926764339,0.8837060148151195,0.9498404554334148,0.836546429919132
0.570395032105284,0.9226547795273055,0.6351886202060564,0.5863671035949592,0.8984845289472431,0.6431468225595167,0.48724307551777424,0.8050954860312257,0.5554727045420131,0.7043206274385888,0.5934714794567832,0.9272073525279039,0.5724803463542435,0.9176140926764339,0.8837060148151195,0.9498404554334148,0.836546429919132
0.570395032105284,0.9226547795273055,0.6351886202060564,0.5863671035949592,0.8984845289472431,0.6431468225595167,0.48724307551777424,0.8050954860312257,0.5554727045420131,0.7043206274385888,0.5934714794567832,0.9272073525279039,0.5724803463542435,0.9176140926764339,0.8837060148151195,0.9498404554334148,0.836546429919132
0.570395032105284,0.9226547795273055,0.6351886202060564,0.5863671035949592,0.8984845289472431,0.6431468225595167,0.48724307551777424,0.8050954860312257,0.5554727045420131,0.7043206274385888,0.5934714794567832,0.9272073525279039,0.5724803463542435,0.9176140926764339,0.8837060148151195,0.9498404554334148,0.836546429919132
0.5683038857087107,0.9181225197727811,0.6322600246985642,0.583514981240232,0.8983724844867186,0.6437895676663845,0.48639071976902387,0.8049948742484175,0.5581668266011026,0.7057156670571847,0.5964040130180275,0.9306520857261501,0.5717743649183645,0.9142109003436002,0.8827175293399347,0.9557007741367306,0.8386132524760664
0.5641215929155643,0.9124571950796256,0.627431799672699,0.5809553842552204,0.8937786616052075,0.6396920676101027,0.483103061880987,0.7990587790627338,0.5558181048059989,0.7048437672955623,0.5912720792858502,0.9257146348086639,0.5689504391748487,0.9119421054550442,0.8817290438647499,0.9474963279520885,0.8334461960837308
0.5641215929155643,0.9124571950796256,0.6288565218114787,0.5798584141187868,0.8912016390131401,0.6369604009059148,0.4825551188996475,0.7992600026283502,0.5518805417965605,0.7048437672955623,0.5912720792858502,0.9260591081284886,0.5689504391748487,0.9119421054550442,0.8795324094754507,0.9460898514632928,0.8334461960837308
0.562030446518991,0.9070184833741963,0.6271943459829024,0.5790539693520688,0.8845910158421852,0.6363979989374056,0.48042422952777164,0.7958392020128712,0.5540220234332727,0.7038846775577776,0.5887061124197617,0.9237626193296576,0.5689504391748487,0.9119421054550442,0.8726130111491576,0.9381198180267832,0.8334461960837308
0.559939300122418,0.9040725145337554,0.6240282967856136,0.5753242708881947,0.8814537709474948,0.63197912632769,0.47817157504893154,0.790204942175612,0.5463541375727873,0.6987404689642053,0.5895125591491037,0.9231884971299502,0.5689504391748487,0.9105808285219106,0.8667919300175143,0.9404639455081096,0.8334461960837308
0.5871242032778694,0.9498483380544519,0.6494358415938558,0.5982875124108709,0.9178682206180091,0.6545555482064187,0.491931032135901,0.8093211809091703,0.5595484276570459,0.7118189653885416,0.6008028133598936,0.9398380409214727,0.5774222164053961,0.9198828875649899,0.8902959179830173,0.9627331565807096,0.8448137201468691
0.5899123984733005,0.950981402993083,0.6518103784918222,0.6026753929566051,0.9223499990389954,0.6545555482064187,0.495583985344831,0.8181750177962919,0.5636932308248759,0.7135627649117865,0.6030022135308268,0.9444310185191342,0.5802461421489119,0.9334956568963253,0.8979841383455649,0.966249347802699,0.8499807765392047
0.5822448616858654,0.9407838185454032,0.646269792396567,0.5953622587137146,0.9089046637760365,0.6478870677226661,0.4885216091408998,0.8053973213796504,0.5565089053339707,0.7057156670571847,0.5956708796277164,0.9340968189243959,0.5753042720977594,0.9198828875649899,0.8859026492044186,0.9545287103960675,0.843780308868402
0.5815478128870076,0.9362515587908787,0.6438952554986004,0.5931683184408475,0.9089046637760365,0.6467622637856476,0.4871213104108099,0.8055985449452667,0.5559562649115933,0.7048437672955623,0.5927383460664722,0.9306520857261501,0.5738923092260014,0.9210172850092677,0.8837060148151195,0.951012519174078,0.8417134863114677
0.58085076408815,0.9373846237295097,0.6454782800972448,0.5946309452894256,0.910025108381283,0.645958832402063,0.4885824916943819,0.8081138395154718,0.5571306258091451,0.7057156670571847,0.5964040130180275,0.9352450633238113,0.5731863277901224,0.9210172850092677,0.8891976007883677,0.9557007741367306,0.8406800750330006
0.5731832273007148,0.9237878444659366,0.6367716448047006,0.5850507394312391,0.8944509283683555,0.6388082930881596,0.481641880597415,0.7923177896145842,0.547114018153556,0.6946425400845799,0.5879729790294504,0.9235329704497748,0.565491130139042,0.9017325284565426,0.8746998138189923,0.940581151882176,0.8288991864584755
0.5766684712950034,0.9317192990363542,0.6399376940019894,0.5881953871556819,0.902854262907705,0.6437092245280259,0.48492953848545195,0.8004673440220487,0.5521568620077492,0.7010945983205857,0.5949377462374055,0.9340968189243959,0.5745982906618804,0.9119421054550442,0.88085039010903,0.9486683916927517,0.8396466637545335
0.5766684712950034,0.9317192990363542,0.6399376940019894,0.5881953871556819,0.902854262907705,0.6437092245280259,0.48492953848545195,0.8004673440220487,0.5521568620077492,0.7010945983205857,0.5949377462374055,0.9340968189243959,0.5745982906618804,0.9119421054550442,0.88085039010903,0.9486683916927517,0.8396466637545335
0.5710920809041417,0.9226547795273055,0.6329723857679541,0.5818329603643673,0.8956834174341266,0.6393706950566688,0.4826160014531296,0.7959398137956795,0.5517423816909661,0.7006586484397747,0.5898791258442593,0.922499550490301,0.5669030930107998,0.9064969977225099,0.8788734191586609,0.9463242642114253,0.8297259154812491
0.5710920809041417,0.9226547795273055,0.6343971079067342,0.5848313454039523,0.895571372973602,0.640093783301895,0.48340747464839784,0.79815327301746,0.5507752609518058,0.6976941892502585,0.5883395457246061,0.922499550490301,0.5673266818723272,0.9118286657106164,0.8759079627331067,0.9432768984857011,0.8285891630749354
0.580153715289292,0.9373846237295097,0.6431037431992782,0.5938996318651365,0.9111455529865295,0.6485298128295338,0.4898610253175074,0.8121383108277999,0.5602392281850176,0.7109470656269192,0.6008028133598936,0.9386897965220574,0.5745982906618804,0.9198828875649899,0.8935908695669664,0.9627331565807096,0.8427468975899349
0.5710920809041417,0.9203886496500432,0.6351886202060564,0.5848313454039523,0.8945629728288801,0.6384065773963672,0.48237247123920096,0.7964428727097205,0.5509134210574002,0.6981301391310697,0.5885594857416994,0.9207771838911778,0.5673266818723272,0.9114883464773329,0.8750293089773868,0.9432768984857011,0.8301392799926361
0.578062568892719,0.9351184938522477,0.642312230899956,0.5909743781679804,0.90778421917079,0.6479674108610246,0.49040896829884684,0.8065040509905406,0.5571997058619422,0.7065875668188071,0.5986034131889606,0.9375415521226421,0.5774222164053961,0.9198828875649899,0.8837060148151195,0.9568728378773937,0.8468805427038032
0.5655156905132798,0.9147233249568877,0.6284607656618177,0.5794196260642134,0.8885125719605486,0.6353535381387455,0.4803024644208073,0.7929214603114335,0.5477357386287305,0.6942065902037687,0.589732499166197,0.9231884971299502,0.5671854855851514,0.9040013233450985,0.8708557036377181,0.9425736602413034,0.830449303376176
0.5669097881109953,0.91698945483415,0.6297271853407332,0.5821986170765117,0.8924341280789115,0.6374424597360656,0.48298129677402263,0.7991593908455419,0.5518805417965605,0.6989148489165298,0.5907588859126326,0.9241070926494823,0.5673266818723272,0.9103539490330551,0.8793127460365207,0.944683374974497,0.8312760323989499
0.5655156905132798,0.9124571950796256,0.6298063365706653,0.5803703335157891,0.8928823059210101,0.6380048617045749,0.48060687718821815,0.7960404255784875,0.5518114617437633,0.6997867486781523,0.5900990658613526,0.9244515659693068,0.5661265134313329,0.9069507567002213,0.8789832508781258,0.9436285176079001,0.8306559856318696
0.5710920809041417,0.9226547795273055,0.6351886202060564,0.5864402349373882,0.900501329236687,0.6432271656978752,0.48517306869938054,0.8027814150266371,0.5560253449643904,0.7065875668188071,0.5964040130180275,0.9306520857261501,0.5724803463542435,0.9130765028993221,0.884804332009769,0.9521845829147412,0.8375798411975994
0.572486178501857,0.9226547795273055,0.6367716448047006,0.5861477095676727,0.9007254181577361,0.6437895676663845,0.4866951325364347,0.8042905917687602,0.5557490247532019,0.7045821973670755,0.5956708796277164,0.9329485745249806,0.5753042720977594,0.9176140926764339,0.8820585390231449,0.951012519174078,0.8427468975899349
0.5613333977201334,0.9071317898680594,0.6241074480155456,0.5763481096821994,0.8881764385789745,0.6347911361702363,0.47859775292330664,0.7922171778317759,0.5475975785231362,0.692811550585173,0.5855536388414242,0.9190548172920546,0.5632319895442293,0.902072847689826,0.8723933477102279,0.9365961351639213,0.8251789058559937
0.5634245441167066,0.9090580002637322,0.6275901021325633,0.5802240708309314,0.8905293722499923,0.637683489151141,0.4818854108113437,0.7969459316237615,0.550015380371037,0.6965607195601493,0.5881196057075128,0.921006832771061,0.5689504391748487,0.9119421054550442,0.8752489724163168,0.9415188028747066,0.830449303376176
0.5542234999717844,0.8945547690492541,0.6177753496209683,0.5722527545061807,0.8765238146844098,0.6272388811645405,0.4740924439656264,0.7830615055962298,0.5417948540881742,0.6864466823253292,0.5807149584653714,0.9095243887769074,0.5597020823648344,0.8943589450687359,0.8669017617369796,0.9289777208496108,0.8198051672079649
0.5655156905132798,0.9113241301409944,0.6289356730414111,0.5819060917067961,0.8927702614604855,0.6408168715471212,0.48407718273670164,0.7994612261939665,0.5518805417965605,0.6992636088211788,0.5927383460664722,0.9295038413267345,0.5731863277901224,0.915345297787878,0.8776652702445462,0.9474963279520885,0.8386132524760664
0.5511564852568104,0.8924019456658551,0.615875720102595,0.5678648739604464,0.8713697695002757,0.6253106458439373,0.4734227358773226,0.7817535524197232,0.5387553317650989,0.6851388326828957,0.5817413452118068,0.9086057932573749,0.5585019139238402,0.890388554013763,0.8623986612389161,0.9305014037124729,0.8184617325459574
0.5512958950165819,0.893195091122897,0.6135803344345606,0.5675723485907308,0.8738347476318181,0.6273192243028989,0.4740924439656264,0.7847719059039692,0.5435909354609005,0.689934281371819,0.5894392458100727,0.9206623594512364,0.5649263449903388,0.9040013233450985,0.8750293089773868,0.9451522004707623,0.8274524106686214
0.5495532730194376,0.8897958963070035,0.6143718467338828,0.5675723485907308,0.8719299918028988,0.6253106458439373,0.4734227358773226,0.7835645645102707,0.5412422136657968,0.6837437930642998,0.579835198396998,0.9091799154570828,0.5610434470930044,0.89878309510142,0.8666820982980495,0.9269852124904835,0.8195984849522715
0.5445345216676619,0.8803914573163654,0.6093853192481531,0.5624531546207073,0.8631905238819754,0.6200079987122785,0.46903919202660665,0.7765217397136966,0.5373737307091555,0.6793842942561877,0.5736768779183854,0.9025200979404735,0.5569487547649065,0.889367596313913,0.8553694311931579,0.9199528300465045,0.8177383446510305
0.5515050096562393,0.8918354131965396,0.6138177881243573,0.566621641139155,0.8713697695002757,0.6252303027055789,0.47287479289598305,0.7846712941211609,0.5431764551441175,0.689236761562521,0.5807882718044024,0.9088354421372582,0.559349091646895,0.8943589450687359,0.8655837811034,0.9387058498971148,0.818668414801651
0.588518300875585,0.9475822081771896,0.6541849153897888,0.5990188258351599,0.9122659975917761,0.6497349599049108,0.4902872031918825,0.8074095570358144,0.554160183538867,0.7016177381775593,0.5934714794567832,0.9352450633238113,0.5774222164053961,0.9187484901207118,0.884804332009769,0.951012519174078,0.843780308868402
0.585730105680154,0.9464491432385587,0.650227353893178,0.5953622587137146,0.9122659975917761,0.6488511853829677,0.49016543808491825,0.8085162866467046,0.5560944250171876,0.7047565773194,0.5993365465792716,0.9409862853208881,0.5753042720977594,0.9187484901207118,0.8859026492044186,0.9580449016180569,0.843780308868402
0.580153715289292,0.9351184938522477,0.642312230899956,0.5895117513194023,0.9040867519734761,0.6450750578801199,0.4858427767876844,0.8030832503750618,0.5560253449643904,0.7057156670571847,0.5934714794567832,0.9306520857261501,0.5710683834824856,0.9142109003436002,0.8859026492044186,0.9533566466554043,0.835513018640665
0.591306496071016,0.9521144679317142,0.6541849153897888,0.601212766108027,0.918988665223256,0.6545555482064187,0.49314868320554434,0.8131444286558819,0.5588576271290743,0.7083313663420521,0.6008028133598936,0.9409862853208881,0.579540160713033,0.9289580671192135,0.8913942351776669,0.9615610928400462,0.8468805427038032
0.591306496071016,0.9532475328703451,0.6541849153897888,0.601212766108027,0.9234704436442419,0.6569658423571728,0.49436633427518767,0.8171688999682098,0.5623116297689326,0.7144346646734088,0.6044684803114487,0.9490239961167958,0.5816581050206698,0.9289580671192135,0.9001807727348644,0.967421411543362,0.8520475990961388
0.5920035448698737,0.9543805978089762,0.6557679399884332,0.6041380198051832,0.9234704436442419,0.6585727051243421,0.49680163641447433,0.8201872534524559,0.5650748318808192,0.7153065644350313,0.60520161370176,0.9501722405162111,0.5858939936359436,0.935764451784881,0.9034757243188132,0.9697655390246883,0.8572146554884744
0.5773655200938613,0.9305862340977232,0.6438952554986004,0.5909743781679804,0.9002772403156376,0.6435485382513091,0.48474689082500544,0.7994612261939665,0.5526404223773294,0.6981301391310697,0.5920052126761612,0.9306520857261501,0.5731863277901224,0.915345297787878,0.8801913997922406,0.94585543871516,0.8386132524760664
0.588518300875585,0.950981402993083,0.6518103784918222,0.5982875124108709,0.9167477760127625,0.6537521168228342,0.4925398576707227,0.8131444286558819,0.5623116297689326,0.7135627649117865,0.60520161370176,0.9467275073179648,0.5816581050206698,0.9266892722306574,0.8935908695669664,0.9709376027653515,0.8520475990961388
0.5773655200938613,0.9328523639749855,0.6438952554986004,0.5902430647436913,0.901733818302458,0.6457178029869876,0.4862689546620596,0.8027814150266371,0.5543674236972584,0.7026640178915062,0.5949377462374055,0.9329485745249806,0.5745982906618804,0.9142109003436002,0.8817290438647499,0.9521845829147412,0.8396466637545335
0.5899123984733005,0.9555136627476074,0.6541849153897888,0.601212766108027,0.9223499990389954,0.6569658423571728,0.49619281087965267,0.8181750177962919,0.5664564329367625,0.7196660632431434,0.6096004140436262,0.9547652181138726,0.5844820307641857,0.9289580671192135,0.901279089929514,0.9767979214686672,0.8572146554884744
0.5696979833064261,0.9237878444659366,0.6351886202060564,0.5846119513766657,0.891649816855239,0.6395313813333857,0.4826160014531296,0.7953361430988303,0.5476666585759333,0.6956016298223646,0.5901723792003837,0.9243367415293654,0.5678914670210303,0.9080851541444991,0.8743703186605973,0.9442145494782317,0.8328261493166506
0.5696979833064261,0.9237878444659366,0.6351886202060564,0.5846119513766657,0.891649816855239,0.6395313813333857,0.4826160014531296,0.7953361430988303,0.5476666585759333,0.6956016298223646,0.5901723792003837,0.9243367415293654,0.5678914670210303,0.9080851541444991,0.8743703186605973,0.9442145494782317,0.8328261493166506
0.5759714224961457,0.9305862340977232,0.6399376940019894,0.5891460946072578,0.9040867519734761,0.6461195186787798,0.4866342499829526,0.8048942624656094,0.5564398252811734,0.7065875668188071,0.5956708796277164,0.9329485745249806,0.5724803463542435,0.9176140926764339,0.8870009663990682,0.9557007741367306,0.8375798411975994
0.5794566664904344,0.9339854289136165,0.6431037431992782,0.5917056915922694,0.90778421917079,0.6480477539993831,0.48888690446179267,0.8121383108277999,0.5602392281850176,0.7100751658652967,0.5993365465792716,0.9398380409214727,0.5760102535336382,0.9210172850092677,0.8935908695669664,0.9580449016180569,0.843780308868402
0.5954887888641623,0.9611789874407629,0.6613085260836886,0.6070632735023395,0.9301931112757219,0.665803587576604,0.5028898917626909,0.831254549561358,0.5719828371605359,0.7266412613361227,0.6125329476048703,0.9616546845103646,0.5908358636870963,0.9459740287833827,0.9122622618760107,0.9826582401719829,0.8654819457162114
0.5864271544790117,0.9464491432385587,0.6526018907911444,0.5982875124108709,0.9167477760127625,0.6553589795900034,0.49497515981000934,0.8171688999682098,0.5623116297689326,0.7126908651501641,0.6030022135308268,0.943282774119719,0.5830700678924279,0.9323612594520472,0.8957875039562657,0.9627331565807096,0.8520475990961388
0.5815478128870076,0.9419168834840341,0.6478528169952112,0.5953622587137146,0.9133864421970229,0.6545555482064187,0.49436633427518767,0.8161627821401278,0.5643840313528476,0.7170503639582761,0.606667880482382,0.9501722405162111,0.5837760493283067,0.9312268620077694,0.8957875039562657,0.9697655390246883,0.8561812442100073
0.588518300875585,0.9521144679317142,0.654976427689111,0.6019440795323161,0.921229554433749,0.6585727051243421,0.4980192874841176,0.823205606936702,0.5678380339927059,0.7205379630047658,0.608134147263004,0.9524687293150417,0.5851880122000647,0.935764451784881,0.9045740415134631,0.974453793987341,0.8561812442100073
0.5683038857087107,0.9192555847114122,0.6324974783883609,0.5814673036522227,0.8920979946973376,0.6396920676101027,0.48322482698795133,0.7975496023206107,0.5496699801070511,0.6964735295839871,0.5912720792858502,0.9272073525279039,0.5696564206107276,0.9096733105664883,0.8754686358552469,0.9474963279520885,0.835513018640665
0.5794566664904344,0.9385176886681409,0.6438952554986004,0.5924370050165585,0.910025108381283,0.6513418226720802,0.4913222066010794,0.8100254633888275,0.5588576271290743,0.7092032661036743,0.6008028133598936,0.9375415521226421,0.5760102535336382,0.9221516824535458,0.8891976007883677,0.9627331565807096,0.8458471314253362
0.5683038857087107,0.9181225197727811,0.6337638980672763,0.584246294664521,0.8944509283683555,0.6405758421320458,0.48511218614589846,0.8018759089813634,0.5537457032220839,0.7034487276769664,0.5942046128470945,0.9283555969273191,0.5724803463542435,0.9176140926764339,0.8813995487063551,0.9521845829147412,0.8375798411975994
0.5738802760995726,0.928320104220461,0.6407292063013115,0.5895117513194023,0.9037506185919021,0.6483691265528169,0.49065249851277554,0.8085162866467046,0.5588576271290743,0.7092032661036743,0.5993365465792716,0.9375415521226421,0.579540160713033,0.9255548747863797,0.8913942351776669,0.9603890290993832,0.8448137201468691
0.5717891297029993,0.9249209094045677,0.6383546694033452,0.5894386199769733,0.900501329236687,0.6460391755404215,0.49010455553143606,0.8085162866467046,0.5573378659675365,0.7074594665804295,0.5964040130180275,0.9329485745249806,0.5753042720977594,0.9244204773421015,0.8902959179830173,0.9545287103960675,0.8396466637545335
0.567606836909853,0.9203886496500432,0.6324183271584287,0.5828567991583719,0.89624363973675,0.6417809892074228,0.48492953848545195,0.8015740736329388,0.5556108646476074,0.7048437672955623,0.5949377462374055,0.9283555969273191,0.5703624020466067,0.9130765028993221,0.8859026492044186,0.9533566466554043,0.836546429919132
0.5794566664904344,0.9351184938522477,0.6446867677979224,0.5917056915922694,0.9066637745655431,0.6513418226720802,0.49375750874036606,0.8131444286558819,0.5616208292409609,0.7118189653885416,0.6030022135308268,0.9455792629185497,0.580952123584791,0.9289580671192135,0.8935908695669664,0.9650772840620356,0.8520475990961388
0.5627274953178487,0.9113241301409944,0.6285399168917499,0.5794196260642134,0.8854873715263827,0.6357552538305379,0.48127658527652195,0.7954367548816386,0.5498772202654426,0.6959503897270137,0.5871665323001084,0.9206623594512364,0.5665501022928603,0.9096733105664883,0.8761276261720368,0.9404639455081096,0.8282791396913952
0.5627274953178487,0.9090580002637322,0.6253738676944611,0.5782495245853508,0.8875041718158265,0.6357552538305379,0.480180699313843,0.7945312488363646,0.5513279013741832,0.6981301391310697,0.5872398456391394,0.9197437639317039,0.5650675412775145,0.9038878836006707,0.877775101964011,0.9429252793635022,0.8280724574357018
0.5627274953178487,0.9101910652023634,0.6266402873733766,0.576640635051915,0.8845910158421852,0.6350321655853117,0.4793283435650927,0.7929214603114335,0.547942978787122,0.6956016298223646,0.5859935188756108,0.9183658706524054,0.5662677097185087,0.9060432387447989,0.8714048622350432,0.9399951200118444,0.8271423872850813
0.5641215929155643,0.9124571950796256,0.6270360435230378,0.5782495245853508,0.8884005275000237,0.6357552538305379,0.48133746783000414,0.7930220720942416,0.5495318200014568,0.6989148489165298,0.5920052126761612,0.9231884971299502,0.5666912985800362,0.904228202833954,0.8734916649048775,0.9474963279520885,0.8283824808192419
0.5634245441167066,0.9113241301409944,0.6280650095121566,0.5792002320369266,0.8862716827500552,0.6359159401072548,0.48078952484866466,0.7955373666644466,0.5507061808990087,0.6969966694409605,0.5882662323855751,0.92020306169147,0.5676796725902666,0.9089926720999215,0.8746998138189923,0.9414015965006401,0.8290025275863222
0.5829419104847231,0.9419168834840341,0.6486443292945334,0.5975561989865817,0.9178682206180091,0.6569658423571728,0.49680163641447433,0.82219948910862,0.5678380339927059,0.7205379630047658,0.6088672806533152,0.9547652181138726,0.5873059565077015,0.938033246673437,0.9034757243188132,0.9767979214686672,0.8572146554884744
0.5627274953178487,0.9090580002637322,0.6254530189243934,0.5760555843124837,0.8845910158421852,0.63406804792501,0.4788412831372354,0.7909092246552694,0.5471830982063531,0.6940322102514443,0.5885594857416994,0.9231884971299502,0.5636555784057566,0.8988965348458478,0.8694278912846737,0.9431596921116349,0.8259022937509207
0.559939300122418,0.9053188859662495,0.6229993307964946,0.5751048768609079,0.8832464823158895,0.6326218714345577,0.4770756890862525,0.7895006596959546,0.5482883790511078,0.6965607195601493,0.5878996656904195,0.9181362217725226,0.5617494285288834,0.8984427758681366,0.872063852551833,0.9437457239819664,0.8239388123218332
0.5530385170137263,0.8939882365799386,0.6182502570005614,0.5710826530273182,0.8754033700791632,0.6286850576549928,0.475066564821341,0.7868847533429414,0.544212655936075,0.6909805610857658,0.5878996656904195,0.9207771838911778,0.5662677097185087,0.9057029195115154,0.8752489724163168,0.9463242642114253,0.8294158920977089
0.5530385170137263,0.8939882365799386,0.6182502570005614,0.5710826530273182,0.8754033700791632,0.6286850576549928,0.475066564821341,0.7868847533429414,0.544212655936075,0.6909805610857658,0.5878996656904195,0.9207771838911778,0.5662677097185087,0.9057029195115154,0.8752489724163168,0.9463242642114253,0.8294158920977089
0.5530385170137263,0.8939882365799386,0.6182502570005614,0.5710826530273182,0.8754033700791632,0.6286850576549928,0.475066564821341,0.7868847533429414,0.544212655936075,0.6909805610857658,0.5878996656904195,0.9207771838911778,0.5662677097185087,0.9057029195115154,0.8752489724163168,0.9463242642114253,0.8294158920977089
0.559939300122418,0.9054321924601128,0.6228410283366301,0.5769331604216306,0.8852632826053332,0.6349518224469531,0.4796327563325035,0.7956379784472549,0.5511206612157917,0.697868569202583,0.5901723792003837,0.9213513060908857,0.5661265134313329,0.9064969977225099,0.877775101964011,0.9423392474931707,0.8291058687141687
0.562030446518991,0.9090580002637322,0.6276692533624957,0.5790539693520688,0.8876162162763511,0.6387279499498011,0.4831639444344691,0.7975496023206107,0.5507752609518058,0.7010945983205857,0.5942046128470945,0.9318003301255654,0.5731863277901224,0.9142109003436002,0.8774456068056165,0.9498404554334148,0.8386132524760664
0.5514353047763536,0.8907023482579085,0.6139760905842216,0.5688155814120222,0.8737227031712933,0.6260337340891635,0.4738489137516977,0.7865829179945167,0.5434527753553062,0.6883648618008986,0.5822545385850244,0.9112467553760302,0.5596314842212465,0.897648697657142,0.8667919300175143,0.9306186100865391,0.8190817793130377
0.5954887888641623,0.9611789874407629,0.6581424768863998,0.6026753929566051,0.9245908882494889,0.6577692737407574,0.49497515981000934,0.8161627821401278,0.5616208292409609,0.7135627649117865,0.60520161370176,0.9467275073179648,0.580952123584791,0.9255548747863797,0.8957875039562657,0.967421411543362,0.8510141878176717
0.6066415696458861,0.9793080264588605,0.6692236490769105,0.6136450943209408,0.9413975573281878,0.6706241758781119,0.5034987172975126,0.8302484317332761,0.5740552387444509,0.7275131610977451,0.6147323477758033,0.9662476621080262,0.5908358636870963,0.9437052338948267,0.9122622618760107,0.9850023676533092,0.8675487682731455
0.591306496071016,0.9555136627476074,0.654976427689111,0.600481452683738,0.9178682206180091,0.6537521168228342,0.49375750874036606,0.8121383108277999,0.5595484276570459,0.7083313663420521,0.5964040130180275,0.9352450633238113,0.5774222164053961,0.9278236696749356,0.8913942351776669,0.9580449016180569,0.843780308868402
0.59618583766302,0.962312052379394,0.6597255014850442,0.6048693332294722,0.9234704436442419,0.6601795678915113,0.49619281087965267,0.819181135624374,0.5636932308248759,0.7135627649117865,0.6000696799695826,0.9421345297203036,0.5802461421489119,0.9323612594520472,0.8957875039562657,0.9627331565807096,0.8499807765392047
0.6031563256515974,0.9747757667043362,0.6668491121789439,0.6121824674723627,0.9380362235124479,0.6674104503437732,0.5022810662278693,0.828236196077112,0.5712920366325642,0.7257693615745003,0.6117998142145592,0.9605064401109493,0.5894239008153385,0.939167644117715,0.9100656274867115,0.9838303039126461,0.8644485344377444
0.5836389592835808,0.9441830133612964,0.6470613046958892,0.5931683184408475,0.9066637745655431,0.6467622637856476,0.48718219296429205,0.80318386215787,0.5535384630636925,0.7020536880583705,0.5927383460664722,0.9306520857261501,0.5717743649183645,0.9142109003436002,0.8796422411949156,0.9474963279520885,0.8375798411975994
0.580153715289292,0.9362515587908787,0.641520718600634,0.588926700579971,0.9049831076576734,0.6453964304335537,0.4863298372155418,0.8018759089813634,0.5537457032220839,0.6996123687258279,0.591125452607788,0.9272073525279039,0.5703624020466067,0.910921147755194,0.8824978659010047,0.9463242642114253,0.8344796073621978
0.5933976424675891,0.9577797926248697,0.6581424768863998,0.601212766108027,0.921229554433749,0.6593761365079267,0.4980192874841176,0.819181135624374,0.5623116297689326,0.7118189653885416,0.6037353469211377,0.9478757517173805,0.5844820307641857,0.9334956568963253,0.8935908695669664,0.967421411543362,0.8541144216530732
0.5794566664904344,0.9362515587908787,0.6431037431992782,0.5902430647436913,0.9038626630524266,0.644753685326686,0.4862689546620596,0.8033850857234863,0.5538838633276782,0.7010074083444237,0.5899524391832903,0.9250256881690146,0.5681738595953819,0.9142109003436002,0.8828273610593996,0.9451522004707623,0.8324127848052638
0.5836389592835808,0.9407838185454032,0.6454782800972448,0.5938996318651365,0.9111455529865295,0.6492529010747601,0.4898610253175074,0.8077113923842391,0.5580977465483055,0.7065875668188071,0.5942046128470945,0.9318003301255654,0.5717743649183645,0.9164796952321561,0.8880992835937181,0.9521845829147412,0.8375798411975994
0.5829419104847231,0.939650753606772,0.646269792396567,0.5953622587137146,0.9066637745655431,0.6478067245843077,0.49010455553143606,0.8059003802936913,0.5565779853867677,0.7033615377008041,0.5934714794567832,0.9283555969273191,0.5724803463542435,0.9187484901207118,0.884804332009769,0.9498404554334148,0.836546429919132
0.5406310483940586,0.8754059715863884,0.6069316311202543,0.5557250711172482,0.8559076339478724,0.6185618222218263,0.47068302097062514,0.7790370342839016,0.5336434078581087,0.6729322360201818,0.567665184117835,0.8918414250259106,0.554619016026506,0.8918632706913245,0.8539416188401135,0.9092870500064699,0.8085409842726734
0.5822448616858654,0.9441830133612964,0.646269792396567,0.5931683184408475,0.9111455529865295,0.6513418226720802,0.4925398576707227,0.8131444286558819,0.5609300287129892,0.7118189653885416,0.6022690801405158,0.943282774119719,0.5760102535336382,0.9232860798978237,0.8935908695669664,0.966249347802699,0.843780308868402
0.5738802760995726,0.92718703928183,0.6375631571040229,0.5873909423889639,0.8980363511051445,0.6419416754841397,0.4854774814667915,0.8035863092891027,0.5535384630636925,0.7025768279153439,0.5907588859126326,0.9243367415293654,0.5676090744466787,0.9130765028993221,0.8827175293399347,0.9486683916927517,0.8331361727001907
0.5731832273007148,0.928320104220461,0.6367716448047006,0.58497760808881,0.8979243066446198,0.6420220186224982,0.4849904210389341,0.8009704029360896,0.5523641021661406,0.7003970785112879,0.5927383460664722,0.9272073525279039,0.5684562521697335,0.908652352866638,0.8783242605613361,0.9498404554334148,0.8344796073621978
0.5696979833064261,0.9215217145886744,0.6324974783883609,0.5833687185553742,0.8934425282236336,0.6367193714908393,0.48145923293696846,0.7959398137956795,0.5493245798430653,0.6964735295839871,0.5871665323001084,0.9205475350112947,0.5633731858314049,0.904228202833954,0.8755784675747118,0.9410499773784412,0.8234221066825997
0.5947917400653047,0.9611789874407629,0.6597255014850442,0.6070632735023395,0.929072666670475,0.6641967248094346,0.5022810662278693,0.8302484317332761,0.5726736376885074,0.7248974618128778,0.6117998142145592,0.9582099513121185,0.5873059565077015,0.9437052338948267,0.9089673102920616,0.9791420489499936,0.8613483006023429
0.564818641714422,0.9158563898955189,0.6273526484427666,0.5780301305580642,0.8879523496579251,0.6367997146291979,0.48005893420687873,0.7931226838770499,0.5461468974143957,0.6929859305374975,0.5889993657758861,0.9233033215698916,0.5657735227133934,0.9022997271786817,0.8683295740900241,0.9408155646303086,0.8296225743534025
0.5710920809041417,0.9260539743431987,0.6341596542169375,0.5847582140615234,0.8985965734077677,0.6437895676663845,0.48529483380634497,0.800165508673624,0.5532621428525039,0.7015305482013972,0.5942046128470945,0.9283555969273191,0.5696564206107276,0.9114883464773329,0.8795324094754507,0.9498404554334148,0.8344796073621978
0.5683038857087107,0.9192555847114122,0.6310727562495809,0.5814673036522227,0.8924341280789115,0.6388082930881596,0.4828595316670583,0.797247766972186,0.5500844604238342,0.7000483186066391,0.591125452607788,0.9244515659693068,0.5672560837287393,0.9079717144000714,0.8764571213304317,0.9463242642114253,0.8306559856318696
0.5683038857087107,0.9181225197727811,0.6319434197788354,0.5815404349946516,0.891649816855239,0.6388082930881596,0.48279864911357606,0.7974489905378024,0.548357459103905,0.6962119596555004,0.5873131589781705,0.9223847260503595,0.568738644744085,0.908652352866638,0.872063852551833,0.9402295327599771,0.830449303376176
0.5892153496744427,0.9521144679317142,0.6557679399884332,0.6026753929566051,0.9223499990389954,0.6617864306586807,0.5004545896234043,0.8242117247647841,0.5671472334647342,0.7196660632431434,0.6096004140436262,0.9524687293150417,0.5865999750718226,0.938033246673437,0.9034757243188132,0.975625857728004,0.8582480667669417
0.5696979833064261,0.9203886496500432,0.6318642685489032,0.581101646940078,0.8950111506709786,0.6397724107484611,0.48279864911357606,0.7968453198409533,0.5511206612157917,0.6983917090595564,0.5884128590636372,0.9215809549707684,0.5673266818723272,0.9069507567002213,0.8778849336834762,0.9431596921116349,0.8306559856318696
0.5822448616858654,0.9385176886681409,0.6478528169952112,0.5953622587137146,0.9133864421970229,0.6545555482064187,0.49436633427518767,0.8161627821401278,0.5623116297689326,0.7118189653885416,0.5993365465792716,0.9398380409214727,0.579540160713033,0.9312268620077694,0.8957875039562657,0.9603890290993832,0.8479139539822705
0.5564540561281293,0.8990870288037787,0.6197541303692737,0.5713751783970338,0.8764117702238852,0.6278012831330497,0.47500568226785883,0.7877902593882152,0.5444889761472637,0.6877545319677629,0.5852603854852998,0.9167583284932241,0.5635849802621686,0.9035475643673874,0.8767866164888265,0.936478928789855,0.8260056348787675
0.5641215929155643,0.9124571950796256,0.6292522779611399,0.5801509394885024,0.888960749802647,0.6374424597360656,0.48365100486232643,0.8008697911532813,0.5538147832748811,0.7010945983205857,0.5907588859126326,0.9236477948897162,0.5675384763030908,0.9130765028993221,0.8832666879372594,0.9452694068448285,0.8294158920977089
0.5773655200938613,0.9328523639749855,0.6438952554986004,0.5938996318651365,0.90778421917079,0.6497349599049108,0.49314868320554434,0.8161627821401278,0.5636932308248759,0.7135627649117865,0.6015359467502047,0.943282774119719,0.579540160713033,0.9278236696749356,0.8990824555402148,0.9650772840620356,0.8489473652607377
0.5683038857087107,0.9181225197727811,0.6342388054468697,0.582052354391654,0.8918739057762881,0.6410579009621966,0.4854774814667915,0.8005679558048567,0.5532621428525039,0.7017049281537215,0.5942046128470945,0.9295038413267345,0.5703624020466067,0.9130765028993221,0.8817290438647499,0.951012519174078,0.8344796073621978
0.5759714224961457,0.9317192990363542,0.641520718600634,0.5917056915922694,0.9045349298155746,0.6513418226720802,0.49314868320554434,0.8151566643120459,0.5616208292409609,0.7109470656269192,0.6015359467502047,0.9421345297203036,0.5788341792771541,0.9278236696749356,0.8957875039562657,0.9650772840620356,0.8458471314253362
0.5585452025247024,0.9018063846564932,0.6204664914386635,0.5710095216848893,0.8764117702238852,0.6285243713782759,0.4771365716397347,0.7879914829538316,0.5434527753553062,0.6900214713479812,0.5822545385850244,0.9117060531357966,0.5580783250623128,0.8959471014907251,0.8676705837732342,0.9336659758122634,0.8170149567561037
0.5717891297029993,0.9226547795273055,0.6383546694033452,0.5846119513766657,0.8971399954209471,0.6450750578801199,0.4898001427640252,0.8059003802936913,0.5539529433804755,0.7046693873432379,0.5956708796277164,0.9329485745249806,0.5738923092260014,0.9210172850092677,0.8829371927788647,0.9545287103960675,0.8417134863114677
0.5592422513235601,0.9023729171258088,0.6214954574277826,0.5735691186699009,0.8792128817370017,0.6306132929755961,0.4778062797280385,0.7898024950443792,0.5431764551441175,0.6889751916340343,0.5821812252459934,0.9121653508955626,0.5598432786520102,0.902072847689826,0.868878732687349,0.9326111184456665,0.8184617325459574
0.5541537950918987,0.895347914506296,0.6164297787121205,0.5688887127544511,0.8747311033160152,0.6259533909508052,0.4734227358773226,0.7808480463744493,0.5413803737713913,0.6864466823253292,0.5785155582944382,0.9048165867393045,0.5563133714726154,0.8895944758027686,0.8632773149946356,0.9262819742460857,0.8149481341991692
0.5892153496744427,0.9498483380544519,0.6533934030904668,0.5990188258351599,0.9167477760127625,0.6521452540556648,0.491931032135901,0.8073089452530061,0.5556108646476074,0.7033615377008041,0.5978702797986496,0.9386897965220574,0.5788341792771541,0.9221516824535458,0.8870009663990682,0.9545287103960675,0.8468805427038032
0.6038533744504551,0.972509636827074,0.6684321367775882,0.6121824674723627,0.9335544450914613,0.6666070189601886,0.5028898917626909,0.8292423139051941,0.5692196350486491,0.7205379630047658,0.6096004140436262,0.9570617069127032,0.5901298822512173,0.9437052338948267,0.907868993097412,0.974453793987341,0.8644485344377444
0.5864271544790117,0.9453160782999275,0.6510188661925,0.5953622587137146,0.9111455529865295,0.649574273628194,0.4887042568013462,0.8071077216873898,0.5540220234332727,0.7024896379391817,0.5949377462374055,0.9329485745249806,0.5738923092260014,0.9176140926764339,0.884804332009769,0.951012519174078,0.8427468975899349
0.5822448616858654,0.9407838185454032,0.6454782800972448,0.5909743781679804,0.9049831076576734,0.6446733421883276,0.48718219296429205,0.8021777443297878,0.5507061808990087,0.6997867486781523,0.5942046128470945,0.9295038413267345,0.5696564206107276,0.9114883464773329,0.8787635874391958,0.9521845829147412,0.8344796073621978
0.6066415696458861,0.9770418965815982,0.6731812105735214,0.615839034593808,0.9402771127229409,0.6706241758781119,0.5053251939019776,0.8332667852175221,0.5740552387444509,0.7266412613361227,0.6139992143854923,0.96280292890978,0.5922478265588541,0.9471084262276606,0.9155572134599597,0.9838303039126461,0.8675487682731455
0.5947917400653047,0.9566467276862385,0.6597255014850442,0.6034067063808942,0.9223499990389954,0.6569658423571728,0.495583985344831,0.819181135624374,0.5630024302969042,0.7100751658652967,0.6000696799695826,0.9409862853208881,0.580952123584791,0.9300924645634913,0.8968858211509153,0.9603890290993832,0.8499807765392047
0.5773655200938613,0.9351184938522477,0.641520718600634,0.5885610438678265,0.9003892847761625,0.6436288813896675,0.48462512571804117,0.7990587790627338,0.548771939420688,0.6967350995124737,0.5934714794567832,0.9306520857261501,0.5703624020466067,0.9104673887774829,0.8750293089773868,0.9474963279520885,0.8375798411975994
0.58085076408815,0.9373846237295097,0.642312230899956,0.5902430647436913,0.9049831076576734,0.6462802049554968,0.48639071976902387,0.8015740736329388,0.5530549026941124,0.7024896379391817,0.5949377462374055,0.9306520857261501,0.5696564206107276,0.9106942682663384,0.8820585390231449,0.9521845829147412,0.836546429919132
0.5787596176915767,0.9328523639749855,0.642312230899956,0.5924370050165585,0.902406085065606,0.6425040774526489,0.48511218614589846,0.802680803243829,0.5530549026941124,0.6995251787496655,0.5912720792858502,0.9260591081284886,0.568809242887673,0.9130765028993221,0.8816192121452852,0.9474963279520885,0.8329294904444972
0.5829419104847231,0.939650753606772,0.6478528169952112,0.5924370050165585,0.9066637745655431,0.6470032932007229,0.48748660573170294,0.805196097814034,0.5531930627997067,0.701879308106046,0.5956708796277164,0.9306520857261501,0.5731863277901224,0.9130765028993221,0.8812897169868902,0.951012519174078,0.8417134863114677
0.5927005936687314,0.9555136627476074,0.6565594522877554,0.601212766108027,0.921229554433749,0.6569658423571728,0.495583985344831,0.8181750177962919,0.5630024302969042,0.7144346646734088,0.6037353469211377,0.9478757517173805,0.5823640864565489,0.9289580671192135,0.8968858211509153,0.9685934752840253,0.8530810103746062
0.580153715289292,0.9362515587908787,0.6446867677979224,0.5938996318651365,0.902518129526131,0.6452357441568367,0.4881563138200068,0.8030832503750618,0.5538147832748811,0.7005714584636125,0.5920052126761612,0.9260591081284886,0.5703624020466067,0.9176140926764339,0.8827175293399347,0.9474963279520885,0.8334461960837308
0.5878212520767273,0.9475822081771896,0.6518103784918222,0.5990188258351599,0.9167477760127625,0.6537521168228342,0.49375750874036606,0.8161627821401278,0.5616208292409609,0.7109470656269192,0.6000696799695826,0.9398380409214727,0.5788341792771541,0.9312268620077694,0.8968858211509153,0.9603890290993832,0.8499807765392047
0.5864271544790117,0.9464491432385587,0.6510188661925,0.5990188258351599,0.9167477760127625,0.6529486854392496,0.49375750874036606,0.814150546483964,0.5602392281850176,0.7083313663420521,0.5993365465792716,0.9409862853208881,0.5788341792771541,0.9278236696749356,0.8924925523723165,0.9592169653587199,0.8479139539822705
0.572486178501857,0.9260539743431987,0.6367716448047006,0.5849044767463812,0.8979243066446198,0.6431468225595167,0.4839554176297373,0.7978514376690353,0.5507752609518058,0.7003098885351258,0.5920052126761612,0.9260591081284886,0.5678914670210303,0.9094464310776327,0.8796422411949156,0.9463242642114253,0.8344796073621978
0.5773655200938613,0.9328523639749855,0.641520718600634,0.5902430647436913,0.9036385741313775,0.6450750578801199,0.4879736661595602,0.8059003802936913,0.5543674236972584,0.7030127777961552,0.5942046128470945,0.9306520857261501,0.5717743649183645,0.9187484901207118,0.8859026492044186,0.951012519174078,0.836546429919132
0.5745773248984304,0.92718703928183,0.6391461817026672,0.5881953871556819,0.898148395565669,0.6431468225595167,0.4868168976433991,0.8018759089813634,0.5506371008462114,0.7001355085828012,0.5920052126761612,0.9258294592486054,0.5717743649183645,0.9164796952321561,0.8796422411949156,0.9474963279520885,0.8344796073621978
0.5920035448698737,0.9555136627476074,0.6565594522877554,0.6041380198051832,0.9245908882494889,0.6617864306586807,0.49984576408858267,0.8242117247647841,0.5671472334647342,0.7222817625280107,0.6117998142145592,0.9559134625132878,0.5858939936359436,0.9368988492291591,0.9056723587081127,0.9779699852093304,0.8582480667669417
0.5745773248984304,0.9260539743431987,0.6383546694033452,0.5873178110465351,0.8993808846314405,0.6419416754841397,0.48529483380634497,0.8009704029360896,0.5532621428525039,0.6990020388926921,0.5888527390978238,0.9249108637290733,0.568738644744085,0.9113749067329053,0.8815093804258199,0.9440973431041655,0.8330328315723438
0.5738802760995726,0.92718703928183,0.6375631571040229,0.5869521543343906,0.9002772403156376,0.6429057931444414,0.4852339512528628,0.8020771325469798,0.5527785824829237,0.7010945983205857,0.5909055125906947,0.9255998103687222,0.568738644744085,0.9111480272440496,0.8821683707426098,0.9486683916927517,0.8344796073621978
0.5745773248984304,0.9294531691590922,0.6375631571040229,0.5867327603071039,0.9000531513945884,0.644753685326686,0.4854774814667915,0.8010710147188976,0.5521568620077492,0.7001355085828012,0.5934714794567832,0.9295038413267345,0.5696564206107276,0.9112614669884774,0.8783242605613361,0.9498404554334148,0.8344796073621978
0.5864271544790117,0.9464491432385587,0.6526018907911444,0.5990188258351599,0.9178682206180091,0.6569658423571728,0.49680163641447433,0.819181135624374,0.5623116297689326,0.7126908651501641,0.605934747092071,0.9513204849156264,0.5844820307641857,0.9334956568963253,0.8935908695669664,0.967421411543362,0.8551478329315403
0.5864271544790117,0.9464491432385587,0.6510188661925,0.599750139259449,0.918988665223256,0.6561624109735881,0.495583985344831,0.819181135624374,0.5643840313528476,0.7153065644350313,0.60520161370176,0.9455792629185497,0.5802461421489119,0.9289580671192135,0.8979841383455649,0.9685934752840253,0.8499807765392047
0.5655156905132798,0.9113241301409944,0.6305186976400554,0.5801509394885024,0.8885125719605486,0.6351928518620286,0.48218982357875445,0.7965434844925288,0.5492554997902681,0.694293780179931,0.5841606853998332,0.9167583284932241,0.5646439524159871,0.9068373169557934,0.8810700535479601,0.9372993734083193,0.825488929239534
0.570395032105284,0.9215217145886744,0.6359801325053784,0.5843194260069501,0.8970279509604225,0.641298930377272,0.4860254244481309,0.8025801914610208,0.55457466385565,0.7003970785112879,0.5881196057075128,0.9235329704497748,0.5683856540261456,0.915345297787878,0.8880992835937181,0.9426908666153696,0.8325161259331104
0.5655156905132798,0.9147233249568877,0.6301229414903942,0.57898083800964,0.8891848387236966,0.6368800577675564,0.48139835038348633,0.7946318606191728,0.547528498470339,0.693596260370633,0.5899524391832903,0.9260591081284886,0.5680326633082061,0.9058163592559432,0.8778849336834762,0.9440973431041655,0.832722808188804
0.5745773248984304,0.92718703928183,0.6383546694033452,0.5909743781679804,0.9034144852103281,0.6467622637856476,0.4894348474431322,0.8081138395154718,0.5588576271290743,0.7074594665804295,0.5964040130180275,0.9329485745249806,0.5738923092260014,0.9210172850092677,0.8891976007883677,0.9557007741367306,0.8406800750330006
0.567606836909853,0.91698945483415,0.6330515369978863,0.582710536473514,0.8927702614604855,0.6377638322894995,0.48218982357875445,0.7967447080581451,0.551673301638169,0.6980429491549074,0.5881929190465438,0.9212364816509439,0.5661971115749208,0.9093329913332048,0.8795324094754507,0.9402295327599771,0.8297259154812491
0.5752743736972881,0.9294531691590922,0.6407292063013115,0.5895117513194023,0.9066637745655431,0.6477263814459492,0.48998279042447174,0.809220569126362,0.5581668266011026,0.7083313663420521,0.5993365465792716,0.9375415521226421,0.5738923092260014,0.9232860798978237,0.8913942351776669,0.9592169653587199,0.8417134863114677
0.5696979833064261,0.9203886496500432,0.6341596542169375,0.5841000319796633,0.8933304837631086,0.6403348127169703,0.4849904210389341,0.8003667322392404,0.5513279013741832,0.6974326193217718,0.5912720792858502,0.9230736726900084,0.568809242887673,0.9130765028993221,0.8784340922808008,0.945034994096696,0.8310693501432562
0.5655156905132798,0.9181225197727811,0.6323391759284963,0.5808822529127914,0.8894089276447457,0.6372817734593487,0.48279864911357606,0.795738590230063,0.5487028593678908,0.6951656799415534,0.5904656325565081,0.9241070926494823,0.567397280015915,0.9059297990003711,0.8732720014659474,0.9423392474931707,0.8300359388647892
0.5787596176915767,0.9339854289136165,0.6431037431992782,0.5931683184408475,0.910025108381283,0.6505383912884954,0.4925398576707227,0.8111321929997177,0.5602392281850176,0.7109470656269192,0.6015359467502047,0.9409862853208881,0.5774222164053961,0.9255548747863797,0.894689186761616,0.9627331565807096,0.8448137201468691
0.5627274953178487,0.9124571950796256,0.6264028336835799,0.5778107365307775,0.8859355493684812,0.6353535381387455,0.47981540399295,0.7920159542661596,0.5463541375727873,0.6947297300607422,0.5867266522659218,0.9184806950923472,0.5631613914006414,0.9043416425783819,0.8734916649048775,0.9403467391340432,0.8270390461572347
0.5717891297029993,0.9226547795273055,0.6375631571040229,0.5869521543343906,0.8989327067893417,0.6443519696348936,0.48724307551777424,0.8064034392077323,0.5547819040140415,0.7016177381775593,0.5927383460664722,0.9295038413267345,0.5731863277901224,0.9198828875649899,0.8870009663990682,0.9498404554334148,0.8375798411975994
0.5613333977201334,0.9075850158435118,0.6245032041652069,0.5756167962579103,0.8833585267764141,0.6316577537742561,0.47817157504893154,0.7905067775240366,0.5462159774671929,0.6915037009427393,0.5837208053656465,0.9144618396943932,0.5611140452365924,0.897648697657142,0.8699770498819986,0.9368305479120539,0.8210452607421252
0.5641215929155643,0.9090580002637322,0.6298063365706653,0.5795658887490712,0.8866078161316292,0.6372014303209902,0.48005893420687873,0.7925190131802006,0.5482883790511078,0.6925499806566863,0.5854803255023929,0.9189399928521133,0.5671854855851514,0.9070641964446489,0.8719540208323681,0.9370649606601865,0.8300359388647892
0.5578481537258447,0.9007866262117252,0.6221286672672401,0.5721796231637517,0.8787647038949031,0.6302919204221622,0.476893041425806,0.7870859769085577,0.5413112937185941,0.6879289119200874,0.5810815251605268,0.9184806950923472,0.5623142136775866,0.9013922092232591,0.8639363053114254,0.9385886435230486,0.8282791396913952
0.564818641714422,0.9113241301409944,0.6271943459829024,0.5780301305580642,0.8877282607368757,0.6372817734593487,0.482007175918308,0.7964428727097205,0.5466304577839759,0.6922012207520372,0.5870199056220462,0.9185955195322887,0.5676796725902666,0.9113749067329053,0.8731621697464826,0.9388230562711812,0.8300359388647892
0.570395032105284,0.9215217145886744,0.6351886202060564,0.5856357901706702,0.8984845289472431,0.6423433911759321,0.487547488285185,0.8064034392077323,0.556232585122782,0.7043206274385888,0.5949377462374055,0.9318003301255654,0.5696564206107276,0.9176140926764339,0.8859026492044186,0.951012519174078,0.836546429919132
0.5568722854074438,0.900560013223999,0.6210997012781213,0.5717408351091783,0.8786526594343783,0.6286850576549928,0.4767712763188417,0.7864823062117087,0.5411040535602026,0.6861851123968425,0.582034598567931,0.9134284197349197,0.5605492600878892,0.8943589450687359,0.8636068101530304,0.9302669909643402,0.8222853542762858
0.5641215929155643,0.9113241301409944,0.6303603951801909,0.5797852827763579,0.8894089276447457,0.6392903519183103,0.48340747464839784,0.7980526612346517,0.5485646992622965,0.6951656799415534,0.589072679114917,0.9249108637290733,0.5703624020466067,0.9118286657106164,0.8760177944525716,0.9440973431041655,0.835513018640665
0.555896417089043,0.8969342054203795,0.6173795934713071,0.5694737634938823,0.8764117702238852,0.6285243713782759,0.4737880311982156,0.7823572231165722,0.5430382950385232,0.6858363524921935,0.5791020650066872,0.9069982510981937,0.5582195213494887,0.8912960719691856,0.8642658004698203,0.9265163869942182,0.818668414801651
0.5927005936687314,0.9566467276862385,0.6565594522877554,0.601212766108027,0.921229554433749,0.6553589795900034,0.4925398576707227,0.8131444286558819,0.5595484276570459,0.7083313663420521,0.5964040130180275,0.9363933077232269,0.5767162349695172,0.9221516824535458,0.8924925523723165,0.9580449016180569,0.8448137201468691
0.6052474720481706,0.9827072212747537,0.6810963335667433,0.6216895419881204,0.9469997803544208,0.6794619210975431,0.5162840535287674,0.8523830239510803,0.5844172466640257,0.733616459429102,0.6139992143854923,0.9616546845103646,0.6014255852252806,0.9720651700017755,0.9298353369904052,0.9826582401719829,0.8747826472224156
0.5982769840595934,0.972509636827074,0.671598185974877,0.6129137808966518,0.9346748896967079,0.6714276072616966,0.5101957981805507,0.8423218456702602,0.5768184408563375,0.7257693615745003,0.608134147263004,0.9513204849156264,0.594365770866491,0.9595867981147181,0.9188521650439085,0.9709376027653515,0.8654819457162114
0.5822448616858654,0.9453160782999275,0.6526018907911444,0.5960935721380037,0.9089046637760365,0.6529486854392496,0.49497515981000934,0.8181750177962919,0.5609300287129892,0.7074594665804295,0.5892193057929793,0.9238774437695995,0.5745982906618804,0.9300924645634913,0.8935908695669664,0.945034994096696,0.8375798411975994
0.5822448616858654,0.9430499484226653,0.6510188661925,0.5946309452894256,0.910025108381283,0.6521452540556648,0.495583985344831,0.8171688999682098,0.5595484276570459,0.7057156670571847,0.5912720792858502,0.9247960392891315,0.5760102535336382,0.9323612594520472,0.8924925523723165,0.9459726450892264,0.8396466637545335
0.5829419104847231,0.9464491432385587,0.6526018907911444,0.5960935721380037,0.910025108381283,0.6529486854392496,0.49680163641447433,0.819181135624374,0.5616208292409609,0.7083313663420521,0.5920052126761612,0.9255998103687222,0.5745982906618804,0.9312268620077694,0.8957875039562657,0.9486683916927517,0.8375798411975994
0.5710920809041417,0.92718703928183,0.6399376940019894,0.5835881125826609,0.8929943503815347,0.6406561852704042,0.48608630700161315,0.8032844739406781,0.5516042215853718,0.693945020275282,0.580495018448278,0.9079168466177256,0.5651381394211024,0.9119421054550442,0.878543924000266,0.9296809590940087,0.8252822469838405
0.5759714224961457,0.9362515587908787,0.6446867677979224,0.5895117513194023,0.901733818302458,0.645958832402063,0.49126132404759715,0.8121383108277999,0.5564398252811734,0.7009202183682613,0.5858468921975485,0.9167583284932241,0.5710683834824856,0.9232860798978237,0.8880992835937181,0.9392918817674466,0.829829256609096
0.5822448616858654,0.9441830133612964,0.6541849153897888,0.5960935721380037,0.910025108381283,0.6521452540556648,0.49680163641447433,0.8181750177962919,0.5602392281850176,0.7057156670571847,0.5912720792858502,0.9249108637290733,0.5745982906618804,0.9300924645634913,0.8924925523723165,0.9486683916927517,0.8396466637545335
0.5843360080824387,0.9521144679317142,0.658933989185722,0.601212766108027,0.9178682206180091,0.6577692737407574,0.5016722406930476,0.82723007824903,0.5657656324087909,0.7126908651501641,0.5971371464083385,0.9340968189243959,0.5823640864565489,0.9425708364505488,0.9034757243188132,0.9521845829147412,0.8499807765392047
0.5871242032778694,0.9532475328703451,0.6613085260836886,0.6019440795323161,0.918988665223256,0.6601795678915113,0.5016722406930476,0.8262239604209479,0.5671472334647342,0.7135627649117865,0.5978702797986496,0.9363933077232269,0.5830700678924279,0.9414364390062707,0.9045740415134631,0.9580449016180569,0.8479139539822705
0.58085076408815,0.9441830133612964,0.6526018907911444,0.5968248855622927,0.9111455529865295,0.6537521168228342,0.495583985344831,0.8201872534524559,0.5609300287129892,0.7065875668188071,0.590392319217477,0.9254849859287807,0.5753042720977594,0.9300924645634913,0.8935908695669664,0.9455038195929614,0.8386132524760664
0.5871242032778694,0.950981402993083,0.6581424768863998,0.6026753929566051,0.9201091098285025,0.6625898620422653,0.5034987172975126,0.831254549561358,0.5685288345206776,0.7179222637198985,0.6000696799695826,0.9398380409214727,0.5851880122000647,0.9482428236719386,0.9089673102920616,0.9627331565807096,0.8541144216530732
0.5864271544790117,0.9543805978089762,0.658933989185722,0.599750139259449,0.918988665223256,0.6601795678915113,0.5010634151582259,0.82723007824903,0.5671472334647342,0.7144346646734088,0.5971371464083385,0.9386897965220574,0.5837760493283067,0.9403020415619929,0.9056723587081127,0.9568728378773937,0.8510141878176717
0.5871242032778694,0.9543805978089762,0.6597255014850442,0.6034067063808942,0.9201091098285025,0.6585727051243421,0.5016722406930476,0.8292423139051941,0.5685288345206776,0.7144346646734088,0.5971371464083385,0.9375415521226421,0.5830700678924279,0.9437052338948267,0.9045740415134631,0.9568728378773937,0.8510141878176717
0.5871242032778694,0.9543805978089762,0.6597255014850442,0.6034067063808942,0.9201091098285025,0.6585727051243421,0.5016722406930476,0.8292423139051941,0.5685288345206776,0.7144346646734088,0.5971371464083385,0.9375415521226421,0.5830700678924279,0.9437052338948267,0.9045740415134631,0.9568728378773937,0.8510141878176717
0.5850330568812964,0.9498483380544519,0.6565594522877554,0.6019440795323161,0.9167477760127625,0.6585727051243421,0.5016722406930476,0.8262239604209479,0.5650748318808192,0.7118189653885416,0.5986034131889606,0.9363933077232269,0.5816581050206698,0.9414364390062707,0.9034757243188132,0.9592169653587199,0.8499807765392047
0.5843360080824387,0.9475822081771896,0.6565594522877554,0.599750139259449,0.9167477760127625,0.6585727051243421,0.49923693855376094,0.825217842592866,0.5657656324087909,0.7109470656269192,0.5971371464083385,0.9352450633238113,0.5816581050206698,0.9403020415619929,0.9056723587081127,0.9557007741367306,0.8479139539822705
0.58085076408815,0.9464491432385587,0.6533934030904668,0.5968248855622927,0.9133864421970229,0.6561624109735881,0.4980192874841176,0.823205606936702,0.5643840313528476,0.7126908651501641,0.5934714794567832,0.9295038413267345,0.5788341792771541,0.9368988492291591,0.9023774071241636,0.9521845829147412,0.8427468975899349
0.58085076408815,0.9419168834840341,0.6518103784918222,0.5953622587137146,0.9111455529865295,0.6521452540556648,0.49680163641447433,0.8201872534524559,0.5630024302969042,0.7074594665804295,0.5920052126761612,0.9295038413267345,0.5781281978412751,0.9334956568963253,0.8979841383455649,0.9474963279520885,0.8427468975899349
0.5766684712950034,0.9373846237295097,0.6486443292945334,0.5924370050165585,0.9066637745655431,0.6497349599049108,0.49375750874036606,0.8161627821401278,0.5595484276570459,0.7048437672955623,0.5887061124197617,0.9236477948897162,0.5745982906618804,0.9278236696749356,0.8924925523723165,0.9445661686004306,0.8375798411975994
0.5766684712950034,0.9362515587908787,0.6478528169952112,0.5924370050165585,0.9047590187366241,0.6488511853829677,0.49436633427518767,0.8131444286558819,0.5581668266011026,0.7048437672955623,0.5892926191320104,0.922499550490301,0.5731863277901224,0.9255548747863797,0.8902959179830173,0.944331755852298,0.836546429919132
0.5766684712950034,0.9351184938522477,0.646269792396567,0.5909743781679804,0.9037506185919021,0.6469229500623646,0.491931032135901,0.8121383108277999,0.5588576271290743,0.7028383978438307,0.5862134588927042,0.9175620995728148,0.5717743649183645,0.9244204773421015,0.8891976007883677,0.9392918817674466,0.8317927380381835
0.5766684712950034,0.9351184938522477,0.646269792396567,0.5909743781679804,0.9037506185919021,0.6469229500623646,0.491931032135901,0.8121383108277999,0.5588576271290743,0.7028383978438307,0.5862134588927042,0.9175620995728148,0.5717743649183645,0.9244204773421015,0.8891976007883677,0.9392918817674466,0.8317927380381835
0.5759714224961457,0.9351184938522477,0.6454782800972448,0.5917056915922694,0.9043108408945254,0.6479674108610246,0.49314868320554434,0.8131444286558819,0.5560944250171876,0.7012689782729105,0.5880462923684817,0.9204327105713531,0.5724803463542435,0.9278236696749356,0.8880992835937181,0.9425736602413034,0.8344796073621978
0.5745773248984304,0.9328523639749855,0.6446867677979224,0.5890729632648288,0.9022940406050816,0.6463605480938552,0.4913222066010794,0.8121383108277999,0.5576141861787253,0.7024896379391817,0.5865067122488284,0.9197437639317039,0.5710683834824856,0.9210172850092677,0.8880992835937181,0.9406983582562422,0.8332395138280373
0.5745773248984304,0.9328523639749855,0.6446867677979224,0.5890729632648288,0.9022940406050816,0.6463605480938552,0.4913222066010794,0.8121383108277999,0.5576141861787253,0.7024896379391817,0.5865067122488284,0.9197437639317039,0.5710683834824856,0.9210172850092677,0.8880992835937181,0.9406983582562422,0.8332395138280373
0.5745773248984304,0.9328523639749855,0.6446867677979224,0.5890729632648288,0.9022940406050816,0.6463605480938552,0.4913222066010794,0.8121383108277999,0.5576141861787253,0.7024896379391817,0.5865067122488284,0.9197437639317039,0.5710683834824856,0.9210172850092677,0.8880992835937181,0.9406983582562422,0.8332395138280373
0.5752743736972881,0.9328523639749855,0.6446867677979224,0.5902430647436913,0.9000531513945884,0.6453964304335537,0.49120044149411507,0.8131444286558819,0.5574069460203338,0.69969955870199,0.5853336988243308,0.9187103439722301,0.5710683834824856,0.9232860798978237,0.8870009663990682,0.9375337861564519,0.8316893969103365
0.5829419104847231,0.9453160782999275,0.6533934030904668,0.5982875124108709,0.9133864421970229,0.6553589795900034,0.49923693855376094,0.823205606936702,0.5650748318808192,0.7092032661036743,0.5949377462374055,0.9329485745249806,0.5788341792771541,0.9368988492291591,0.901279089929514,0.9521845829147412,0.843780308868402
0.578062568892719,0.9385176886681409,0.6486443292945334,0.5946309452894256,0.90778421917079,0.6521452540556648,0.49497515981000934,0.8181750177962919,0.5623116297689326,0.7092032661036743,0.5920052126761612,0.9245663904092487,0.5753042720977594,0.9312268620077694,0.8968858211509153,0.9498404554334148,0.836546429919132
0.5759714224961457,0.9351184938522477,0.6454782800972448,0.5917056915922694,0.9046469742760995,0.6481280971377416,0.49314868320554434,0.8151566643120459,0.5595484276570459,0.7057156670571847,0.5873864723172018,0.9197437639317039,0.5731863277901224,0.9278236696749356,0.8924925523723165,0.9415188028747066,0.8344796073621978
0.5752743736972881,0.9317192990363542,0.6446867677979224,0.5902430647436913,0.9011735959998349,0.6464408912322138,0.49126132404759715,0.8121383108277999,0.5567161454923621,0.7021408780345327,0.5862134588927042,0.9187103439722301,0.5703624020466067,0.9232860798978237,0.8880992835937181,0.9397607072637117,0.8325161259331104
0.5752743736972881,0.9317192990363542,0.6446867677979224,0.5902430647436913,0.9011735959998349,0.6464408912322138,0.49126132404759715,0.8121383108277999,0.5567161454923621,0.7021408780345327,0.5862134588927042,0.9187103439722301,0.5703624020466067,0.9232860798978237,0.8880992835937181,0.9397607072637117,0.8325161259331104
0.5752743736972881,0.9317192990363542,0.6446867677979224,0.5902430647436913,0.9011735959998349,0.6464408912322138,0.49126132404759715,0.8121383108277999,0.5567161454923621,0.7021408780345327,0.5862134588927042,0.9187103439722301,0.5703624020466067,0.9232860798978237,0.8880992835937181,0.9397607072637117,0.8325161259331104
0.5794566664904344,0.9407838185454032,0.650227353893178,0.5953622587137146,0.9111455529865295,0.6529486854392496,0.49619281087965267,0.823205606936702,0.5643840313528476,0.7118189653885416,0.5942046128470945,0.9318003301255654,0.5774222164053961,0.9334956568963253,0.901279089929514,0.9533566466554043,0.8427468975899349
0.5759714224961457,0.9362515587908787,0.6470613046958892,0.5924370050165585,0.9030783518287541,0.6490922147980431,0.49375750874036606,0.8151566643120459,0.5602392281850176,0.7039718675339399,0.5894392458100727,0.9241070926494823,0.5731863277901224,0.9266892722306574,0.8902959179830173,0.9457382323410938,0.8375798411975994
0.5752743736972881,0.9351184938522477,0.6454782800972448,0.5917056915922694,0.90442288535505,0.6467622637856476,0.4925398576707227,0.8151566643120459,0.5588576271290743,0.7057156670571847,0.588926052436855,0.921466130530827,0.5710683834824856,0.9244204773421015,0.8913942351776669,0.9444489622263644,0.8328261493166506
0.5752743736972881,0.9328523639749855,0.6446867677979224,0.5895117513194023,0.9033024407498035,0.6468426069240061,0.4925398576707227,0.8131444286558819,0.5595484276570459,0.7030999677723174,0.5875330989952638,0.9207771838911778,0.5717743649183645,0.9232860798978237,0.8913942351776669,0.9429252793635022,0.8344796073621978
0.5982769840595934,0.9691104420111807,0.6708066736755548,0.6136450943209408,0.9391566681176944,0.673034470028866,0.5114134492501942,0.8453401991545063,0.5802724434961958,0.7301288603826125,0.6103335474339371,0.9547652181138726,0.594365770866491,0.960721195558996,0.9232454338225072,0.9779699852093304,0.8644485344377444
0.5927005936687314,0.9611789874407629,0.6652660875802996,0.6085259003509175,0.929072666670475,0.6666070189601886,0.5065428449716209,0.836285138701768,0.5733644382164792,0.723153662289633,0.6044684803114487,0.9444310185191342,0.5887179193794594,0.9527804134490504,0.9166555306546093,0.9685934752840253,0.8582480667669417
0.5927005936687314,0.9611789874407629,0.6652660875802996,0.6085259003509175,0.929072666670475,0.6666070189601886,0.5065428449716209,0.836285138701768,0.5733644382164792,0.723153662289633,0.6044684803114487,0.9444310185191342,0.5887179193794594,0.9527804134490504,0.9166555306546093,0.9685934752840253,0.8582480667669417
0.5927005936687314,0.9611789874407629,0.6652660875802996,0.6085259003509175,0.929072666670475,0.6666070189601886,0.5065428449716209,0.836285138701768,0.5733644382164792,0.723153662289633,0.6044684803114487,0.9444310185191342,0.5887179193794594,0.9527804134490504,0.9166555306546093,0.9685934752840253,0.8582480667669417
0.5927005936687314,0.9611789874407629,0.6652660875802996,0.6085259003509175,0.929072666670475,0.6666070189601886,0.5065428449716209,0.836285138701768,0.5733644382164792,0.723153662289633,0.6044684803114487,0.9444310185191342,0.5887179193794594,0.9527804134490504,0.9166555306546093,0.9685934752840253,0.8582480667669417
0.5920035448698737,0.962312052379394,0.6628915506823329,0.6070632735023395,0.9279522220652284,0.6633932934258501,0.5053251939019776,0.8352790208736861,0.5740552387444509,0.7222817625280107,0.6030022135308268,0.943282774119719,0.5865999750718226,0.9493772211162166,0.9144588962653097,0.966249347802699,0.8551478329315403
0.59618583766302,0.9679773770725495,0.6692236490769105,0.6129137808966518,0.9369157789072013,0.6722310386452812,0.5120222747850158,0.8463463169825882,0.5809632440241674,0.7318726599058571,0.6096004140436262,0.9570617069127032,0.59507175230237,0.960721195558996,0.9254420682118064,0.9779699852093304,0.8675487682731455
0.5933976424675891,0.9634451173180252,0.6668491121789439,0.6092572137752066,0.9313135558809683,0.665803587576604,0.5071516705064425,0.8372912565298501,0.5761276403283657,0.7240255620512555,0.605934747092071,0.9490239961167958,0.5887179193794594,0.9527804134490504,0.9166555306546093,0.9721096665060146,0.8572146554884744
0.5933976424675891,0.962312052379394,0.6644745752809772,0.6077945869266285,0.929072666670475,0.665803587576604,0.5065428449716209,0.8352790208736861,0.5761276403283657,0.723153662289633,0.6030022135308268,0.9467275073179648,0.5887179193794594,0.9505116185604945,0.9166555306546093,0.9697655390246883,0.8572146554884744
0.585730105680154,0.9498483380544519,0.6565594522877554,0.601212766108027,0.9178682206180091,0.6593761365079267,0.5016722406930476,0.8302484317332761,0.5685288345206776,0.7153065644350313,0.5986034131889606,0.9386897965220574,0.5823640864565489,0.9437052338948267,0.9056723587081127,0.9592169653587199,0.8499807765392047
0.585730105680154,0.9498483380544519,0.6565594522877554,0.601212766108027,0.9178682206180091,0.6593761365079267,0.5016722406930476,0.8302484317332761,0.5685288345206776,0.7153065644350313,0.5986034131889606,0.9386897965220574,0.5823640864565489,0.9437052338948267,0.9056723587081127,0.9592169653587199,0.8499807765392047
0.5850330568812964,0.9487152731158208,0.654976427689111,0.601212766108027,0.9167477760127625,0.6569658423571728,0.49923693855376094,0.8242117247647841,0.5664564329367625,0.7126908651501641,0.5934714794567832,0.9283555969273191,0.5781281978412751,0.9368988492291591,0.901279089929514,0.9498404554334148,0.8427468975899349
0.5850330568812964,0.9487152731158208,0.654976427689111,0.601212766108027,0.9167477760127625,0.6569658423571728,0.49923693855376094,0.8242117247647841,0.5664564329367625,0.7126908651501641,0.5934714794567832,0.9283555969273191,0.5781281978412751,0.9368988492291591,0.901279089929514,0.9498404554334148,0.8427468975899349
0.5843360080824387,0.9487152731158208,0.6565594522877554,0.599750139259449,0.9167477760127625,0.6577692737407574,0.49862811301893933,0.8242117247647841,0.5671472334647342,0.7135627649117865,0.5964040130180275,0.9363933077232269,0.579540160713033,0.9334956568963253,0.9023774071241636,0.9580449016180569,0.8458471314253362
0.5815478128870076,0.9441830133612964,0.6526018907911444,0.5975561989865817,0.9122659975917761,0.6545555482064187,0.4980192874841176,0.82219948910862,0.5657656324087909,0.7126908651501641,0.5956708796277164,0.9295038413267345,0.5767162349695172,0.935764451784881,0.901279089929514,0.9533566466554043,0.8417134863114677
0.5731832273007148,0.9305862340977232,0.642312230899956,0.5888535692375421,0.8952352395920281,0.6394510381950272,0.484564243164559,0.8005679558048567,0.552916742588518,0.7001355085828012,0.5920052126761612,0.9272073525279039,0.567397280015915,0.9092195515887772,0.88085039010903,0.9474963279520885,0.8325161259331104
0.5766684712950034,0.9373846237295097,0.6478528169952112,0.5938996318651365,0.9066637745655431,0.6529486854392496,0.49619281087965267,0.8181750177962919,0.5630024302969042,0.7126908651501641,0.5934714794567832,0.9260591081284886,0.5753042720977594,0.9334956568963253,0.8990824555402148,0.951012519174078,0.8386132524760664
0.5787596176915767,0.9407838185454032,0.6518103784918222,0.5953622587137146,0.9111455529865295,0.6537521168228342,0.49862811301893933,0.823205606936702,0.5657656324087909,0.7135627649117865,0.5978702797986496,0.9352450633238113,0.579540160713033,0.938033246673437,0.901279089929514,0.9592169653587199,0.8458471314253362
0.5745773248984304,0.9328523639749855,0.6454782800972448,0.5917056915922694,0.903190396289279,0.6491725579364016,0.49314868320554434,0.8171688999682098,0.5623116297689326,0.7065875668188071,0.590319005878446,0.9258294592486054,0.5753042720977594,0.9278236696749356,0.894689186761616,0.9474963279520885,0.8386132524760664
0.5696979833064261,0.92718703928183,0.642312230899956,0.5855626588282413,0.8960195508157006,0.644753685326686,0.49010455553143606,0.8111321929997177,0.5571997058619422,0.69969955870199,0.5884128590636372,0.9205475350112947,0.5703624020466067,0.9198828875649899,0.8880992835937181,0.9381198180267832,0.8325161259331104
0.564818641714422,0.9181225197727811,0.6375631571040229,0.5809553842552204,0.8877282607368757,0.6385672636730841,0.48687778019688127,0.8048942624656094,0.5510515811629945,0.6931603104898219,0.5824011652630867,0.9137728930547443,0.567467878159503,0.9176140926764339,0.8800815680727754,0.9314390547050034,0.8268323639015411
0.5655156905132798,0.91698945483415,0.6367716448047006,0.5809553842552204,0.8888487053421226,0.6415399597923473,0.48919131722920356,0.808717510212321,0.5539529433804755,0.6987404689642053,0.5841606853998332,0.9175620995728148,0.5683150558825576,0.9221516824535458,0.8891976007883677,0.9390574690193139,0.8285891630749354
0.562030446518991,0.9113241301409944,0.6338430492972087,0.5804434648582181,0.8869439495132031,0.6367997146291979,0.48651248487598825,0.8050954860312257,0.5511897412685888,0.6961247696793381,0.5832076119924289,0.9152656107739843,0.5696564206107276,0.9176140926764339,0.8795324094754507,0.9348380395529265,0.8283824808192419
0.5627274953178487,0.9147233249568877,0.6351886202060564,0.5811747782825071,0.8875041718158265,0.6404151558553288,0.4880954312665246,0.8044918153343765,0.5527095024301264,0.6969966694409605,0.5844539387559576,0.9162990307334581,0.5688798410312608,0.9198828875649899,0.8821683707426098,0.936478928789855,0.8299325977369426
0.5606363489212757,0.9113241301409944,0.6342388054468697,0.579712151433929,0.8873921273553017,0.6367193714908393,0.48511218614589846,0.8028820268094454,0.5509825011101973,0.6944681601322555,0.5843806254169266,0.9152656107739843,0.5683150558825576,0.9164796952321561,0.88085039010903,0.9322594993234676,0.8294158920977089
0.5592422513235601,0.9079249353251011,0.6302020927203266,0.5770794231064884,0.8848151047632347,0.6364783420757639,0.4837727699692908,0.7998636733251994,0.5498772202654426,0.6936834503467953,0.5815947185337447,0.9112467553760302,0.5652793357082782,0.9097867503109162,0.8816192121452852,0.9333143566900645,0.823628788938293
0.5592422513235601,0.9113241301409944,0.6308353025597843,0.5755436649154814,0.8866078161316292,0.6386476068114426,0.48559924657375575,0.8028820268094454,0.5526404223773294,0.6956888197985269,0.582034598567931,0.9129691219751532,0.568103261451794,0.9130765028993221,0.8818388755842148,0.9315562610790697,0.8275557517964683
0.5627274953178487,0.9147233249568877,0.6343971079067342,0.5818329603643673,0.8926582169999607,0.6448340284650445,0.4896783776570609,0.8101260751716358,0.5588576271290743,0.7048437672955623,0.5884128590636372,0.9208920083311193,0.5731863277901224,0.9266892722306574,0.8935908695669664,0.9432768984857011,0.8344796073621978
0.5613333977201334,0.9124571950796256,0.6334472931475474,0.5813210409673648,0.8920979946973376,0.6433075088362337,0.4894957299966144,0.8101260751716358,0.557476026073131,0.7027512078676685,0.5895858724881348,0.9213513060908857,0.5731863277901224,0.9266892722306574,0.8902959179830173,0.9438629303560329,0.8334461960837308
0.562030446518991,0.9135902600182566,0.6351886202060564,0.581101646940078,0.8918739057762881,0.6417809892074228,0.4898610253175074,0.8111321929997177,0.5568543055979565,0.7041462474862643,0.5886327990807304,0.9206623594512364,0.5724803463542435,0.9255548747863797,0.8902959179830173,0.9442145494782317,0.8344796073621978
0.5592422513235601,0.9101910652023634,0.6326557808482254,0.5792002320369266,0.8881764385789745,0.6397724107484611,0.48693866275036346,0.805699156728075,0.5553345444364188,0.7001355085828012,0.5873131589781705,0.9203178861314117,0.5717743649183645,0.9221516824535458,0.8826076976204698,0.9387058498971148,0.8344796073621978
0.5585452025247024,0.9101910652023634,0.6313102099393776,0.5786151812974955,0.88638372721058,0.6394510381950272,0.4867560150899169,0.8055985449452667,0.5563016651755791,0.6999611286304767,0.5877530390123572,0.9190548172920546,0.5710683834824856,0.9198828875649899,0.8880992835937181,0.9401123263859108,0.835513018640665
0.557081400047101,0.907698322337375,0.6281441607420888,0.5769331604216306,0.8857114604474321,0.6389689793648764,0.48724307551777424,0.8048942624656094,0.5540911034860698,0.6988276589403676,0.5843806254169266,0.915495259653867,0.5696564206107276,0.9176140926764339,0.8859026492044186,0.9368305479120539,0.8305526445040229
0.5501109120585237,0.8965942859387902,0.6236325406359523,0.5729840679304697,0.8761876813028359,0.6336663322332178,0.4818245282578615,0.7971471551893777,0.5502226205294285,0.6923756007043617,0.5789554383286248,0.9073427244180182,0.5637967746929323,0.9116017862217608,0.8778849336834762,0.9295637527199423,0.8220786720205926
0.554362909731556,0.9021463041380825,0.6261653799937832,0.5765675037094862,0.8821260377106427,0.6376031460127825,0.4862080721085774,0.8060009920764996,0.5540220234332727,0.7001355085828012,0.5878996656904195,0.9188251684121719,0.5678914670210303,0.9198828875649899,0.8859026492044186,0.9429252793635022,0.8296225743534025
0.5592422513235601,0.9090580002637322,0.6305978488699876,0.5799315454612156,0.8907534611710416,0.6413792735156304,0.4873039580712565,0.8097236280404029,0.5557490247532019,0.7025768279153439,0.5887061124197617,0.924221917089424,0.5710683834824856,0.9187484901207118,0.8870009663990682,0.9424564538672371,0.8344796073621978
0.5592422513235601,0.9090580002637322,0.6305978488699876,0.5799315454612156,0.8907534611710416,0.6413792735156304,0.4873039580712565,0.8097236280404029,0.5557490247532019,0.7025768279153439,0.5887061124197617,0.924221917089424,0.5710683834824856,0.9187484901207118,0.8870009663990682,0.9424564538672371,0.8344796073621978
0.548228880301608,0.8929684781351707,0.6197541303692737,0.56896184409688,0.8746190588554907,0.6334253028181424,0.48152011549045065,0.7937263545738991,0.5453870168336269,0.688888001657872,0.5791020650066872,0.9058500066987779,0.5657029245698056,0.9119421054550442,0.871844189112903,0.9259303551238867,0.8222853542762858
0.5446739314274334,0.8886628313683724,0.6177753496209683,0.5647202262360035,0.8724902141055223,0.628202998824842,0.47902393079768185,0.7961410373612958,0.5457324170976127,0.688888001657872,0.579835198396998,0.906653777778369,0.561255241523768,0.9088792323554937,0.8745899820995271,0.9258131487498203,0.8213552841256654
0.5431404240699463,0.8854902495402053,0.613738636894425,0.5631113367025675,0.8666639021582399,0.6285243713782759,0.4768321588723239,0.791211060003694,0.5435909354609005,0.6870570121584649,0.5764627848015673,0.9037831667798306,0.5610434470930044,0.9061566784892267,0.8723933477102279,0.9265163869942182,0.8207352373585851
0.5497623876590949,0.8955745274940221,0.6211788525080535,0.5717408351091783,0.8773081259080826,0.6368800577675564,0.4837727699692908,0.8030832503750618,0.5509825011101973,0.6941194002276065,0.5819612852289,0.9149211374541596,0.5689504391748487,0.9187484901207118,0.8833765196567245,0.9326111184456665,0.8300359388647892
0.5566631707677866,0.9052055794723866,0.6279858582822244,0.5778838678732063,0.8879523496579251,0.6416203029307058,0.4876083708386672,0.8096230162575948,0.5567852255451592,0.7031871577484796,0.5906855725736013,0.9260591081284886,0.5738923092260014,0.9244204773421015,0.884804332009769,0.9437457239819664,0.8386132524760664
0.5566631707677866,0.9052055794723866,0.6279858582822244,0.5778838678732063,0.8879523496579251,0.6416203029307058,0.4876083708386672,0.8096230162575948,0.5567852255451592,0.7031871577484796,0.5906855725736013,0.9260591081284886,0.5738923092260014,0.9244204773421015,0.884804332009769,0.9437457239819664,0.8386132524760664
0.5510867803769247,0.8970475119142426,0.622761877106698,0.5732034619577564,0.8835826156974637,0.6373621165977071,0.4862689546620596,0.8047936506828011,0.5523641021661406,0.7006586484397747,0.5901723792003837,0.9243367415293654,0.5724803463542435,0.9221516824535458,0.8837060148151195,0.9463242642114253,0.836546429919132
0.5461377339050347,0.8879829924051937,0.6167463836318492,0.5666947724815838,0.8747311033160152,0.6322201557427654,0.48145923293696846,0.7975496023206107,0.5471830982063531,0.6901958513003056,0.5789554383286248,0.9125098242153872,0.5676090744466787,0.9130765028993221,0.8760177944525716,0.9261647678720193,0.829829256609096
0.5439768826285757,0.8858301690217947,0.6132637295148317,0.5661097217421527,0.8726022585660467,0.6290867733467853,0.480180699313843,0.7960404255784875,0.5471830982063531,0.6905446112049546,0.580495018448278,0.9099836865366734,0.5639379709801082,0.9077448349112157,0.878543924000266,0.9288605144755445,0.8233187655547529
0.5836389592835808,0.9487152731158208,0.6557679399884332,0.599750139259449,0.918988665223256,0.6601795678915113,0.49984576408858267,0.825217842592866,0.5664564329367625,0.7161784641966537,0.5993365465792716,0.9398380409214727,0.5837760493283067,0.939167644117715,0.901279089929514,0.9580449016180569,0.8499807765392047
0.5752743736972881,0.9351184938522477,0.6478528169952112,0.5938996318651365,0.910025108381283,0.6529486854392496,0.49680163641447433,0.8201872534524559,0.5623116297689326,0.7100751658652967,0.5949377462374055,0.9363933077232269,0.579540160713033,0.935764451784881,0.8968858211509153,0.9521845829147412,0.8458471314253362
0.5745773248984304,0.9339854289136165,0.6454782800972448,0.5931683184408475,0.9066637745655431,0.6521452540556648,0.49619281087965267,0.8201872534524559,0.5623116297689326,0.7092032661036743,0.5934714794567832,0.9295038413267345,0.5767162349695172,0.9368988492291591,0.8979841383455649,0.951012519174078,0.8417134863114677
0.578062568892719,0.9407838185454032,0.6486443292945334,0.5960935721380037,0.9133864421970229,0.6561624109735881,0.49923693855376094,0.8242117247647841,0.5664564329367625,0.7135627649117865,0.5986034131889606,0.9398380409214727,0.579540160713033,0.9403020415619929,0.9045740415134631,0.9592169653587199,0.8448137201468691
0.5787596176915767,0.939650753606772,0.650227353893178,0.5968248855622927,0.9122659975917761,0.6561624109735881,0.49923693855376094,0.8242117247647841,0.5636932308248759,0.7109470656269192,0.5971371464083385,0.9363933077232269,0.5823640864565489,0.9425708364505488,0.8990824555402148,0.9545287103960675,0.8479139539822705
0.5731832273007148,0.9317192990363542,0.6446867677979224,0.5917056915922694,0.90778421917079,0.6513418226720802,0.495583985344831,0.819181135624374,0.5609300287129892,0.7065875668188071,0.5912720792858502,0.9283555969273191,0.5781281978412751,0.9334956568963253,0.8957875039562657,0.9474963279520885,0.8417134863114677
0.5717891297029993,0.9317192990363542,0.6438952554986004,0.5902430647436913,0.9053192410392474,0.6497349599049108,0.49375750874036606,0.819181135624374,0.5616208292409609,0.7092032661036743,0.5934714794567832,0.9295038413267345,0.5767162349695172,0.9300924645634913,0.8990824555402148,0.9486683916927517,0.8417134863114677
0.5717891297029993,0.9317192990363542,0.6438952554986004,0.5902430647436913,0.9053192410392474,0.6497349599049108,0.49375750874036606,0.819181135624374,0.5616208292409609,0.7092032661036743,0.5934714794567832,0.9295038413267345,0.5767162349695172,0.9300924645634913,0.8990824555402148,0.9486683916927517,0.8417134863114677
0.5717891297029993,0.9317192990363542,0.6438952554986004,0.5902430647436913,0.9053192410392474,0.6497349599049108,0.49375750874036606,0.819181135624374,0.5616208292409609,0.7092032661036743,0.5934714794567832,0.9295038413267345,0.5767162349695172,0.9300924645634913,0.8990824555402148,0.9486683916927517,0.8417134863114677
0.5655156905132798,0.9226547795273055,0.6383546694033452,0.5852701334585257,0.8999411069340636,0.6465212343705722,0.491931032135901,0.8161627821401278,0.5588576271290743,0.7029255878199929,0.5912720792858502,0.9283555969273191,0.5760102535336382,0.9278236696749356,0.894689186761616,0.9463242642114253,0.8396466637545335
0.5662127393121374,0.9192555847114122,0.6391461817026672,0.5843925573493789,0.898148395565669,0.6465212343705722,0.4925398576707227,0.8151566643120459,0.5577523462843196,0.7035359176531286,0.5895858724881348,0.9283555969273191,0.5767162349695172,0.9323612594520472,0.8957875039562657,0.9444489622263644,0.8406800750330006
0.5641215929155643,0.91698945483415,0.6367716448047006,0.5836612439250899,0.8950111506709786,0.6451554010184783,0.4907133810662577,0.8131444286558819,0.5578905063899139,0.7030127777961552,0.5880462923684817,0.9241070926494823,0.5745982906618804,0.9266892722306574,0.8924925523723165,0.9425736602413034,0.8386132524760664
0.5655156905132798,0.9215217145886744,0.6375631571040229,0.5854163961433835,0.8977002177235706,0.6464408912322138,0.49120044149411507,0.8121383108277999,0.5595484276570459,0.7047565773194,0.5908321992516636,0.9283555969273191,0.5753042720977594,0.9278236696749356,0.8902959179830173,0.9456210259670275,0.8386132524760664
0.5655156905132798,0.9203886496500432,0.6367716448047006,0.5848313454039523,0.8984845289472431,0.6474050088925153,0.4925398576707227,0.8131444286558819,0.5602392281850176,0.7057156670571847,0.5886327990807304,0.922499550490301,0.5753042720977594,0.9266892722306574,0.8935908695669664,0.944683374974497,0.8375798411975994
0.5634245441167066,0.91698945483415,0.6334472931475474,0.5824911424462275,0.8937786616052075,0.6437092245280259,0.48931308233616794,0.8111321929997177,0.5561635050699848,0.7008330283920993,0.5876797256733262,0.9215809549707684,0.5731863277901224,0.9244204773421015,0.8859026492044186,0.9382370244008497,0.835513018640665
0.5627274953178487,0.9147233249568877,0.6343971079067342,0.582052354391654,0.8957954618946512,0.6443519696348936,0.4890086695687571,0.8101260751716358,0.5580286664955083,0.701879308106046,0.5865067122488284,0.9221550771704763,0.5731863277901224,0.9244204773421015,0.8891976007883677,0.9388230562711812,0.8375798411975994
0.5683038857087107,0.9226547795273055,0.6391461817026672,0.5881222558132531,0.9010615515393102,0.6478870677226661,0.49375750874036606,0.8181750177962919,0.5616208292409609,0.7057156670571847,0.5912720792858502,0.9306520857261501,0.5767162349695172,0.9312268620077694,0.8924925523723165,0.9463242642114253,0.8417134863114677
0.562030446518991,0.9158563898955189,0.6333681419176154,0.5814673036522227,0.8925461725394361,0.6434681951129505,0.4886433742478641,0.80821445129828,0.5565779853867677,0.7013561682490725,0.5863600855707661,0.9197437639317039,0.5724803463542435,0.9232860798978237,0.8880992835937181,0.9372993734083193,0.8334461960837308
0.562030446518991,0.9135902600182566,0.6328140833080896,0.5821986170765117,0.8942268394473061,0.6427451068677243,0.48803454871304236,0.8088181219951293,0.5565779853867677,0.7035359176531286,0.589072679114917,0.9249108637290733,0.5717743649183645,0.9221516824535458,0.8891976007883677,0.942808072989436,0.8323094436774169
0.5606363489212757,0.9124571950796256,0.6324974783883609,0.5813941723097938,0.8929943503815347,0.6438699108047429,0.48992190787098955,0.8111321929997177,0.5565779853867677,0.7026640178915062,0.5920052126761612,0.9295038413267345,0.5753042720977594,0.9266892722306574,0.8891976007883677,0.9457382323410938,0.8396466637545335
0.559939300122418,0.9113241301409944,0.6302812439502586,0.5817598290219382,0.893218439302584,0.6430664794211582,0.4894348474431322,0.8111321929997177,0.5572687859147395,0.7030127777961552,0.5912720792858502,0.9283555969273191,0.5724803463542435,0.9244204773421015,0.8891976007883677,0.9463242642114253,0.836546429919132
0.559939300122418,0.9113241301409944,0.6313102099393776,0.5809553842552204,0.8951231951315032,0.6434681951129505,0.49010455553143606,0.8100254633888275,0.5574069460203338,0.7043206274385888,0.5899524391832903,0.9272073525279039,0.5738923092260014,0.9255548747863797,0.8902959179830173,0.9451522004707623,0.8375798411975994
0.5549205487706423,0.9037325950521661,0.6253738676944611,0.576640635051915,0.8857114604474321,0.6390493225032349,0.4871213104108099,0.805196097814034,0.5551963843308244,0.6987404689642053,0.5864333989097974,0.9204327105713531,0.5686680466004971,0.9198828875649899,0.884804332009769,0.9392918817674466,0.830862667887563
0.5533173365332694,0.9010132391994514,0.6252947164645289,0.5754705335730526,0.8839187490790372,0.6358355969688962,0.48511218614589846,0.8073089452530061,0.5560253449643904,0.7029255878199929,0.5896591858271659,0.925255337048898,0.5724803463542435,0.9221516824535458,0.8870009663990682,0.9436285176079001,0.835513018640665
0.5627274953178487,0.9181225197727811,0.6375631571040229,0.585123870773668,0.9010615515393102,0.6505383912884954,0.49436633427518767,0.819181135624374,0.5657656324087909,0.7153065644350313,0.6000696799695826,0.9409862853208881,0.5830700678924279,0.9368988492291591,0.901279089929514,0.9603890290993832,0.8520475990961388
0.5592422513235601,0.9113241301409944,0.6308353025597843,0.583514981240232,0.895571372973602,0.6464408912322138,0.49314868320554434,0.8161627821401278,0.5630024302969042,0.7109470656269192,0.5964040130180275,0.9352450633238113,0.5781281978412751,0.9323612594520472,0.8979841383455649,0.9545287103960675,0.843780308868402
0.5606363489212757,0.9113241301409944,0.6323391759284963,0.5824180111037984,0.8977002177235706,0.6468426069240061,0.4913222066010794,0.8151566643120459,0.5636932308248759,0.7100751658652967,0.5971371464083385,0.9375415521226421,0.5802461421489119,0.9300924645634913,0.8957875039562657,0.9545287103960675,0.8468805427038032
0.5510170754970389,0.8981805768528737,0.6229993307964946,0.5732765933001853,0.8823501266316922,0.6386476068114426,0.4849904210389341,0.8043912035515683,0.5548509840668385,0.6995251787496655,0.5863600855707661,0.9191696417319964,0.5703624020466067,0.9210172850092677,0.8859026492044186,0.9401123263859108,0.8319994202938767
0.5492047486200087,0.8951213015185697,0.6205456426685959,0.571228915712176,0.8799971929606741,0.6356749106921794,0.48383365252277294,0.8020771325469798,0.5526404223773294,0.6970838594171228,0.5860668322146418,0.9196289394917625,0.5689504391748487,0.9142109003436002,0.881179885267425,0.9362445160417223,0.8313793735267964
0.5483682900613793,0.8948946885308434,0.6205456426685959,0.5694737634938823,0.8792128817370017,0.6344697636168024,0.4835292397553621,0.8008697911532813,0.5527095024301264,0.6961247696793381,0.5822545385850244,0.9129691219751532,0.5677502707338545,0.9176140926764339,0.8801913997922406,0.9321422929494014,0.8276590929243149
0.549135043740123,0.893421704110623,0.6202290377488668,0.570497602287887,0.8795490151185756,0.6363979989374056,0.4854165989133093,0.8043912035515683,0.5540220234332727,0.6983917090595564,0.5854070121633619,0.917791748452698,0.5688798410312608,0.9187484901207118,0.884804332009769,0.9376509925305182,0.8288991864584755
0.5450224558268623,0.8860567820095209,0.6169838373216459,0.5664753784542972,0.8727143030265713,0.6320594694660484,0.4824333537926832,0.7990587790627338,0.5499463003182399,0.6925499806566863,0.5806416451263401,0.912280175335504,0.5677502707338545,0.9164796952321561,0.8783242605613361,0.9283916889792793,0.8273490695407748
0.545092160706748,0.8867366209726996,0.6154799639529337,0.5669141665088706,0.8722661251844728,0.6326218714345577,0.482737766560094,0.8003667322392404,0.5503607806350229,0.693945020275282,0.5809348984824647,0.9112467553760302,0.5680326633082061,0.9164796952321561,0.878543924000266,0.9283916889792793,0.8262123171344609
0.5409098679136016,0.8833374261568062,0.6124722172155095,0.5626725486479941,0.8682325246055852,0.6282833419632006,0.47798892738848503,0.7929214603114335,0.5472521782591504,0.6915037009427393,0.5785155582944382,0.9097540376567902,0.5639379709801082,0.9083120336333548,0.8722835159907627,0.9266335933682844,0.8230087421712128
0.5836389592835808,0.9498483380544519,0.6565594522877554,0.600481452683738,0.9201091098285025,0.6593761365079267,0.5010634151582259,0.82723007824903,0.5678380339927059,0.7161784641966537,0.5986034131889606,0.9398380409214727,0.5830700678924279,0.9437052338948267,0.9045740415134631,0.9580449016180569,0.8520475990961388
0.5738802760995726,0.9351184938522477,0.646269792396567,0.5931683184408475,0.9066637745655431,0.6513418226720802,0.495583985344831,0.8181750177962919,0.5630024302969042,0.7100751658652967,0.5949377462374055,0.9352450633238113,0.579540160713033,0.9346300543406032,0.894689186761616,0.9545287103960675,0.8448137201468691
0.5710920809041417,0.928320104220461,0.6431037431992782,0.5902430647436913,0.903190396289279,0.6497349599049108,0.49436633427518767,0.814150546483964,0.5588576271290743,0.7048437672955623,0.5934714794567832,0.9306520857261501,0.5774222164053961,0.9300924645634913,0.8902959179830173,0.951012519174078,0.8406800750330006
0.5717891297029993,0.928320104220461,0.642312230899956,0.5902430647436913,0.90442288535505,0.6489315285213262,0.49314868320554434,0.8151566643120459,0.5609300287129892,0.7065875668188071,0.5927383460664722,0.9283555969273191,0.5774222164053961,0.9300924645634913,0.8935908695669664,0.9486683916927517,0.8417134863114677
0.5710920809041417,0.9294531691590922,0.6438952554986004,0.5917056915922694,0.9048710631971485,0.6505383912884954,0.49497515981000934,0.8201872534524559,0.5609300287129892,0.7065875668188071,0.5920052126761612,0.9295038413267345,0.5781281978412751,0.9334956568963253,0.8935908695669664,0.9486683916927517,0.8417134863114677
0.5669097881109953,0.9226547795273055,0.6391461817026672,0.5868058916495327,0.9013976849208841,0.64716397947744,0.4925398576707227,0.8151566643120459,0.5609300287129892,0.7074594665804295,0.5927383460664722,0.9295038413267345,0.5767162349695172,0.9300924645634913,0.8957875039562657,0.9498404554334148,0.8406800750330006
0.5690009345075684,0.92718703928183,0.6407292063013115,0.5891460946072578,0.905431285499772,0.6505383912884954,0.495583985344831,0.8171688999682098,0.5630024302969042,0.7092032661036743,0.5949377462374055,0.9329485745249806,0.579540160713033,0.935764451784881,0.894689186761616,0.9521845829147412,0.843780308868402
0.5641215929155643,0.91698945483415,0.6336847468373441,0.5839537692948055,0.8950111506709786,0.6451554010184783,0.4908960287267043,0.8131444286558819,0.5574069460203338,0.7015305482013972,0.5883395457246061,0.9239922682095408,0.5731863277901224,0.9278236696749356,0.8891976007883677,0.9432768984857011,0.836546429919132
0.5634245441167066,0.9158563898955189,0.6343971079067342,0.5838075066099476,0.896579773118324,0.6444323127732522,0.491931032135901,0.814150546483964,0.5588576271290743,0.7034487276769664,0.5884128590636372,0.924221917089424,0.5745982906618804,0.9266892722306574,0.8891976007883677,0.942808072989436,0.8386132524760664
0.5683038857087107,0.9226547795273055,0.6391461817026672,0.5886341752102553,0.902181996144557,0.6505383912884954,0.49375750874036606,0.8171688999682098,0.5616208292409609,0.7083313663420521,0.5942046128470945,0.9329485745249806,0.5781281978412751,0.9334956568963253,0.8935908695669664,0.9521845829147412,0.843780308868402
0.5641215929155643,0.91698945483415,0.6359801325053784,0.5868058916495327,0.8988206623288171,0.6474050088925153,0.49497515981000934,0.8171688999682098,0.5623116297689326,0.7100751658652967,0.5934714794567832,0.9306520857261501,0.5774222164053961,0.9300924645634913,0.8957875039562657,0.9521845829147412,0.8406800750330006
0.562030446518991,0.9135902600182566,0.6323391759284963,0.5822717484189407,0.8945629728288801,0.6436288813896675,0.48998279042447174,0.8121383108277999,0.5595484276570459,0.7057156670571847,0.5909055125906947,0.9272073525279039,0.5745982906618804,0.9255548747863797,0.8902959179830173,0.9486683916927517,0.8396466637545335
0.5627274953178487,0.9124571950796256,0.6313893611693099,0.5830761931856586,0.8963556841972746,0.6453160872951953,0.491931032135901,0.8111321929997177,0.5581668266011026,0.7045821973670755,0.5906855725736013,0.9260591081284886,0.5760102535336382,0.9266892722306574,0.8870009663990682,0.9474963279520885,0.8375798411975994
0.5490653388602372,0.8943281560615279,0.6202290377488668,0.570497602287887,0.8765238146844098,0.6332646165414255,0.480545994634736,0.7938269663567071,0.5453870168336269,0.6901958513003056,0.580495018448278,0.9129691219751532,0.5662677097185087,0.9103539490330551,0.8721736842712978,0.930149784590274,0.8263156582623077
0.5585452025247024,0.9048656599907973,0.6271943459829024,0.5806628588855048,0.8924341280789115,0.6419416754841397,0.4898001427640252,0.8071077216873898,0.5559562649115933,0.7011817882967482,0.5884861724026683,0.9216957794107102,0.5717743649183645,0.9210172850092677,0.8822782024620749,0.9426908666153696,0.8344796073621978
0.5568722854074438,0.9054321924601128,0.6277484045924278,0.5785420499550665,0.8890727942631717,0.6412185872389136,0.48785190105259596,0.8042905917687602,0.5542292635916641,0.7005714584636125,0.5900990658613526,0.9260591081284886,0.5731863277901224,0.9221516824535458,0.8830470244983296,0.9448005813485634,0.836546429919132
0.5578481537258447,0.9101910652023634,0.6309144537897166,0.5811747782825071,0.891313683473665,0.643387851974592,0.4890695521222392,0.8080132277326637,0.5563016651755791,0.7030999677723174,0.591125452607788,0.9260591081284886,0.5745982906618804,0.9232860798978237,0.8870009663990682,0.9460898514632928,0.8386132524760664
0.5613333977201334,0.9101910652023634,0.6295688828808687,0.5794196260642134,0.8896330165657951,0.6396920676101027,0.48736484062473856,0.8066046627733489,0.5553345444364188,0.7016177381775593,0.590319005878446,0.9238774437695995,0.5710683834824856,0.9198828875649899,0.8859026492044186,0.9449177877226296,0.8334461960837308
0.555269073170071,0.9018063846564932,0.623869994325749,0.57430043209419,0.8844789713816607,0.6341483910633686,0.4835292397553621,0.8018759089813634,0.5511897412685888,0.6970838594171228,0.5835008653485533,0.9143470152544517,0.5676090744466787,0.9119421054550442,0.8766767847693614,0.9370649606601865,0.8270390461572347
0.5542234999717844,0.9001067872485465,0.6226827258767657,0.5751048768609079,0.8811176375659208,0.6345501067551609,0.48340747464839784,0.7997630615423911,0.5481502189455134,0.692462790680524,0.5829143586363044,0.9137728930547443,0.5663383078620966,0.9130765028993221,0.8709655353571834,0.9328455311937991,0.8268323639015411
0.5557570073292714,0.8996535612730941,0.6225244234169013,0.5755436649154814,0.8855994159869072,0.6364783420757639,0.484564243164559,0.8024795796782125,0.5515351415325748,0.694293780179931,0.58130146517762,0.9125098242153872,0.5680326633082061,0.9142109003436002,0.8790930825975907,0.9326111184456665,0.8286925042027821
0.5459286192653774,0.8857168625279317,0.6143718467338828,0.56428143818143,0.8664398132371907,0.6264354497809558,0.4761624507840201,0.7854761883836265,0.5392388921346791,0.6825231333980283,0.574923204681914,0.9013718535410582,0.5609022508058287,0.9017325284565426,0.8608610171664063,0.920890481039035,0.8177383446510305
0.553108221893612,0.8975007378896951,0.6209413988182568,0.570497602287887,0.8786526594343783,0.6320594694660484,0.48152011549045065,0.7965434844925288,0.5487028593678908,0.6928987405613352,0.5821812252459934,0.9126246486553287,0.565491130139042,0.9116017862217608,0.8759079627331067,0.9302669909643402,0.8274524106686214
0.5518535340556681,0.8973874313958319,0.6198332815992059,0.5702782082606003,0.8779803926712306,0.6323004988811238,0.48042422952777164,0.7935251310082825,0.5475975785231362,0.694293780179931,0.5830609853143666,0.9123949997754458,0.5655617282826297,0.9091061118443493,0.8712950305155783,0.9333143566900645,0.8242488357053733
0.5490653388602372,0.893421704110623,0.6173795934713071,0.5698394202060268,0.8743949699344412,0.6317380969126146,0.48066775974170034,0.795738590230063,0.5475975785231362,0.6929859305374975,0.5843806254169266,0.915495259653867,0.5670442892979756,0.9117152259661886,0.8782144288418711,0.934252007682595,0.8293125509698623
0.5497623876590949,0.8920620261842657,0.6182502570005614,0.5685230560423065,0.8739467920923427,0.6309346655290299,0.4792674610116105,0.7948330841847893,0.5493245798430653,0.6944681601322555,0.5895125591491037,0.921006832771061,0.5669736911543877,0.9093329913332048,0.8837060148151195,0.9456210259670275,0.8301392799926361
0.5484379949412653,0.8878696859113308,0.6171421397815104,0.5677917426180175,0.8730504364081454,0.6300508910070868,0.4792674610116105,0.7940281899223237,0.5486337793150937,0.6990020388926921,0.5902456925394147,0.9227291993701838,0.5689504391748487,0.9108077080107663,0.8837060148151195,0.9463242642114253,0.832722808188804
0.546695372944121,0.8884362183806462,0.6150050565733404,0.5671335605361574,0.8718179473423743,0.6290064302084267,0.47798892738848503,0.7922171778317759,0.5464922976783816,0.691416510966577,0.5858468921975485,0.9166435040532828,0.5675384763030908,0.9094464310776327,0.8837060148151195,0.9421048347450381,0.8272457284129282
0.543558653349261,0.8827708936874907,0.6100185290876107,0.5627456799904231,0.8672241244608633,0.6251499595672204,0.47537097758875185,0.7874884240397906,0.5428310548801317,0.6883648618008986,0.5790287516676559,0.9079168466177256,0.5598432786520102,0.9018459682009704,0.8665722665785847,0.9262819742460857,0.8182550502902642
0.580153715289292,0.939650753606772,0.646269792396567,0.5931683184408475,0.90778421917079,0.6513418226720802,0.4925398576707227,0.814150546483964,0.5588576271290743,0.7057156670571847,0.5927383460664722,0.9306520857261501,0.5774222164053961,0.9289580671192135,0.8913942351776669,0.9486683916927517,0.8427468975899349
0.5787596176915767,0.939650753606772,0.646269792396567,0.5924370050165585,0.910025108381283,0.6513418226720802,0.4925398576707227,0.8161627821401278,0.5630024302969042,0.7118189653885416,0.5964040130180275,0.9340968189243959,0.579540160713033,0.9300924645634913,0.8990824555402148,0.9557007741367306,0.8458471314253362
0.5710920809041417,0.92718703928183,0.6391461817026672,0.5854163961433835,0.8961315952762252,0.644592999049969,0.48833896148045325,0.8057997685108831,0.5542292635916641,0.7024896379391817,0.5912720792858502,0.9260591081284886,0.5738923092260014,0.9221516824535458,0.8837060148151195,0.9474963279520885,0.8375798411975994
0.5696979833064261,0.9237878444659366,0.6367716448047006,0.5838806379523767,0.8953472840525526,0.6418613323457812,0.4866342499829526,0.8039887564203355,0.5542292635916641,0.7008330283920993,0.5867266522659218,0.9173324506929317,0.5710683834824856,0.9187484901207118,0.884804332009769,0.9394090881415128,0.8334461960837308
0.5710920809041417,0.9237878444659366,0.6359801325053784,0.5861477095676727,0.8971399954209471,0.6449947147417614,0.48785190105259596,0.8050954860312257,0.5565089053339707,0.702228068010695,0.5892926191320104,0.9215809549707684,0.5724803463542435,0.9221516824535458,0.884804332009769,0.9422220411191045,0.832722808188804
0.5690009345075684,0.9237878444659366,0.6367716448047006,0.5832224558705165,0.8953472840525526,0.6429861362827998,0.48748660573170294,0.805699156728075,0.5557490247532019,0.7011817882967482,0.5878263523513885,0.921466130530827,0.5710683834824856,0.9187484901207118,0.8859026492044186,0.9433941048597675,0.8333428549558839
0.570395032105284,0.928320104220461,0.6399376940019894,0.5843194260069501,0.8989327067893417,0.6466819206472892,0.4908960287267043,0.8099248516060195,0.5602392281850176,0.7057156670571847,0.5934714794567832,0.9283555969273191,0.5767162349695172,0.9266892722306574,0.8924925523723165,0.951012519174078,0.8406800750330006
0.5683038857087107,0.9226547795273055,0.6359801325053784,0.5841731633220921,0.895571372973602,0.6439502539431013,0.4893739648896501,0.8111321929997177,0.5580286664955083,0.7057156670571847,0.5912720792858502,0.925255337048898,0.5731863277901224,0.9266892722306574,0.8924925523723165,0.9474963279520885,0.836546429919132
0.5606363489212757,0.9090580002637322,0.6298063365706653,0.5767868977367728,0.8827983044737907,0.6353535381387455,0.4831639444344691,0.7979520494518436,0.5484956192094993,0.6906318011811169,0.580495018448278,0.9111319309360887,0.5662677097185087,0.9142109003436002,0.8776652702445462,0.9321422929494014,0.8242488357053733
0.5592422513235601,0.9074717093496487,0.6282233119720211,0.5746660888063345,0.8824621710922168,0.635433881277104,0.4826160014531296,0.7968453198409533,0.55042986068782,0.6943809701560932,0.5835741786875843,0.913083946415095,0.5666207004364482,0.9130765028993221,0.8743703186605973,0.934252007682595,0.8286925042027821
0.5592422513235601,0.9074717093496487,0.6282233119720211,0.5746660888063345,0.8824621710922168,0.635433881277104,0.4826160014531296,0.7968453198409533,0.55042986068782,0.6943809701560932,0.5835741786875843,0.913083946415095,0.5666207004364482,0.9130765028993221,0.8743703186605973,0.934252007682595,0.8286925042027821
0.5592422513235601,0.9074717093496487,0.6282233119720211,0.5746660888063345,0.8824621710922168,0.635433881277104,0.4826160014531296,0.7968453198409533,0.55042986068782,0.6943809701560932,0.5835741786875843,0.913083946415095,0.5666207004364482,0.9130765028993221,0.8743703186605973,0.934252007682595,0.8286925042027821
0.5592422513235601,0.9074717093496487,0.6282233119720211,0.5746660888063345,0.8824621710922168,0.635433881277104,0.4826160014531296,0.7968453198409533,0.55042986068782,0.6943809701560932,0.5835741786875843,0.913083946415095,0.5666207004364482,0.9130765028993221,0.8743703186605973,0.934252007682595,0.8286925042027821
0.5585452025247024,0.9070184833741963,0.6258487750740545,0.5748854828336213,0.8835826156974637,0.6367193714908393,0.48298129677402263,0.8015740736329388,0.5525713423245322,0.6983917090595564,0.5846005654340198,0.9175620995728148,0.5685268503133213,0.9142109003436002,0.8822782024620749,0.9390574690193139,0.8299325977369426
0.5585452025247024,0.9059987249294282,0.6259279263039867,0.5748123514911924,0.8825742155527415,0.6351928518620286,0.48279864911357606,0.8002661204564321,0.5505680207934144,0.6967350995124737,0.5853336988243308,0.9181362217725226,0.5686680466004971,0.915345297787878,0.878104597122406,0.9371821670342528,0.8311726912711032
0.5578481537258447,0.9064519509048807,0.6268777410631733,0.5748854828336213,0.8848151047632347,0.6351928518620286,0.481641880597415,0.8007691793704731,0.5509825011101973,0.6977813792264207,0.5865067122488284,0.918251046212464,0.5666207004364482,0.9130765028993221,0.8809602218284953,0.9367133415379877,0.8303459622483295
0.5578481537258447,0.9061120314232914,0.6267194386033089,0.5756899276003392,0.8834705712369387,0.6367997146291979,0.48413806529018377,0.7998636733251994,0.550844341004603,0.6950784899653911,0.5838674320437086,0.9161842062935163,0.5678914670210303,0.915345297787878,0.878543924000266,0.9329627375678655,0.8295192332255559
0.5540840902120129,0.9004467067301359,0.6207039451284602,0.5710095216848893,0.8783165260528043,0.6338270185099346,0.4807286422951825,0.7958392020128712,0.5484956192094993,0.6932475004659842,0.5828410452972733,0.9115912286958548,0.5635143821185807,0.9088792323554937,0.8754686358552469,0.9323767056975341,0.8240421534496801
0.5540840902120129,0.9004467067301359,0.6207039451284602,0.5710095216848893,0.8783165260528043,0.6338270185099346,0.4807286422951825,0.7958392020128712,0.5484956192094993,0.6932475004659842,0.5828410452972733,0.9115912286958548,0.5635143821185807,0.9088792323554937,0.8754686358552469,0.9323767056975341,0.8240421534496801
0.5538749755723557,0.9010132391994514,0.6215746086577146,0.5721064918213229,0.8792128817370017,0.6347911361702363,0.4829204142205405,0.7991593908455419,0.5507061808990087,0.6976069992740962,0.5850404454682065,0.9142321908145103,0.5679620651646181,0.915345297787878,0.8820585390231449,0.9376509925305182,0.826935705029388
0.5541537950918987,0.9002200937424096,0.623157633256359,0.5723258858486097,0.8797731040396252,0.6349518224469531,0.4835292397553621,0.8012722382845142,0.5523641021661406,0.6983917090595564,0.5850404454682065,0.9153804352139256,0.5683150558825576,0.9164796952321561,0.8828273610593996,0.9381198180267832,0.829829256609096
0.5519929438154396,0.8979539638651475,0.6210205500481892,0.5715945724243205,0.8783165260528043,0.634228734201727,0.48152011549045065,0.7983544965830762,0.5513969814269803,0.6965607195601493,0.581154838499558,0.9128542975352119,0.5696564206107276,0.915345297787878,0.8799717363533105,0.9365961351639213,0.8296225743534025
0.5578481537258447,0.907698322337375,0.6254530189243934,0.5753974022306235,0.8869439495132031,0.6379245185662165,0.4859036593411666,0.8037875328547192,0.5550582242252301,0.7013561682490725,0.589732499166197,0.9229588482500669,0.5717743649183645,0.9198828875649899,0.8859026492044186,0.9448005813485634,0.8344796073621978
0.5571511049269869,0.9053188859662495,0.6262445312237156,0.5765675037094862,0.8861596382895307,0.6393706950566688,0.4849904210389341,0.8048942624656094,0.5554727045420131,0.7023152579868572,0.5904656325565081,0.9254849859287807,0.5731863277901224,0.9187484901207118,0.8870009663990682,0.9452694068448285,0.836546429919132
0.5480894705418363,0.8924019456658551,0.6160340225624595,0.5658171963724371,0.8731624808686701,0.627158538026182,0.47804980994196716,0.7919153424833514,0.5464232176255843,0.6915037009427393,0.5802017650921535,0.9091799154570828,0.5626672043955261,0.9046819618116653,0.8728326745880877,0.9299153718421412,0.8220786720205926
0.5477409461424076,0.8905890417640453,0.615242510263137,0.5666947724815838,0.8733865697897193,0.6300508910070868,0.478719518030271,0.7925190131802006,0.5459396572560042,0.6907189911572791,0.5786621849725004,0.9060796555786612,0.564008569123696,0.9096733105664883,0.872063852551833,0.9285088953533456,0.8200118494636581
0.5401431142348583,0.8756325845741149,0.6095436217080173,0.5601860830054113,0.8616219014346302,0.622498636001391,0.4754927426957163,0.783765788075887,0.5385480916067074,0.6812152837555948,0.5738968179354786,0.9028645712602982,0.5621024192468229,0.9019594079453983,0.86536411766447,0.9164366388245152,0.8193918026965779
0.5415372118325736,0.8803914573163654,0.6085938069488307,0.5611367904569872,0.8653193686319438,0.6245875575987112,0.4741533265191086,0.7846712941211609,0.5420020942465656,0.6859235424683557,0.5770492915138162,0.9052758844990705,0.5605492600878892,0.9010518899899759,0.8626183246778457,0.9224141639018971,0.8203218728471983
0.5766684712950034,0.9328523639749855,0.6470613046958892,0.5909743781679804,0.900165195855113,0.6461195186787798,0.49040896829884684,0.8085162866467046,0.554989144172433,0.7010945983205857,0.5881929190465438,0.9230736726900084,0.5724803463542435,0.9255548747863797,0.8880992835937181,0.9426908666153696,0.836546429919132
0.5738802760995726,0.9339854289136165,0.6431037431992782,0.5881222558132531,0.9033024407498035,0.6488511853829677,0.491931032135901,0.814150546483964,0.5595484276570459,0.7057156670571847,0.5934714794567832,0.9295038413267345,0.5767162349695172,0.9312268620077694,0.8935908695669664,0.9498404554334148,0.8427468975899349
0.5690009345075684,0.9237878444659366,0.6383546694033452,0.5835881125826609,0.891313683473665,0.6408972146854797,0.48803454871304236,0.8048942624656094,0.5526404223773294,0.6981301391310697,0.5862867722317352,0.9203178861314117,0.5710683834824856,0.9210172850092677,0.8859026492044186,0.9401123263859108,0.8334461960837308
0.5669097881109953,0.9226547795273055,0.6359801325053784,0.5805897275430758,0.8899691499473691,0.6389689793648764,0.48553836402027356,0.8043912035515683,0.5521568620077492,0.6955144398462025,0.5846738787730509,0.9187103439722301,0.5683856540261456,0.915345297787878,0.8835961830956542,0.9351896586751254,0.8296225743534025
0.5717891297029993,0.9305862340977232,0.642312230899956,0.5854163961433835,0.8985965734077677,0.644914371603403,0.4900436729779539,0.8111321929997177,0.557061545756348,0.7047565773194,0.5912720792858502,0.9283555969273191,0.5731863277901224,0.9232860798978237,0.8902959179830173,0.9498404554334148,0.8375798411975994
0.5627274953178487,0.9158563898955189,0.6317851173189709,0.5787614439823532,0.8849271492237593,0.6355142244154625,0.4824942363461653,0.7983544965830762,0.5470449381007589,0.6908933711096037,0.5815947185337447,0.9144618396943932,0.5657029245698056,0.9114883464773329,0.8760177944525716,0.9321422929494014,0.8268323639015411
0.5655156905132798,0.9192555847114122,0.6351886202060564,0.5800778081460735,0.8917618613157636,0.6404954989936873,0.48559924657375575,0.8038881446375273,0.553331222905301,0.7003970785112879,0.589145992453948,0.9235329704497748,0.5710683834824856,0.9164796952321561,0.8837060148151195,0.9457382323410938,0.836546429919132
0.5634245441167066,0.9158563898955189,0.630043790260462,0.5784689186126376,0.8886246164210732,0.6383262342580087,0.48474689082500544,0.8016746854157469,0.5515351415325748,0.6981301391310697,0.5864333989097974,0.9195141150518211,0.5675384763030908,0.9164796952321561,0.8816192121452852,0.9416360092487728,0.8299325977369426
0.5634245441167066,0.9158563898955189,0.6318642685489032,0.5774450798186329,0.8887366608815976,0.6400134401635366,0.48517306869938054,0.8003667322392404,0.5505680207934144,0.6959503897270137,0.5859202055365795,0.917791748452698,0.5696564206107276,0.9164796952321561,0.8772259433666865,0.9399951200118444,0.8323094436774169
0.559939300122418,0.9090580002637322,0.6291731267312077,0.575836190285197,0.8860475938290061,0.6383262342580087,0.4839554176297373,0.8012722382845142,0.5513279013741832,0.6945553501084177,0.5846738787730509,0.9181362217725226,0.5710683834824856,0.9176140926764339,0.8790930825975907,0.9355412777973244,0.8318960791660301
0.559939300122418,0.9101910652023634,0.6291731267312077,0.5742273007517611,0.8840307935395622,0.636639028352481,0.48389453507625513,0.8011716265017059,0.5509825011101973,0.6982173291072319,0.5867999656049528,0.9205475350112947,0.5671854855851514,0.9130765028993221,0.88085039010903,0.9392918817674466,0.8300359388647892
0.5539446804522413,0.898520496334463,0.6233159357162236,0.571960229136465,0.8780924371317552,0.6339073616482932,0.48152011549045065,0.7963422609269122,0.5446962163056552,0.6896727114433322,0.5807149584653714,0.9142321908145103,0.5680326633082061,0.9119421054550442,0.8716245256739732,0.9280400698570802,0.8297259154812491
0.5560358268488146,0.9039592080398924,0.6236325406359523,0.5723258858486097,0.8810055931053963,0.6355945675538208,0.4829204142205405,0.8004673440220487,0.5496699801070511,0.694293780179931,0.5846005654340198,0.9158397329736916,0.5673266818723272,0.9130765028993221,0.8774456068056165,0.9358928969195234,0.8286925042027821
0.551923238935554,0.8994269482853678,0.6214954574277826,0.5710826530273182,0.8771960814475578,0.634389420478444,0.48212894102527226,0.797750825886227,0.5481502189455134,0.6951656799415534,0.5883395457246061,0.9188251684121719,0.5689504391748487,0.9164796952321561,0.8818388755842148,0.9463242642114253,0.8309660090154097
0.5522717633349827,0.8978406573712844,0.6206247938985281,0.5698394202060268,0.8782044815922797,0.6331842734030669,0.4825551188996475,0.7971471551893777,0.5478738987343249,0.694293780179931,0.5880462923684817,0.9173324506929317,0.567467878159503,0.9142109003436002,0.8816192121452852,0.9463242642114253,0.8297259154812491
0.5544326146114417,0.9018063846564932,0.6229201795665623,0.5736422500123299,0.8803333263422483,0.6361569695223303,0.48468600827152325,0.8025801914610208,0.5521568620077492,0.6986532789880432,0.5896591858271659,0.9229588482500669,0.567467878159503,0.9187484901207118,0.8830470244983296,0.9463242642114253,0.8311726912711032
0.5529688121338406,0.8982938833467369,0.6210997012781213,0.5714483097394627,0.8795490151185756,0.6344697636168024,0.4829204142205405,0.7998636733251994,0.5502917005822257,0.6943809701560932,0.5846738787730509,0.9183658706524054,0.5683150558825576,0.915345297787878,0.8782144288418711,0.9343692140566614,0.8296225743534025
0.5578481537258447,0.907698322337375,0.6276692533624957,0.5757630589427681,0.8842548824606112,0.6397724107484611,0.4863298372155418,0.8039887564203355,0.55457466385565,0.6999611286304767,0.5898791258442593,0.9246812148491901,0.5724803463542435,0.9210172850092677,0.8827175293399347,0.9442145494782317,0.8344796073621978
0.5478106510222933,0.8897958963070035,0.6148467541134761,0.5671335605361574,0.8736106587107687,0.63197912632769,0.48005893420687873,0.7953361430988303,0.5478048186815277,0.6944681601322555,0.5828410452972733,0.9134284197349197,0.566055915287745,0.9119421054550442,0.8760177944525716,0.9403467391340432,0.8256956114952274
0.548507699821151,0.8914954937149502,0.6170629885515783,0.5672798232210151,0.8721540807239482,0.6290867733467853,0.4784151052628602,0.7937263545738991,0.5453179367808297,0.689236761562521,0.581154838499558,0.9112467553760302,0.5635849802621686,0.9087657926110659,0.871844189112903,0.9297981654680751,0.8235254478104465
0.5483682900613793,0.8886628313683724,0.6166672324019171,0.5677917426180175,0.8727143030265713,0.629408145900219,0.47957187377902133,0.7933239074426662,0.5451106966224382,0.6894111415148455,0.5796885717189358,0.9127394730952705,0.5636555784057566,0.9099001900553437,0.8693180595652088,0.9300325782162076,0.8238354711939866
0.5459286192653774,0.8876430729236043,0.6135011832046283,0.5645739635511458,0.8686807024476838,0.626114077227522,0.47628421589098435,0.7899031068271873,0.5435218554081034,0.6887136217055476,0.5787354983115315,0.9079168466177256,0.5609728489494166,0.9012787694788316,0.868878732687349,0.9272196252386161,0.8217686486370525
0.5843360080824387,0.9487152731158208,0.6533934030904668,0.5946309452894256,0.90778421917079,0.6513418226720802,0.49497515981000934,0.8181750177962919,0.5595484276570459,0.7065875668188071,0.5934714794567832,0.9295038413267345,0.5753042720977594,0.9323612594520472,0.8924925523723165,0.951012519174078,0.8396466637545335
0.5794566664904344,0.9430499484226653,0.6478528169952112,0.5902430647436913,0.9033024407498035,0.6481280971377416,0.491931032135901,0.8121383108277999,0.557476026073131,0.7057156670571847,0.5905389458955392,0.9253701614888393,0.5731863277901224,0.9244204773421015,0.8913942351776669,0.9463242642114253,0.8375798411975994
0.5766684712950034,0.9351184938522477,0.6431037431992782,0.5875372050738218,0.8992688401709156,0.6461195186787798,0.49077426361973986,0.8084156748638963,0.5555417845948103,0.702228068010695,0.589145992453948,0.9229588482500669,0.5731863277901224,0.9244204773421015,0.8833765196567245,0.9453866132188949,0.8344796073621978
0.5864271544790117,0.9487152731158208,0.6518103784918222,0.5960935721380037,0.9122659975917761,0.6553589795900034,0.497410461949296,0.8211933712805378,0.5630024302969042,0.7118189653885416,0.5949377462374055,0.9329485745249806,0.5774222164053961,0.9368988492291591,0.8979841383455649,0.9545287103960675,0.8406800750330006
0.5752743736972881,0.9339854289136165,0.6407292063013115,0.5839537692948055,0.898148395565669,0.6442716264965351,0.4866951325364347,0.8024795796782125,0.5522259420605463,0.6980429491549074,0.5841606853998332,0.9166435040532828,0.5672560837287393,0.9142109003436002,0.8794225777559856,0.938002611652717,0.8278657751800081
0.5836389592835808,0.9475822081771896,0.6518103784918222,0.5946309452894256,0.910025108381283,0.6537521168228342,0.495583985344831,0.8181750177962919,0.5616208292409609,0.7092032661036743,0.5927383460664722,0.9295038413267345,0.5774222164053961,0.9312268620077694,0.894689186761616,0.9498404554334148,0.8406800750330006
0.5759714224961457,0.9351184938522477,0.6446867677979224,0.5879759931283953,0.9016217738419336,0.6474853520308738,0.491931032135901,0.8121383108277999,0.5588576271290743,0.7048437672955623,0.590319005878446,0.9272073525279039,0.5724803463542435,0.9244204773421015,0.8913942351776669,0.9498404554334148,0.836546429919132
0.5773655200938613,0.939650753606772,0.6470613046958892,0.5902430647436913,0.9052071965787226,0.6497349599049108,0.49314868320554434,0.8161627821401278,0.5616208292409609,0.7092032661036743,0.5934714794567832,0.9318003301255654,0.5753042720977594,0.9289580671192135,0.8957875039562657,0.9533566466554043,0.8386132524760664
0.5766684712950034,0.9373846237295097,0.6454782800972448,0.5884147811829686,0.8998290624735391,0.64716397947744,0.491931032135901,0.8111321929997177,0.557476026073131,0.7039718675339399,0.5886327990807304,0.9211216572110024,0.5710683834824856,0.9244204773421015,0.8880992835937181,0.9474963279520885,0.83158605578249
0.5717891297029993,0.928320104220461,0.6407292063013115,0.5850507394312391,0.8960195508157006,0.644592999049969,0.48919131722920356,0.8091199573435539,0.5543674236972584,0.6983917090595564,0.5865067122488284,0.921006832771061,0.5696564206107276,0.9221516824535458,0.8832666879372594,0.9398779136377782,0.8323094436774169
0.5731832273007148,0.9305862340977232,0.6407292063013115,0.5857089215130992,0.8960195508157006,0.644592999049969,0.4890695521222392,0.8074095570358144,0.5548509840668385,0.7017921181298838,0.5870199056220462,0.9193992906118793,0.5696564206107276,0.9210172850092677,0.884804332009769,0.942808072989436,0.829829256609096
0.5738802760995726,0.9317192990363542,0.642312230899956,0.5857820528555281,0.8977002177235706,0.6453160872951953,0.49077426361973986,0.8101260751716358,0.556232585122782,0.7029255878199929,0.5880462923684817,0.9223847260503595,0.5703624020466067,0.9232860798978237,0.8859026492044186,0.9438629303560329,0.8316893969103365
0.5752743736972881,0.9339854289136165,0.6431037431992782,0.5869521543343906,0.9000531513945884,0.6464408912322138,0.4907133810662577,0.8096230162575948,0.5560253449643904,0.7036231076292908,0.588926052436855,0.921006832771061,0.5724803463542435,0.9244204773421015,0.8837060148151195,0.9442145494782317,0.8344796073621978
0.5745773248984304,0.9317192990363542,0.642312230899956,0.5866596289646749,0.897476128802521,0.6463605480938552,0.491931032135901,0.8111321929997177,0.5560253449643904,0.7028383978438307,0.5896591858271659,0.9230736726900084,0.5731863277901224,0.9244204773421015,0.884804332009769,0.944331755852298,0.836546429919132
0.5613333977201334,0.9064519509048807,0.6287773705815466,0.5775913425034908,0.8849271492237593,0.6311756949441053,0.47725833674669904,0.7883939300850643,0.5451797766752354,0.6928987405613352,0.5855536388414242,0.916987977373107,0.5620318211032349,0.8971949386794308,0.8677804154926991,0.9419876283709717,0.8241454945775267
0.564818641714422,0.9158563898955189,0.6322600246985642,0.5775182111610618,0.8891848387236966,0.6381655479812918,0.48462512571804117,0.8019765207641715,0.552502262271735,0.6981301391310697,0.5858468921975485,0.9173324506929317,0.5678208688774424,0.9142109003436002,0.8799717363533105,0.9401123263859108,0.8292092098420156
0.5690009345075684,0.9237878444659366,0.6383546694033452,0.5834418498978031,0.8929943503815347,0.6429861362827998,0.4898610253175074,0.8076107806014308,0.5547128239612443,0.7010945983205857,0.5883395457246061,0.9223847260503595,0.5724803463542435,0.9232860798978237,0.8837060148151195,0.9445661686004306,0.835513018640665
0.5655156905132798,0.9192555847114122,0.6333681419176154,0.579712151433929,0.8901932388684182,0.6397724107484611,0.4866951325364347,0.8043912035515683,0.5535384630636925,0.6981301391310697,0.5844539387559576,0.9173324506929317,0.5703624020466067,0.9187484901207118,0.8827175293399347,0.936478928789855,0.8323094436774169
0.567606836909853,0.9203886496500432,0.6359801325053784,0.5819060917067961,0.8928823059210101,0.6429057931444414,0.4880954312665246,0.8071077216873898,0.5539529433804755,0.7009202183682613,0.5875330989952638,0.9233033215698916,0.5731863277901224,0.9221516824535458,0.8830470244983296,0.9414015965006401,0.8344796073621978
0.5669097881109953,0.9226547795273055,0.6359801325053784,0.5802240708309314,0.8925461725394361,0.6417006460690643,0.48748660573170294,0.8073089452530061,0.5547128239612443,0.6993507987973411,0.5867999656049528,0.9204327105713531,0.5688798410312608,0.9176140926764339,0.8859026492044186,0.9421048347450381,0.8316893969103365
0.5655156905132798,0.91698945483415,0.6324974783883609,0.5784689186126376,0.8895209721052701,0.6396920676101027,0.48596454189464877,0.805196097814034,0.552502262271735,0.6965607195601493,0.5853336988243308,0.9173324506929317,0.5675384763030908,0.915345297787878,0.8813995487063551,0.9388230562711812,0.8300359388647892
0.5627274953178487,0.9113241301409944,0.6291731267312077,0.5762749783397704,0.8864957716711046,0.6380852048429333,0.4845033606110768,0.8007691793704731,0.5518805417965605,0.6944681601322555,0.5818879718898691,0.9131987708550364,0.5666207004364482,0.9142109003436002,0.8784340922808008,0.934252007682595,0.8259022937509207
0.559939300122418,0.9090580002637322,0.6277484045924278,0.5757630589427681,0.8845910158421852,0.6380852048429333,0.48383365252277294,0.7997630615423911,0.5510515811629945,0.6967350995124737,0.5863600855707661,0.9196289394917625,0.5689504391748487,0.915345297787878,0.878543924000266,0.9402295327599771,0.8297259154812491
0.5613333977201334,0.9113241301409944,0.6287773705815466,0.5780301305580642,0.8878403051974006,0.6396117244717442,0.4862689546620596,0.8038881446375273,0.5540220234332727,0.6995251787496655,0.5851137588072376,0.9185955195322887,0.5696564206107276,0.9187484901207118,0.884804332009769,0.9389402626452477,0.8288991864584755
0.5669097881109953,0.9192555847114122,0.6351886202060564,0.581979223049225,0.8954593285130772,0.6446733421883276,0.4898001427640252,0.8111321929997177,0.5581668266011026,0.704059057510102,0.5912720792858502,0.9272073525279039,0.5745982906618804,0.9266892722306574,0.8924925523723165,0.9442145494782317,0.8386132524760664
0.564818641714422,0.91698945483415,0.6351886202060564,0.581247909624936,0.8915377723947142,0.6443519696348936,0.4902872031918825,0.8085162866467046,0.5563707452283763,0.7043206274385888,0.5927383460664722,0.9272073525279039,0.5745982906618804,0.9244204773421015,0.8870009663990682,0.9486683916927517,0.8396466637545335
0.5565934658879007,0.9029394495951243,0.6243449017053423,0.572033360478894,0.8787647038949031,0.6338270185099346,0.4818854108113437,0.7961410373612958,0.5486337793150937,0.6923756007043617,0.5803483917702157,0.9117060531357966,0.5651381394211024,0.9119421054550442,0.8765669530498965,0.930149784590274,0.8238354711939866
0.559939300122418,0.9090580002637322,0.6278275558223599,0.5762018469973416,0.8851512381448087,0.6380852048429333,0.48413806529018377,0.8024795796782125,0.5529858226413151,0.6974326193217718,0.5835741786875843,0.9140025419346272,0.5680326633082061,0.915345297787878,0.8813995487063551,0.9358928969195234,0.8287958453306286
0.5487168144608083,0.8910422677394978,0.6175378959311716,0.5668410351664418,0.8696891025924057,0.6288457439317099,0.47865863547678883,0.7913116717865022,0.5452488567280325,0.688888001657872,0.5777091115650961,0.9055055333789535,0.5610434470930044,0.9045685220672375,0.8710753670766482,0.9266335933682844,0.817531662395337
0.5487168144608083,0.8910422677394978,0.6175378959311716,0.5668410351664418,0.8696891025924057,0.6288457439317099,0.47865863547678883,0.7913116717865022,0.5452488567280325,0.688888001657872,0.5777091115650961,0.9055055333789535,0.5610434470930044,0.9045685220672375,0.8710753670766482,0.9266335933682844,0.817531662395337
0.5487168144608083,0.8910422677394978,0.6175378959311716,0.5668410351664418,0.8696891025924057,0.6288457439317099,0.47865863547678883,0.7913116717865022,0.5452488567280325,0.688888001657872,0.5777091115650961,0.9055055333789535,0.5610434470930044,0.9045685220672375,0.8710753670766482,0.9266335933682844,0.817531662395337
0.5487168144608083,0.8910422677394978,0.6175378959311716,0.5668410351664418,0.8696891025924057,0.6288457439317099,0.47865863547678883,0.7913116717865022,0.5452488567280325,0.688888001657872,0.5777091115650961,0.9055055333789535,0.5610434470930044,0.9045685220672375,0.8710753670766482,0.9266335933682844,0.817531662395337
0.5493441583797803,0.8914954937149502,0.6169838373216459,0.5669872978512995,0.8705854582766028,0.6291671164851437,0.47798892738848503,0.791714118917735,0.5459396572560042,0.6890623816101965,0.576975978174785,0.9059648311387197,0.5624554099647624,0.9066104374669378,0.8775554385250813,0.9251099105054224,0.8184617325459574
0.5533870414131551,0.8978406573712844,0.6203873402087314,0.5694737634938823,0.8775322148291317,0.6317380969126146,0.4810330550625933,0.7983544965830762,0.5502226205294285,0.6934218804183087,0.5806416451263401,0.9127394730952705,0.5659853171441571,0.9117152259661886,0.8755784675747118,0.9310874355828045,0.8268323639015411
0.5522717633349827,0.8971608184081057,0.6200707352890026,0.5694737634938823,0.8754033700791632,0.6307739792523129,0.48078952484866466,0.7953361430988303,0.5460087373088013,0.6913293209904149,0.58130146517762,0.9107874576162641,0.5655617282826297,0.9103539490330551,0.8708557036377181,0.9316734674531361,0.8252822469838405
0.5470438973435497,0.8883229118867831,0.6127888221352383,0.5623800232782785,0.8664398132371907,0.6245875575987112,0.4754927426957163,0.7898024950443792,0.5426238147217401,0.6858363524921935,0.5774891715480028,0.9041276400996553,0.5595608860776586,0.8988965348458478,0.8663526031396546,0.9255787360016877,0.8155681809662495
0.5836389592835808,0.9430499484226653,0.6526018907911444,0.5953622587137146,0.9089046637760365,0.6497349599049108,0.49436633427518767,0.814150546483964,0.5595484276570459,0.7044078174147511,0.5905389458955392,0.9255998103687222,0.5745982906618804,0.9300924645634913,0.894689186761616,0.9463242642114253,0.8396466637545335
0.5878212520767273,0.9532475328703451,0.6565594522877554,0.5990188258351599,0.9145068868022694,0.6545555482064187,0.497410461949296,0.82219948910862,0.5623116297689326,0.7092032661036743,0.5971371464083385,0.9363933077232269,0.5788341792771541,0.9346300543406032,0.8968858211509153,0.9545287103960675,0.8458471314253362
0.58085076408815,0.9419168834840341,0.650227353893178,0.5931683184408475,0.9048710631971485,0.6489315285213262,0.49375750874036606,0.814150546483964,0.5564398252811734,0.7026640178915062,0.5912720792858502,0.9295038413267345,0.5753042720977594,0.9278236696749356,0.8870009663990682,0.9486683916927517,0.8386132524760664
0.5766684712950034,0.9373846237295097,0.6454782800972448,0.5879759931283953,0.9010615515393102,0.6458784892637045,0.4894957299966144,0.8075101688186225,0.553331222905301,0.7024024479630195,0.589072679114917,0.9237626193296576,0.5710683834824856,0.9187484901207118,0.8830470244983296,0.942808072989436,0.835513018640665
0.5843360080824387,0.9487152731158208,0.6518103784918222,0.5938996318651365,0.9089046637760365,0.6513418226720802,0.49314868320554434,0.8151566643120459,0.5588576271290743,0.7065875668188071,0.5934714794567832,0.9283555969273191,0.5745982906618804,0.9255548747863797,0.8902959179830173,0.9486683916927517,0.8386132524760664
0.5815478128870076,0.9419168834840341,0.6470613046958892,0.5924370050165585,0.90778421917079,0.6497349599049108,0.491931032135901,0.8131444286558819,0.5577523462843196,0.7032743477246419,0.5892926191320104,0.9233033215698916,0.5738923092260014,0.9244204773421015,0.8891976007883677,0.9433941048597675,0.835513018640665
0.5773655200938613,0.9362515587908787,0.642312230899956,0.588926700579971,0.9043108408945254,0.6467622637856476,0.491931032135901,0.8095224044747866,0.556647065439565,0.7024024479630195,0.589805812505228,0.9244515659693068,0.5717743649183645,0.9244204773421015,0.8837060148151195,0.9455038195929614,0.8329294904444972
0.578062568892719,0.9385176886681409,0.6431037431992782,0.5891460946072578,0.9029663073682296,0.6470032932007229,0.4902263206384004,0.8101260751716358,0.5556799447004046,0.7010074083444237,0.5900257525223214,0.9227291993701838,0.5703624020466067,0.9210172850092677,0.8870009663990682,0.9436285176079001,0.8328261493166506
0.5710920809041417,0.928320104220461,0.6399376940019894,0.583514981240232,0.8925461725394361,0.6429057931444414,0.48736484062473856,0.8074095570358144,0.5521568620077492,0.6992636088211788,0.5862134588927042,0.9187103439722301,0.5671854855851514,0.915345297787878,0.884804332009769,0.9382370244008497,0.830449303376176
0.5766684712950034,0.9373846237295097,0.6454782800972448,0.5881222558132531,0.8977002177235706,0.6460391755404215,0.491931032135901,0.8121383108277999,0.5556108646476074,0.7028383978438307,0.588926052436855,0.9237626193296576,0.5710683834824856,0.9221516824535458,0.8891976007883677,0.9442145494782317,0.832722808188804
0.5752743736972881,0.9339854289136165,0.6438952554986004,0.5872446797041062,0.8984845289472431,0.6455571167102707,0.491931032135901,0.8111321929997177,0.556647065439565,0.7024896379391817,0.589805812505228,0.9208920083311193,0.5710683834824856,0.9255548747863797,0.8891976007883677,0.9439801367300991,0.8321027614217237
0.5766684712950034,0.9339854289136165,0.6470613046958892,0.5880491244708241,0.8987086178682925,0.6474050088925153,0.4913222066010794,0.8111321929997177,0.5563016651755791,0.7030127777961552,0.590392319217477,0.9258294592486054,0.5731863277901224,0.9244204773421015,0.8880992835937181,0.9460898514632928,0.8344796073621978
0.570395032105284,0.92718703928183,0.6407292063013115,0.5849044767463812,0.8929943503815347,0.6425040774526489,0.48718219296429205,0.8045924271171847,0.5538838633276782,0.6992636088211788,0.5859935188756108,0.9180213973325808,0.5696564206107276,0.9176140926764339,0.8834863513761895,0.9376509925305182,0.8292092098420156
0.572486178501857,0.9294531691590922,0.642312230899956,0.5855626588282413,0.8957954618946512,0.6437092245280259,0.4888260219083106,0.8067052745561569,0.5552654643836216,0.7015305482013972,0.5867999656049528,0.9197437639317039,0.5696564206107276,0.9187484901207118,0.8859026492044186,0.9406983582562422,0.8306559856318696
0.5731832273007148,0.9294531691590922,0.641520718600634,0.5856357901706702,0.8945629728288801,0.6449947147417614,0.48888690446179267,0.8075101688186225,0.5547128239612443,0.6999611286304767,0.5851870721462686,0.9176769240127562,0.5703624020466067,0.9221516824535458,0.8870009663990682,0.9392918817674466,0.830449303376176
0.5710920809041417,0.92718703928183,0.6399376940019894,0.5841000319796633,0.8937786616052075,0.643387851974592,0.48821719637348887,0.8064034392077323,0.5544365037500556,0.6988276589403676,0.5852603854852998,0.9168731529331655,0.5696564206107276,0.9187484901207118,0.884804332009769,0.9378854052786507,0.8314827146546433
0.5717891297029993,0.92718703928183,0.6407292063013115,0.583514981240232,0.8946750172894047,0.6427451068677243,0.4879736661595602,0.8053973213796504,0.5534693830108952,0.6996123687258279,0.5865800255878595,0.9187103439722301,0.5688798410312608,0.9164796952321561,0.8837060148151195,0.9394090881415128,0.8301392799926361
0.5745773248984304,0.9317192990363542,0.6438952554986004,0.5870984170192484,0.8983724844867186,0.6453160872951953,0.4903480857453647,0.8101260751716358,0.5551273042780274,0.7026640178915062,0.5887794257587927,0.9226143749302423,0.5710683834824856,0.9210172850092677,0.8891976007883677,0.9439801367300991,0.8344796073621978
0.5634245441167066,0.9147233249568877,0.6327349320781575,0.5782495245853508,0.8872800828947772,0.6372817734593487,0.48334659209491565,0.7974489905378024,0.5509134210574002,0.694293780179931,0.583354238670491,0.9141173663745686,0.5663383078620966,0.9119421054550442,0.8743703186605973,0.9335487694381971,0.8255922703673806
0.5627274953178487,0.9135902600182566,0.6305978488699876,0.5776644738459196,0.8864957716711046,0.6364783420757639,0.48407718273670164,0.8007691793704731,0.5500844604238342,0.6940322102514443,0.582694418619211,0.9134284197349197,0.565420531995454,0.9130765028993221,0.8782144288418711,0.9348380395529265,0.8270390461572347
0.5627274953178487,0.9135902600182566,0.6305978488699876,0.5776644738459196,0.8864957716711046,0.6364783420757639,0.48407718273670164,0.8007691793704731,0.5500844604238342,0.6940322102514443,0.582694418619211,0.9134284197349197,0.565420531995454,0.9130765028993221,0.8782144288418711,0.9348380395529265,0.8270390461572347
0.5690009345075684,0.9226547795273055,0.6367716448047006,0.5831493245280874,0.894899106210454,0.6427451068677243,0.48888690446179267,0.8073089452530061,0.5542983436444613,0.7006586484397747,0.5896591858271659,0.9215809549707684,0.5696564206107276,0.9210172850092677,0.8870009663990682,0.944683374974497,0.8291058687141687
0.5655156905132798,0.9158563898955189,0.6327349320781575,0.57898083800964,0.8891848387236966,0.6385672636730841,0.48486865593196976,0.8013728500673223,0.551673301638169,0.6962119596555004,0.5847471921120819,0.9167583284932241,0.5678914670210303,0.9130765028993221,0.8805208949506352,0.9361273096676559,0.8294158920977089
0.5717891297029993,0.92718703928183,0.6399376940019894,0.585855184197957,0.8987086178682925,0.6456374598486291,0.49010455553143606,0.8111321929997177,0.5554036244892159,0.7027512078676685,0.5912720792858502,0.9272073525279039,0.5710683834824856,0.9210172850092677,0.8891976007883677,0.9452694068448285,0.835513018640665
0.5662127393121374,0.9158563898955189,0.6343971079067342,0.5807359902279337,0.8896330165657951,0.6393706950566688,0.48693866275036346,0.8048942624656094,0.5515351415325748,0.6943809701560932,0.582694418619211,0.9151507863340423,0.5678914670210303,0.9164796952321561,0.8816192121452852,0.9351896586751254,0.8281757985635483
0.5627274953178487,0.9124571950796256,0.6299646390305299,0.5764943723670571,0.8840307935395622,0.6372014303209902,0.4828595316670583,0.7985557201486926,0.5480811388927164,0.694293780179931,0.5819612852289,0.9109022820562059,0.5638673728365202,0.9130765028993221,0.8772259433666865,0.9344864204307276,0.8225953776598259
0.567606836909853,0.9203886496500432,0.6359801325053784,0.5829299305008008,0.8900811944078936,0.6404954989936873,0.4867560150899169,0.8064034392077323,0.5531930627997067,0.6970838594171228,0.5865800255878595,0.9189399928521133,0.5689504391748487,0.9164796952321561,0.88085039010903,0.936478928789855,0.8313793735267964
0.557081400047101,0.9050922729785233,0.6247406578550035,0.5708632590000315,0.8786526594343783,0.634389420478444,0.48127658527652195,0.7967447080581451,0.5475975785231362,0.6920268407997128,0.5816680318727757,0.9114764042559134,0.5640791672672839,0.9078582746556435,0.8755784675747118,0.9308530228346719,0.8243521768332203
0.5613333977201334,0.9113241301409944,0.632180873468632,0.578103261900493,0.8857114604474321,0.6390493225032349,0.48553836402027356,0.8020771325469798,0.5505680207934144,0.6969966694409605,0.5851870721462686,0.9174472751328734,0.5678208688774424,0.9176140926764339,0.8789832508781258,0.9381198180267832,0.8278657751800081
0.559939300122418,0.9079249353251011,0.627431799672699,0.5747392201487636,0.8832464823158895,0.637683489151141,0.4840163001832194,0.7994612261939665,0.5500844604238342,0.6949041100130667,0.582034598567931,0.9128542975352119,0.5679620651646181,0.9164796952321561,0.8788734191586609,0.930149784590274,0.8267290227736945
0.5570116951672154,0.9058854184355651,0.6261653799937832,0.5735691186699009,0.8810055931053963,0.6347107930318777,0.4825551188996475,0.797750825886227,0.5494627399486597,0.6938578302991197,0.5829143586363044,0.9148063130142179,0.5676796725902666,0.9113749067329053,0.878104597122406,0.9335487694381971,0.8266256816458478
0.5606363489212757,0.9101910652023634,0.6289356730414111,0.5756167962579103,0.884366926921136,0.6382458911196502,0.4853557163598271,0.7992600026283502,0.5498081402126456,0.6952528699177157,0.5842339987388643,0.9145766641343349,0.5672560837287393,0.9164796952321561,0.8779947654029411,0.9363617224157887,0.8274524106686214
0.562030446518991,0.9124571950796256,0.6311519074795132,0.577371948476204,0.8859355493684812,0.638888636226518,0.4866951325364347,0.803686921071911,0.55042986068782,0.694991299989229,0.5855536388414242,0.9160693818535749,0.5703624020466067,0.9187484901207118,0.8807405583895652,0.9374165797823855,0.8306559856318696
0.5592422513235601,0.9054321924601128,0.6276692533624957,0.5756899276003392,0.8833585267764141,0.6361569695223303,0.48383365252277294,0.7995618379767747,0.5489791795790795,0.694293780179931,0.5819612852289,0.9121653508955626,0.5668324948672119,0.915345297787878,0.8796422411949156,0.9321422929494014,0.8251789058559937
0.5553387780499567,0.9019196911503563,0.623474238176088,0.5710826530273182,0.8778683482107057,0.6336663322332178,0.48139835038348633,0.7975496023206107,0.5464232176255843,0.6903702312526302,0.5788821249895938,0.9097540376567902,0.5638673728365202,0.9113749067329053,0.8746998138189923,0.9266335933682844,0.8248688824724536
0.5562449414884719,0.9031660625828505,0.6242657504754102,0.570497602287887,0.8787647038949031,0.6348714793085948,0.48078952484866466,0.7960404255784875,0.5465613777311786,0.6901086613241434,0.5818146585508378,0.9118208775757379,0.565349933851866,0.907631395166788,0.8742604869411322,0.9309702292087382,0.8253855881116873
0.5526202877344116,0.8956878339878852,0.6199915840590704,0.5688887127544511,0.8746190588554907,0.6302919204221622,0.4807286422951825,0.7946318606191728,0.5446271362528581,0.6883648618008986,0.5791753783457182,0.9095243887769074,0.5624554099647624,0.9099001900553437,0.868659069248419,0.9274540379867486,0.8230087421712128
0.5585452025247024,0.9066785638926069,0.6257696238441223,0.5729109365880408,0.8817899043290688,0.6384065773963672,0.484564243164559,0.8019765207641715,0.5512588213213859,0.6966479095363116,0.5832076119924289,0.9140025419346272,0.5683150558825576,0.9187484901207118,0.8810700535479601,0.9356584841713907,0.8277624340521617
0.5557570073292714,0.9012398521871777,0.6232367844862914,0.5721064918213229,0.8776442592896566,0.635433881277104,0.48389453507625513,0.7986563319315009,0.5486337793150937,0.693945020275282,0.5827677319582423,0.9097540376567902,0.5659853171441571,0.915345297787878,0.8778849336834762,0.9322594993234676,0.8240421534496801
0.554641729251099,0.8994269482853678,0.6211788525080535,0.5715214410818917,0.8765238146844098,0.6321398126044069,0.48170276315089716,0.797650214103419,0.5467686178895701,0.6926371706328484,0.5821079119069623,0.909065091017141,0.5632319895442293,0.9117152259661886,0.8761276261720368,0.933900388560396,0.8211486018699722
0.5513655998964677,0.8954612210001591,0.6188043156100871,0.5687424500695932,0.8732745253291947,0.6307739792523129,0.47957187377902133,0.7920159542661596,0.5462159774671929,0.6901958513003056,0.5780756782602515,0.905390708939012,0.5632319895442293,0.9070641964446489,0.8727228428686228,0.925344323253555,0.8207352373585851
0.5536658609326983,0.8986338028283262,0.6211788525080535,0.5688887127544511,0.8758515479212617,0.6310953518057468,0.4802415818673252,0.795738590230063,0.5460087373088013,0.6910677510619281,0.581154838499558,0.9087206176973164,0.5635849802621686,0.9087657926110659,0.8741506552216672,0.9305014037124729,0.8222853542762858
0.5530385170137263,0.8989737223099155,0.6207039451284602,0.5691812381241667,0.8755154145396878,0.6324611851578408,0.47914569590464623,0.7929214603114335,0.5449725365168439,0.6908061811334413,0.5801284517531224,0.9094095643369656,0.5647851487031629,0.9075179554223601,0.8699770498819986,0.9288605144755445,0.8240421534496801
0.5406310483940586,0.8754059715863884,0.6069316311202543,0.5557250711172482,0.8559076339478724,0.6185618222218263,0.47068302097062514,0.7790370342839016,0.5336434078581087,0.6729322360201818,0.567665184117835,0.8918414250259106,0.554619016026506,0.8918632706913245,0.8539416188401135,0.9092870500064699,0.8085409842726734
0.5433495387096037,0.8822043612181752,0.6085938069488307,0.5585040621295466,0.8598291900662357,0.6205704006807878,0.47220508480767925,0.7808480463744493,0.5375118908147499,0.6790355343515387,0.5690581375594258,0.8892004629072554,0.5513715014214629,0.8929976681356024,0.8580053924603173,0.9140925113431889,0.804614021414498
0.5487168144608083,0.8910422677394978,0.6159548713325271,0.5655978023451503,0.8684566135266343,0.6268371654727483,0.47640598099794873,0.7880920947366399,0.5438672556720893,0.6850516427067335,0.5769026648357539,0.9032090445801227,0.560690456375065,0.901505648967687,0.8662427714201898,0.924172259512892,0.817531662395337
0.585730105680154,0.9487152731158208,0.6541849153897888,0.5968248855622927,0.9133864421970229,0.6537521168228342,0.495583985344831,0.8181750177962919,0.5623116297689326,0.7092032661036743,0.5949377462374055,0.9329485745249806,0.5788341792771541,0.9323612594520472,0.8979841383455649,0.9533566466554043,0.8458471314253362
0.5864271544790117,0.9464491432385587,0.654976427689111,0.5968248855622927,0.9089046637760365,0.6505383912884954,0.49375750874036606,0.8161627821401278,0.5602392281850176,0.7047565773194,0.5898791258442593,0.9272073525279039,0.5745982906618804,0.9266892722306574,0.894689186761616,0.9452694068448285,0.8386132524760664
0.5836389592835808,0.9475822081771896,0.6533934030904668,0.5946309452894256,0.9089046637760365,0.6496546167665523,0.49314868320554434,0.814150546483964,0.5602392281850176,0.7065875668188071,0.5927383460664722,0.9295038413267345,0.5738923092260014,0.9244204773421015,0.8957875039562657,0.9498404554334148,0.8386132524760664
0.5822448616858654,0.9419168834840341,0.650227353893178,0.5931683184408475,0.905095152118198,0.6486904991062508,0.49120044149411507,0.8096230162575948,0.5588576271290743,0.7047565773194,0.5909788259297257,0.9260591081284886,0.5753042720977594,0.9232860798978237,0.8902959179830173,0.9460898514632928,0.8396466637545335
0.5794566664904344,0.9385176886681409,0.6470613046958892,0.5909743781679804,0.8999411069340636,0.6437092245280259,0.4888260219083106,0.8078120041670471,0.5551273042780274,0.7008330283920993,0.5862867722317352,0.9195141150518211,0.5689504391748487,0.9210172850092677,0.8880992835937181,0.9417532156228391,0.830862667887563
0.5815478128870076,0.9407838185454032,0.6486443292945334,0.5924370050165585,0.9007254181577361,0.6463605480938552,0.4889477870152749,0.8081138395154718,0.5578905063899139,0.7025768279153439,0.5857735788585174,0.9180213973325808,0.5703624020466067,0.9210172850092677,0.8891976007883677,0.9401123263859108,0.8316893969103365
0.5843360080824387,0.9441830133612964,0.6541849153897888,0.5968248855622927,0.9089046637760365,0.6497349599049108,0.49314868320554434,0.8161627821401278,0.5602392281850176,0.7065875668188071,0.5920052126761612,0.9295038413267345,0.5767162349695172,0.9278236696749356,0.894689186761616,0.9474963279520885,0.8406800750330006
0.5822448616858654,0.9407838185454032,0.6454782800972448,0.5909743781679804,0.9049831076576734,0.6446733421883276,0.48718219296429205,0.8021777443297878,0.5507061808990087,0.6997867486781523,0.5942046128470945,0.9295038413267345,0.5696564206107276,0.9114883464773329,0.8787635874391958,0.9521845829147412,0.8344796073621978
0.5878212520767273,0.9498483380544519,0.6581424768863998,0.5975561989865817,0.9122659975917761,0.6529486854392496,0.49497515981000934,0.819181135624374,0.5609300287129892,0.7074594665804295,0.5942046128470945,0.9318003301255654,0.5760102535336382,0.9312268620077694,0.8979841383455649,0.951012519174078,0.8448137201468691
0.5850330568812964,0.9464491432385587,0.6533934030904668,0.5968248855622927,0.9089046637760365,0.6497349599049108,0.49497515981000934,0.8151566643120459,0.5609300287129892,0.7057156670571847,0.5927383460664722,0.9283555969273191,0.5731863277901224,0.9266892722306574,0.894689186761616,0.9498404554334148,0.8396466637545335
0.5871242032778694,0.9521144679317142,0.6557679399884332,0.5968248855622927,0.9133864421970229,0.6537521168228342,0.49680163641447433,0.8181750177962919,0.5602392281850176,0.7083313663420521,0.5956708796277164,0.9318003301255654,0.5781281978412751,0.9300924645634913,0.894689186761616,0.9533566466554043,0.843780308868402
0.580153715289292,0.9407838185454032,0.650227353893178,0.5917056915922694,0.9040867519734761,0.6480477539993831,0.491931032135901,0.8121383108277999,0.5567852255451592,0.7037102976054531,0.591198765946819,0.9272073525279039,0.5745982906618804,0.9244204773421015,0.8880992835937181,0.951012519174078,0.8396466637545335
0.5836389592835808,0.9475822081771896,0.6518103784918222,0.5953622587137146,0.9122659975917761,0.6529486854392496,0.49619281087965267,0.819181135624374,0.5623116297689326,0.7083313663420521,0.5971371464083385,0.9340968189243959,0.5767162349695172,0.9312268620077694,0.8968858211509153,0.9557007741367306,0.8417134863114677
0.5773655200938613,0.9351184938522477,0.6470613046958892,0.5893654886345444,0.8996049735524896,0.6441912833581768,0.4895566125500965,0.8089187337779373,0.5535384630636925,0.6984788990357186,0.5881196057075128,0.9228440238101255,0.5710683834824856,0.9198828875649899,0.8837060148151195,0.9418704219969055,0.835513018640665
0.58085076408815,0.9407838185454032,0.6494358415938558,0.5931683184408475,0.9038626630524266,0.6476460383075907,0.491931032135901,0.8121383108277999,0.5588576271290743,0.704059057510102,0.590319005878446,0.9258294592486054,0.5731863277901224,0.9232860798978237,0.8902959179830173,0.94585543871516,0.8375798411975994
0.5815478128870076,0.9419168834840341,0.6494358415938558,0.5931683184408475,0.9022940406050816,0.6478067245843077,0.491931032135901,0.8121383108277999,0.5575451061259281,0.7023152579868572,0.588926052436855,0.921466130530827,0.5717743649183645,0.9221516824535458,0.8902959179830173,0.9442145494782317,0.8331361727001907
0.5731832273007148,0.928320104220461,0.6431037431992782,0.5873178110465351,0.8964677286577991,0.6424237343142906,0.48833896148045325,0.8077113923842391,0.5560944250171876,0.7002226985589635,0.5843073120778953,0.9149211374541596,0.5689504391748487,0.9198828875649899,0.8870009663990682,0.9382370244008497,0.8301392799926361
0.5710920809041417,0.928320104220461,0.6399376940019894,0.582783667815943,0.8922100391578621,0.6410579009621966,0.48687778019688127,0.8034856975062945,0.5536766231692868,0.6987404689642053,0.5848938187901442,0.915495259653867,0.5684562521697335,0.915345297787878,0.8833765196567245,0.9378854052786507,0.830449303376176
0.5710920809041417,0.9260539743431987,0.6407292063013115,0.5836612439250899,0.8937786616052075,0.6419416754841397,0.48718219296429205,0.8048942624656094,0.5523641021661406,0.6958631997508513,0.5857735788585174,0.9176769240127562,0.5696564206107276,0.9187484901207118,0.8819487073036799,0.9365961351639213,0.8312760323989499
0.572486178501857,0.92718703928183,0.6407292063013115,0.5846850827190945,0.8953472840525526,0.6425040774526489,0.4889477870152749,0.8072083334701978,0.5536075431164896,0.6983917090595564,0.5851137588072376,0.9156100840938088,0.5676796725902666,0.9176140926764339,0.8834863513761895,0.9391746753933802,0.8280724574357018
0.562030446518991,0.9124571950796256,0.6284607656618177,0.5762749783397704,0.8829103489343156,0.636639028352481,0.48334659209491565,0.800165508673624,0.5489100995262823,0.6930731205136597,0.5824011652630867,0.9115912286958548,0.5652087375646903,0.9130765028993221,0.878104597122406,0.933900388560396,0.8246622002167604
0.562030446518991,0.9124571950796256,0.6284607656618177,0.5762749783397704,0.8829103489343156,0.636639028352481,0.48334659209491565,0.800165508673624,0.5489100995262823,0.6930731205136597,0.5824011652630867,0.9115912286958548,0.5652087375646903,0.9130765028993221,0.878104597122406,0.933900388560396,0.8246622002167604
0.5878212520767273,0.9487152731158208,0.6573509645870776,0.601212766108027,0.9122659975917761,0.6513418226720802,0.49497515981000934,0.819181135624374,0.5650748318808192,0.7161784641966537,0.6030022135308268,0.9421345297203036,0.5781281978412751,0.9368988492291591,0.9045740415134631,0.9627331565807096,0.8468805427038032
0.5892153496744427,0.9498483380544519,0.6557679399884332,0.601212766108027,0.9133864421970229,0.6529486854392496,0.49497515981000934,0.8181750177962919,0.5650748318808192,0.7144346646734088,0.60520161370176,0.9444310185191342,0.5774222164053961,0.9312268620077694,0.901279089929514,0.967421411543362,0.8479139539822705
0.5871242032778694,0.9487152731158208,0.654976427689111,0.5975561989865817,0.910025108381283,0.6496546167665523,0.49314868320554434,0.8151566643120459,0.5623116297689326,0.7109470656269192,0.5986034131889606,0.9386897965220574,0.5788341792771541,0.9266892722306574,0.8979841383455649,0.9557007741367306,0.8479139539822705
0.5954887888641623,0.9600459225021317,0.6668491121789439,0.6107198406237847,0.921229554433749,0.6601795678915113,0.5016722406930476,0.828236196077112,0.5685288345206776,0.7205379630047658,0.606667880482382,0.9501722405162111,0.5873059565077015,0.9448396313391048,0.9100656274867115,0.9709376027653515,0.8582480667669417
0.5968828864618777,0.9634451173180252,0.6660575998796217,0.6092572137752066,0.9257113328547354,0.6601795678915113,0.5010634151582259,0.8292423139051941,0.5699104355766209,0.7205379630047658,0.6103335474339371,0.9559134625132878,0.5865999750718226,0.9437052338948267,0.9122622618760107,0.9779699852093304,0.8592814780454088
0.5968828864618777,0.9600459225021317,0.6644745752809772,0.6107198406237847,0.9245908882494889,0.6593761365079267,0.5004545896234043,0.8292423139051941,0.5712920366325642,0.7222817625280107,0.607401013872693,0.9501722405162111,0.5844820307641857,0.9437052338948267,0.9144588962653097,0.9732817302466777,0.8572146554884744
0.5892153496744427,0.9487152731158208,0.6533934030904668,0.6019440795323161,0.9133864421970229,0.6513418226720802,0.49314868320554434,0.8181750177962919,0.5657656324087909,0.7161784641966537,0.6000696799695826,0.9375415521226421,0.5767162349695172,0.9266892722306574,0.9056723587081127,0.9639052203213727,0.8448137201468691
0.591306496071016,0.9566467276862385,0.658933989185722,0.6041380198051832,0.9201091098285025,0.6569658423571728,0.495583985344831,0.8211933712805378,0.5678380339927059,0.7196660632431434,0.6044684803114487,0.9467275073179648,0.579540160713033,0.9334956568963253,0.9056723587081127,0.9709376027653515,0.8489473652607377
0.5899123984733005,0.9532475328703451,0.654976427689111,0.6026753929566051,0.9167477760127625,0.6537521168228342,0.495583985344831,0.819181135624374,0.5657656324087909,0.7179222637198985,0.6037353469211377,0.9421345297203036,0.5788341792771541,0.9300924645634913,0.9034757243188132,0.967421411543362,0.8468805427038032
0.5892153496744427,0.9487152731158208,0.6557679399884332,0.6026753929566051,0.915627331407516,0.6505383912884954,0.49436633427518767,0.819181135624374,0.5650748318808192,0.7153065644350313,0.6000696799695826,0.9386897965220574,0.5760102535336382,0.9312268620077694,0.9056723587081127,0.9603890290993832,0.843780308868402
0.5892153496744427,0.9498483380544519,0.6573509645870776,0.601212766108027,0.9111455529865295,0.6513418226720802,0.49375750874036606,0.8181750177962919,0.5636932308248759,0.7126908651501641,0.6000696799695826,0.9409862853208881,0.5802461421489119,0.9289580671192135,0.9023774071241636,0.9627331565807096,0.8489473652607377
0.5871242032778694,0.9453160782999275,0.654976427689111,0.600481452683738,0.9111455529865295,0.6486904991062508,0.491931032135901,0.8151566643120459,0.5657656324087909,0.7144346646734088,0.5993365465792716,0.9363933077232269,0.5753042720977594,0.9266892722306574,0.9056723587081127,0.9615610928400462,0.8427468975899349
0.5906094472721581,0.9487152731158208,0.654976427689111,0.6019440795323161,0.915627331407516,0.6513418226720802,0.49497515981000934,0.82219948910862,0.5657656324087909,0.7153065644350313,0.6015359467502047,0.9409862853208881,0.5760102535336382,0.9300924645634913,0.9045740415134631,0.9639052203213727,0.8448137201468691
0.5947917400653047,0.9577797926248697,0.6605170137843662,0.6077945869266285,0.9223499990389954,0.6593761365079267,0.5004545896234043,0.8262239604209479,0.5712920366325642,0.7222817625280107,0.607401013872693,0.9490239961167958,0.5844820307641857,0.9403020415619929,0.9133605790706603,0.974453793987341,0.8551478329315403
0.5906094472721581,0.9521144679317142,0.658933989185722,0.6041380198051832,0.9145068868022694,0.6529486854392496,0.49680163641447433,0.8211933712805378,0.5664564329367625,0.7153065644350313,0.6022690801405158,0.9409862853208881,0.579540160713033,0.935764451784881,0.9023774071241636,0.9615610928400462,0.8458471314253362
0.588518300875585,0.9475822081771896,0.6573509645870776,0.600481452683738,0.9133864421970229,0.6521452540556648,0.49436633427518767,0.8181750177962919,0.5636932308248759,0.7135627649117865,0.6008028133598936,0.9409862853208881,0.579540160713033,0.9312268620077694,0.8990824555402148,0.9615610928400462,0.8468805427038032
0.5843360080824387,0.9419168834840341,0.6518103784918222,0.5990188258351599,0.910025108381283,0.6480477539993831,0.491931032135901,0.8151566643120459,0.5630024302969042,0.7100751658652967,0.5971371464083385,0.9352450633238113,0.5738923092260014,0.9266892722306574,0.8979841383455649,0.9557007741367306,0.8396466637545335
0.5878212520767273,0.9475822081771896,0.6557679399884332,0.601212766108027,0.9145068868022694,0.6529486854392496,0.49497515981000934,0.819181135624374,0.5664564329367625,0.7126908651501641,0.6008028133598936,0.9398380409214727,0.5788341792771541,0.9323612594520472,0.9045740415134631,0.9615610928400462,0.8458471314253362
0.578062568892719,0.9339854289136165,0.6454782800972448,0.5924370050165585,0.905431285499772,0.6475656951692323,0.4913222066010794,0.814150546483964,0.5630024302969042,0.7118189653885416,0.5978702797986496,0.9375415521226421,0.5774222164053961,0.9289580671192135,0.9023774071241636,0.9580449016180569,0.843780308868402
0.5759714224961457,0.9294531691590922,0.6446867677979224,0.5894386199769733,0.8950111506709786,0.6462802049554968,0.49059161595929335,0.8111321929997177,0.557959586442711,0.7083313663420521,0.5978702797986496,0.9398380409214727,0.5781281978412751,0.9289580671192135,0.8957875039562657,0.9557007741367306,0.8468805427038032
0.5773655200938613,0.9328523639749855,0.646269792396567,0.5931683184408475,0.901733818302458,0.6463605480938552,0.49095691128018637,0.814150546483964,0.5609300287129892,0.7092032661036743,0.5956708796277164,0.9329485745249806,0.5781281978412751,0.9312268620077694,0.8979841383455649,0.9545287103960675,0.843780308868402
0.5752743736972881,0.92718703928183,0.6431037431992782,0.5909743781679804,0.8982604400261937,0.6427451068677243,0.48846072658741757,0.8094217926919784,0.5576141861787253,0.7057156670571847,0.5934714794567832,0.9295038413267345,0.5738923092260014,0.9289580671192135,0.8968858211509153,0.9486683916927517,0.8396466637545335
0.5794566664904344,0.9351184938522477,0.646269792396567,0.5938996318651365,0.9055433299602965,0.6467622637856476,0.4913222066010794,0.8151566643120459,0.5623116297689326,0.7109470656269192,0.5971371464083385,0.9340968189243959,0.5760102535336382,0.9300924645634913,0.9001807727348644,0.9580449016180569,0.843780308868402
0.578062568892719,0.9362515587908787,0.6446867677979224,0.5917056915922694,0.902854262907705,0.6478870677226661,0.49095691128018637,0.8111321929997177,0.5623116297689326,0.7126908651501641,0.6000696799695826,0.9386897965220574,0.5760102535336382,0.9221516824535458,0.8957875039562657,0.9615610928400462,0.8427468975899349
0.580153715289292,0.9385176886681409,0.6510188661925,0.5953622587137146,0.9066637745655431,0.6521452540556648,0.495583985344831,0.819181135624374,0.5643840313528476,0.7153065644350313,0.605934747092071,0.9501722405162111,0.5830700678924279,0.935764451784881,0.9067706759027624,0.967421411543362,0.8561812442100073
0.578062568892719,0.9339854289136165,0.6454782800972448,0.5909743781679804,0.9045349298155746,0.6469229500623646,0.49053073340581127,0.8121383108277999,0.5602392281850176,0.7100751658652967,0.6000696799695826,0.9398380409214727,0.5760102535336382,0.9244204773421015,0.8957875039562657,0.9603890290993832,0.843780308868402
0.5759714224961457,0.9305862340977232,0.6446867677979224,0.5895117513194023,0.9006133736972115,0.6430664794211582,0.4885824916943819,0.8086168984295127,0.5595484276570459,0.7074594665804295,0.5971371464083385,0.9375415521226421,0.5760102535336382,0.9221516824535458,0.8924925523723165,0.9557007741367306,0.843780308868402
0.580153715289292,0.939650753606772,0.6494358415938558,0.5931683184408475,0.9055433299602965,0.6487708422446092,0.4925398576707227,0.8151566643120459,0.5630024302969042,0.7135627649117865,0.6022690801405158,0.9444310185191342,0.5788341792771541,0.9300924645634913,0.8968858211509153,0.9627331565807096,0.8479139539822705
0.5794566664904344,0.9339854289136165,0.646269792396567,0.5946309452894256,0.9036385741313775,0.6457178029869876,0.4913222066010794,0.8151566643120459,0.5623116297689326,0.7109470656269192,0.5986034131889606,0.9386897965220574,0.5774222164053961,0.9312268620077694,0.9001807727348644,0.9557007741367306,0.8448137201468691
0.5752743736972881,0.9317192990363542,0.6431037431992782,0.5893654886345444,0.8999411069340636,0.6445126559116106,0.4885216091408998,0.8101260751716358,0.5578214263371168,0.7065875668188071,0.5978702797986496,0.9363933077232269,0.5760102535336382,0.9210172850092677,0.8902959179830173,0.9568728378773937,0.8427468975899349
0.5752743736972881,0.9305862340977232,0.6399376940019894,0.5885610438678265,0.9006133736972115,0.6440305970814599,0.48687778019688127,0.8078120041670471,0.5588576271290743,0.7083313663420521,0.5949377462374055,0.9318003301255654,0.5731863277901224,0.9187484901207118,0.8924925523723165,0.9545287103960675,0.836546429919132
0.5773655200938613,0.9328523639749855,0.6454782800972448,0.5902430647436913,0.9012856404603595,0.6448340284650445,0.4890086695687571,0.8101260751716358,0.5595484276570459,0.7074594665804295,0.5956708796277164,0.9340968189243959,0.5767162349695172,0.9255548747863797,0.8924925523723165,0.9521845829147412,0.843780308868402
0.5752743736972881,0.9305862340977232,0.6431037431992782,0.5909743781679804,0.9037506185919021,0.6464408912322138,0.48973926021054304,0.8111321929997177,0.5616208292409609,0.7135627649117865,0.6000696799695826,0.9386897965220574,0.5760102535336382,0.9266892722306574,0.9001807727348644,0.9603890290993832,0.843780308868402
0.5745773248984304,0.928320104220461,0.641520718600634,0.5887804378951133,0.8973640843419967,0.6421023617608567,0.48742572317822075,0.8086168984295127,0.5588576271290743,0.7074594665804295,0.5934714794567832,0.9295038413267345,0.5710683834824856,0.9210172850092677,0.8935908695669664,0.9498404554334148,0.836546429919132
0.5752743736972881,0.928320104220461,0.6407292063013115,0.5894386199769733,0.900837462618261,0.6431468225595167,0.4880954312665246,0.8077113923842391,0.5595484276570459,0.7083313663420521,0.5949377462374055,0.9329485745249806,0.5724803463542435,0.9198828875649899,0.8935908695669664,0.9533566466554043,0.836546429919132
0.5738802760995726,0.9249209094045677,0.6407292063013115,0.5867327603071039,0.8943388839078306,0.6413792735156304,0.4859036593411666,0.8062022156421159,0.5556108646476074,0.7037974875816153,0.590392319217477,0.925255337048898,0.5703624020466067,0.9187484901207118,0.8891976007883677,0.946207057837359,0.8317927380381835
0.5738802760995726,0.9226547795273055,0.6399376940019894,0.5868790229919617,0.8963556841972746,0.6396920676101027,0.48736484062473856,0.8078120041670471,0.5576141861787253,0.7048437672955623,0.5927383460664722,0.9283555969273191,0.5703624020466067,0.9187484901207118,0.8913942351776669,0.9486683916927517,0.835513018640665
0.5717891297029993,0.9249209094045677,0.6375631571040229,0.58497760808881,0.8942268394473061,0.641459616653989,0.4868168976433991,0.8045924271171847,0.554989144172433,0.7038846775577776,0.5934714794567832,0.9295038413267345,0.5696564206107276,0.9142109003436002,0.8859026492044186,0.951012519174078,0.8344796073621978
0.5738802760995726,0.9294531691590922,0.642312230899956,0.5861477095676727,0.8978122621840952,0.6427451068677243,0.48803454871304236,0.8084156748638963,0.5571306258091451,0.7046693873432379,0.5927383460664722,0.9306520857261501,0.5745982906618804,0.9232860798978237,0.8902959179830173,0.9486683916927517,0.8417134863114677
0.5696979833064261,0.91698945483415,0.6351886202060564,0.5836612439250899,0.8880643941184496,0.6355142244154625,0.48322482698795133,0.8034856975062945,0.5543674236972584,0.7016177381775593,0.5893659324710414,0.9205475350112947,0.566055915287745,0.9142109003436002,0.884804332009769,0.9422220411191045,0.8276590929243149
0.5717891297029993,0.9237878444659366,0.6375631571040229,0.58497760808881,0.8929943503815347,0.6382458911196502,0.4857210116807201,0.8044918153343765,0.5547128239612443,0.7033615377008041,0.5927383460664722,0.9272073525279039,0.5703624020466067,0.9187484901207118,0.884804332009769,0.9486683916927517,0.8344796073621978
0.562030446518991,0.9147233249568877,0.6304395464101232,0.578103261900493,0.8871680384342526,0.6372014303209902,0.48492953848545195,0.8035863092891027,0.5571997058619422,0.7057156670571847,0.5949377462374055,0.9283555969273191,0.5710683834824856,0.9187484901207118,0.8902959179830173,0.9545287103960675,0.8344796073621978
0.5655156905132798,0.9158563898955189,0.6324974783883609,0.5804434648582181,0.8847030603027101,0.635433881277104,0.48322482698795133,0.8021777443297878,0.5534003029580982,0.6996123687258279,0.589732499166197,0.9234181460098331,0.5696564206107276,0.9142109003436002,0.8824978659010047,0.9430424857375685,0.8344796073621978
0.5627274953178487,0.9090580002637322,0.6318642685489032,0.5778107365307775,0.8829103489343156,0.6336663322332178,0.48152011549045065,0.7985557201486926,0.548357459103905,0.6920268407997128,0.5874597856562328,0.9208920083311193,0.5662677097185087,0.9085389131222104,0.8746998138189923,0.9353068650491918,0.8291058687141687
0.5627274953178487,0.9090580002637322,0.6279858582822244,0.5776644738459196,0.8824621710922168,0.6308543223906715,0.48066775974170034,0.7965434844925288,0.5504989407406171,0.6944681601322555,0.5832076119924289,0.9118208775757379,0.5614670359545318,0.9084254733777825,0.8776652702445462,0.9330799439419318,0.8211486018699722
0.5906094472721581,0.9532475328703451,0.6581424768863998,0.601212766108027,0.9066637745655431,0.6480477539993831,0.491931032135901,0.8161627821401278,0.5643840313528476,0.7135627649117865,0.5986034131889606,0.9329485745249806,0.5738923092260014,0.9278236696749356,0.9001807727348644,0.9592169653587199,0.8375798411975994
0.580153715289292,0.9328523639749855,0.6494358415938558,0.5938996318651365,0.8924341280789115,0.6397724107484611,0.4854165989133093,0.8053973213796504,0.5571306258091451,0.7027512078676685,0.591052139268757,0.9260591081284886,0.5688798410312608,0.9210172850092677,0.8891976007883677,0.9498404554334148,0.8329294904444972
0.5843360080824387,0.939650753606772,0.6526018907911444,0.5982875124108709,0.8977002177235706,0.6418613323457812,0.48833896148045325,0.8074095570358144,0.5581668266011026,0.7044078174147511,0.589732499166197,0.9236477948897162,0.5703624020466067,0.9187484901207118,0.8913942351776669,0.94585543871516,0.8330328315723438
0.5878212520767273,0.9475822081771896,0.6565594522877554,0.5982875124108709,0.9035265296708527,0.6431468225595167,0.48919131722920356,0.8121383108277999,0.5595484276570459,0.7083313663420521,0.5949377462374055,0.9318003301255654,0.5703624020466067,0.9176140926764339,0.8924925523723165,0.9557007741367306,0.835513018640665
0.588518300875585,0.9487152731158208,0.6573509645870776,0.599750139259449,0.9053192410392474,0.6443519696348936,0.49059161595929335,0.814150546483964,0.5623116297689326,0.7100751658652967,0.5949377462374055,0.9329485745249806,0.5717743649183645,0.9210172850092677,0.8968858211509153,0.9545287103960675,0.8375798411975994
0.5794566664904344,0.9328523639749855,0.6486443292945334,0.5924370050165585,0.8933304837631086,0.6359962832456133,0.48474689082500544,0.8060009920764996,0.5558181048059989,0.7020536880583705,0.589805812505228,0.9230736726900084,0.5655617282826297,0.9100136297997716,0.8870009663990682,0.9457382323410938,0.8283824808192419
0.5794566664904344,0.9317192990363542,0.6454782800972448,0.5931683184408475,0.8956834174341266,0.640093783301895,0.4866342499829526,0.8059003802936913,0.5565779853867677,0.7037974875816153,0.589732499166197,0.9229588482500669,0.5703624020466067,0.9210172850092677,0.8913942351776669,0.9449177877226296,0.832722808188804
0.5773655200938613,0.928320104220461,0.6446867677979224,0.5909743781679804,0.8938907060657321,0.6391296656415935,0.48742572317822075,0.8081138395154718,0.5571306258091451,0.7065875668188071,0.5920052126761612,0.9260591081284886,0.5696564206107276,0.9232860798978237,0.8968858211509153,0.9498404554334148,0.8330328315723438
0.58085076408815,0.9362515587908787,0.6454782800972448,0.5924370050165585,0.9000531513945884,0.6422630480375735,0.4864516023225061,0.8065040509905406,0.5571997058619422,0.7065875668188071,0.5942046128470945,0.9306520857261501,0.5696564206107276,0.9176140926764339,0.8902959179830173,0.9533566466554043,0.835513018640665
0.58085076408815,0.9362515587908787,0.6454782800972448,0.5946309452894256,0.902518129526131,0.6439502539431013,0.48785190105259596,0.8088181219951293,0.5602392281850176,0.7109470656269192,0.5949377462374055,0.9329485745249806,0.5717743649183645,0.9198828875649899,0.8957875039562657,0.9557007741367306,0.8375798411975994
0.5766684712950034,0.9294531691590922,0.6438952554986004,0.5892192259496866,0.8956834174341266,0.6398527538868196,0.48724307551777424,0.8049948742484175,0.5567161454923621,0.7032743477246419,0.5942046128470945,0.9283555969273191,0.5703624020466067,0.9187484901207118,0.8902959179830173,0.951012519174078,0.835513018640665
0.588518300875585,0.9475822081771896,0.6573509645870776,0.6041380198051832,0.9111455529865295,0.6505383912884954,0.49314868320554434,0.8211933712805378,0.5671472334647342,0.7153065644350313,0.6022690801405158,0.9421345297203036,0.5781281978412751,0.9334956568963253,0.9100656274867115,0.9650772840620356,0.8489473652607377
0.5766684712950034,0.928320104220461,0.6431037431992782,0.5924370050165585,0.8963556841972746,0.6388082930881596,0.4857818942342023,0.8068058863389652,0.557959586442711,0.7057156670571847,0.5912720792858502,0.9260591081284886,0.5689504391748487,0.9198828875649899,0.894689186761616,0.9498404554334148,0.8334461960837308
0.5787596176915767,0.9328523639749855,0.6470613046958892,0.5909743781679804,0.8966918175788486,0.642664763729366,0.48888690446179267,0.8111321929997177,0.5588576271290743,0.7100751658652967,0.5986034131889606,0.9409862853208881,0.5767162349695172,0.9255548747863797,0.894689186761616,0.9603890290993832,0.8448137201468691
0.570395032105284,0.9203886496500432,0.6375631571040229,0.5854163961433835,0.8890727942631717,0.6356749106921794,0.4837118874158086,0.80318386215787,0.5552654643836216,0.7033615377008041,0.5942046128470945,0.9318003301255654,0.5696564206107276,0.9164796952321561,0.8902959179830173,0.9521845829147412,0.8344796073621978
0.5752743736972881,0.9249209094045677,0.641520718600634,0.5902430647436913,0.8920979946973376,0.6394510381950272,0.4860254244481309,0.8079126159498554,0.5578905063899139,0.7057156670571847,0.5920052126761612,0.9283555969273191,0.5689504391748487,0.9221516824535458,0.8957875039562657,0.9498404554334148,0.830862667887563
0.5766684712950034,0.92718703928183,0.6454782800972448,0.5924370050165585,0.8947870617499295,0.641459616653989,0.48888690446179267,0.8111321929997177,0.5588576271290743,0.7074594665804295,0.5942046128470945,0.9306520857261501,0.5738923092260014,0.9278236696749356,0.8935908695669664,0.9521845829147412,0.8386132524760664
0.5822448616858654,0.9407838185454032,0.6526018907911444,0.5990188258351599,0.905431285499772,0.6470032932007229,0.49375750874036606,0.8181750177962919,0.5650748318808192,0.7161784641966537,0.6037353469211377,0.9409862853208881,0.5788341792771541,0.9334956568963253,0.9056723587081127,0.966249347802699,0.8458471314253362
0.5696979833064261,0.9192555847114122,0.6375631571040229,0.5864402349373882,0.8882884830394991,0.6344697636168024,0.4830421793275048,0.8035863092891027,0.5560944250171876,0.7035359176531286,0.5895125591491037,0.9236477948897162,0.5647145505595751,0.915345297787878,0.8902959179830173,0.9463242642114253,0.826522340518001
0.5710920809041417,0.91698945483415,0.6391461817026672,0.5872446797041062,0.8894089276447457,0.6351125087236702,0.4837727699692908,0.8023789678954043,0.5556799447004046,0.7035359176531286,0.591052139268757,0.9229588482500669,0.5682444577389698,0.9176140926764339,0.8880992835937181,0.946207057837359,0.8296225743534025
0.564818641714422,0.9135902600182566,0.6321017222386996,0.5818329603643673,0.8859355493684812,0.634228734201727,0.4807286422951825,0.7980526612346517,0.5522259420605463,0.6982173291072319,0.5912720792858502,0.9260591081284886,0.568103261451794,0.9095598708220606,0.8834863513761895,0.9455038195929614,0.8318960791660301
0.5662127393121374,0.9158563898955189,0.6336847468373441,0.5841731633220921,0.8892968831842212,0.6363176557990471,0.48383365252277294,0.8032844739406781,0.5563016651755791,0.7065875668188071,0.5942046128470945,0.9295038413267345,0.568738644744085,0.915345297787878,0.8902959179830173,0.9533566466554043,0.8328261493166506
0.562030446518991,0.9062253379171545,0.6302812439502586,0.5811747782825071,0.8782044815922797,0.6287654007933513,0.4789021656907175,0.7949336959675973,0.551673301638169,0.6989148489165298,0.5870199056220462,0.9184806950923472,0.5644321579852234,0.9087657926110659,0.8818388755842148,0.9404639455081096,0.8246622002167604
0.5641215929155643,0.9090580002637322,0.6299646390305299,0.5798584141187868,0.8816778598685442,0.6306132929755961,0.4807286422951825,0.7967447080581451,0.5515351415325748,0.7001355085828012,0.590392319217477,0.9219254282905931,0.5626672043955261,0.9074045156779323,0.8816192121452852,0.9463242642114253,0.8256956114952274
0.5592422513235601,0.9018063846564932,0.6237116918658847,0.5777376051883486,0.8791008372764771,0.6276405968563328,0.47853687036982456,0.7954367548816386,0.5514660614797775,0.6979557591787452,0.5856269521804552,0.9158397329736916,0.5616082322417075,0.9085389131222104,0.884804332009769,0.9390574690193139,0.8232154244269063
0.5585452025247024,0.8978406573712844,0.6248198090849356,0.5762749783397704,0.875179281158114,0.6277209399946914,0.47768451462107425,0.7945312488363646,0.5491173396846738,0.6958631997508513,0.5841606853998332,0.9138877174946857,0.563443783974993,0.9087657926110659,0.878543924000266,0.9378854052786507,0.8231120832990596
0.5613333977201334,0.9030527560889874,0.6261653799937832,0.5779569992156353,0.8795490151185756,0.6290064302084267,0.4803024644208073,0.797650214103419,0.5525713423245322,0.6990892288688543,0.5851870721462686,0.9171028018130487,0.5615376340981197,0.9101270695441994,0.884804332009769,0.9378854052786507,0.8231120832990596
0.5556873024493857,0.8980672703590106,0.6221286672672401,0.5723990171910385,0.8698011470529303,0.6254713321206543,0.47555362524919836,0.7910098364380775,0.5484265391567023,0.6936834503467953,0.5840140587217709,0.9125098242153872,0.5592078953597193,0.9005981310122646,0.877775101964011,0.9369477542861203,0.8199085083358116
0.5536658609326983,0.8899092028008666,0.6173795934713071,0.5713751783970338,0.8683445690661097,0.6202490281273539,0.4740315614121442,0.7905067775240366,0.5469758580479617,0.6901958513003056,0.5791020650066872,0.905161060059129,0.5561721751854397,0.8979890168904253,0.8762374578915016,0.9287433081014782,0.814741451943476
0.59618583766302,0.9747757667043362,0.6787217966687767,0.6238834822609876,0.9503611141701603,0.6770516269467891,0.5108046237153725,0.8443340813264242,0.5816540445521392,0.7327445596674796,0.6198642815079807,0.9742853729039336,0.5986016594817648,0.9584524006704401,0.9276387026011059,0.989690622615962,0.8778828810578168
0.6059445208470283,0.9759088316429673,0.6755557474714879,0.6180329748666752,0.9357953343019548,0.6650001561930193,0.5041075428323342,0.83226066738944,0.5740552387444509,0.7266412613361227,0.6103335474339371,0.9559134625132878,0.5908358636870963,0.9493772211162166,0.9188521650439085,0.9779699852093304,0.8644485344377444
0.6010651792550241,0.9691104420111807,0.6692236490769105,0.6129137808966518,0.929072666670475,0.6585727051243421,0.49862811301893933,0.8262239604209479,0.5692196350486491,0.7187941634815209,0.6044684803114487,0.9501722405162111,0.5837760493283067,0.938033246673437,0.9067706759027624,0.9697655390246883,0.8561812442100073
0.601762228053882,0.9679773770725495,0.6660575998796217,0.6129137808966518,0.929072666670475,0.6593761365079267,0.49923693855376094,0.8262239604209479,0.5692196350486491,0.7214098627663883,0.608134147263004,0.9490239961167958,0.580952123584791,0.935764451784881,0.9100656274867115,0.9732817302466777,0.8551478329315403
0.5996710816573088,0.9634451173180252,0.667640624478266,0.6129137808966518,0.9268317774599819,0.6569658423571728,0.49923693855376094,0.828236196077112,0.5699104355766209,0.7205379630047658,0.60520161370176,0.9467275073179648,0.5802461421489119,0.939167644117715,0.9111639446813611,0.9685934752840253,0.8499807765392047
0.5927005936687314,0.9555136627476074,0.6597255014850442,0.6063319600780503,0.9223499990389954,0.6545555482064187,0.49680163641447433,0.82219948910862,0.5699104355766209,0.7205379630047658,0.6044684803114487,0.9467275073179648,0.5823640864565489,0.938033246673437,0.9111639446813611,0.9697655390246883,0.8510141878176717
0.5927005936687314,0.9555136627476074,0.6597255014850442,0.6063319600780503,0.9223499990389954,0.6545555482064187,0.49680163641447433,0.82219948910862,0.5699104355766209,0.7205379630047658,0.6044684803114487,0.9467275073179648,0.5823640864565489,0.938033246673437,0.9111639446813611,0.9697655390246883,0.8510141878176717
0.5968828864618777,0.9611789874407629,0.6660575998796217,0.6107198406237847,0.9257113328547354,0.6601795678915113,0.5010634151582259,0.8302484317332761,0.5726736376885074,0.723153662289633,0.607401013872693,0.9524687293150417,0.5880119379435805,0.9459740287833827,0.9133605790706603,0.9732817302466777,0.8603148893238759
0.5954887888641623,0.9577797926248697,0.6621000383830108,0.6085259003509175,0.9245908882494889,0.6577692737407574,0.49862811301893933,0.8262239604209479,0.5719828371605359,0.7240255620512555,0.608134147263004,0.9513204849156264,0.5837760493283067,0.9403020415619929,0.9133605790706603,0.9767979214686672,0.8530810103746062
0.5947917400653047,0.9555136627476074,0.6613085260836886,0.6085259003509175,0.9245908882494889,0.6561624109735881,0.49862811301893933,0.828236196077112,0.5733644382164792,0.7248974618128778,0.605934747092071,0.9478757517173805,0.5823640864565489,0.9414364390062707,0.9166555306546093,0.9721096665060146,0.8499807765392047
0.5940946912664468,0.9589128575635006,0.6628915506823329,0.6056006466537613,0.921229554433749,0.6561624109735881,0.49862811301893933,0.8262239604209479,0.5699104355766209,0.7205379630047658,0.608134147263004,0.9536169737144573,0.5851880122000647,0.939167644117715,0.9111639446813611,0.9721096665060146,0.8582480667669417
0.5927005936687314,0.9577797926248697,0.6621000383830108,0.6056006466537613,0.9201091098285025,0.6561624109735881,0.49862811301893933,0.8262239604209479,0.5699104355766209,0.7187941634815209,0.60520161370176,0.9501722405162111,0.5830700678924279,0.935764451784881,0.9100656274867115,0.9721096665060146,0.8541144216530732
0.5878212520767273,0.950981402993083,0.6565594522877554,0.6026753929566051,0.918988665223256,0.6553589795900034,0.4980192874841176,0.8262239604209479,0.5685288345206776,0.7187941634815209,0.6103335474339371,0.9570617069127032,0.5844820307641857,0.939167644117715,0.9089673102920616,0.9767979214686672,0.8572146554884744
0.5927005936687314,0.9589128575635006,0.6636830629816551,0.6063319600780503,0.9234704436442419,0.6593761365079267,0.49984576408858267,0.8292423139051941,0.5726736376885074,0.7222817625280107,0.6110666808242482,0.9582099513121185,0.5873059565077015,0.9425708364505488,0.9122622618760107,0.9791420489499936,0.8603148893238759
0.5787596176915767,0.9328523639749855,0.6454782800972448,0.5924370050165585,0.9012856404603595,0.6441109402198183,0.48833896148045325,0.8101260751716358,0.5578905063899139,0.7057156670571847,0.5978702797986496,0.9363933077232269,0.5745982906618804,0.9232860798978237,0.8935908695669664,0.9592169653587199,0.8417134863114677
0.5752743736972881,0.92718703928183,0.6438952554986004,0.5909743781679804,0.8990447512498665,0.6433075088362337,0.4885216091408998,0.8100254633888275,0.5616208292409609,0.7092032661036743,0.5956708796277164,0.9329485745249806,0.5731863277901224,0.9232860798978237,0.9001807727348644,0.9580449016180569,0.8396466637545335
0.5717891297029993,0.9249209094045677,0.6431037431992782,0.5872446797041062,0.891985950236813,0.6408972146854797,0.4892521997826857,0.8111321929997177,0.5588576271290743,0.7057156670571847,0.5978702797986496,0.9375415521226421,0.5745982906618804,0.9255548747863797,0.8957875039562657,0.9533566466554043,0.8427468975899349
0.5752743736972881,0.92718703928183,0.6446867677979224,0.5895117513194023,0.895571372973602,0.6420220186224982,0.4885824916943819,0.809220569126362,0.5580286664955083,0.7048437672955623,0.5956708796277164,0.9329485745249806,0.5724803463542435,0.9244204773421015,0.8935908695669664,0.9545287103960675,0.8396466637545335
0.5850330568812964,0.9419168834840341,0.6533934030904668,0.601212766108027,0.9089046637760365,0.6505383912884954,0.49497515981000934,0.82219948910862,0.5678380339927059,0.7187941634815209,0.6008028133598936,0.9398380409214727,0.5767162349695172,0.9346300543406032,0.9067706759027624,0.966249347802699,0.8458471314253362
0.5752743736972881,0.92718703928183,0.6431037431992782,0.5889998319223999,0.8928823059210101,0.6408972146854797,0.4883998440339354,0.8081138395154718,0.557959586442711,0.7048437672955623,0.5949377462374055,0.9329485745249806,0.5696564206107276,0.9198828875649899,0.8924925523723165,0.9557007741367306,0.835513018640665
0.5710920809041417,0.9215217145886744,0.6399376940019894,0.5895117513194023,0.8977002177235706,0.6437092245280259,0.4892521997826857,0.8121383108277999,0.5636932308248759,0.7153065644350313,0.6015359467502047,0.9421345297203036,0.5760102535336382,0.9266892722306574,0.9023774071241636,0.967421411543362,0.843780308868402
0.570395032105284,0.91698945483415,0.6375631571040229,0.5879028617859663,0.891649816855239,0.6386476068114426,0.4867560150899169,0.8085162866467046,0.5595484276570459,0.7083313663420521,0.5942046128470945,0.9283555969273191,0.5703624020466067,0.9221516824535458,0.8968858211509153,0.9545287103960675,0.8344796073621978
0.5690009345075684,0.9181225197727811,0.6375631571040229,0.5838806379523767,0.8886246164210732,0.6375228028744241,0.48444247805759466,0.8057997685108831,0.5563707452283763,0.7048437672955623,0.5949377462374055,0.9306520857261501,0.5703624020466067,0.915345297787878,0.8891976007883677,0.951012519174078,0.836546429919132
0.5662127393121374,0.9147233249568877,0.6343971079067342,0.5830761931856586,0.8858235049079566,0.6344697636168024,0.482007175918308,0.8009704029360896,0.5568543055979565,0.7065875668188071,0.5920052126761612,0.9233033215698916,0.5661971115749208,0.9100136297997716,0.8880992835937181,0.951012519174078,0.8292092098420156
0.5989740328584511,0.9668443121339184,0.6652660875802996,0.6092572137752066,0.9234704436442419,0.6593761365079267,0.49923693855376094,0.8211933712805378,0.5657656324087909,0.7187941634815209,0.606667880482382,0.9490239961167958,0.5830700678924279,0.9368988492291591,0.9056723587081127,0.974453793987341,0.8520475990961388
0.5954887888641623,0.9600459225021317,0.6652660875802996,0.6063319600780503,0.9178682206180091,0.6545555482064187,0.49680163641447433,0.82219948910862,0.5664564329367625,0.7153065644350313,0.6037353469211377,0.9467275073179648,0.5837760493283067,0.935764451784881,0.9045740415134631,0.966249347802699,0.8551478329315403
0.5836389592835808,0.9441830133612964,0.650227353893178,0.5953622587137146,0.9006133736972115,0.6433075088362337,0.4886433742478641,0.8050954860312257,0.5546437439084471,0.7043206274385888,0.5920052126761612,0.9272073525279039,0.5703624020466067,0.9187484901207118,0.8880992835937181,0.951012519174078,0.8344796073621978
0.5933976424675891,0.9543805978089762,0.658933989185722,0.6026753929566051,0.9145068868022694,0.6521452540556648,0.49497515981000934,0.819181135624374,0.5650748318808192,0.7135627649117865,0.5978702797986496,0.9340968189243959,0.5760102535336382,0.9323612594520472,0.9067706759027624,0.9603890290993832,0.8427468975899349
0.585730105680154,0.9453160782999275,0.6526018907911444,0.5960935721380037,0.90778421917079,0.6484494696911755,0.4913222066010794,0.814150546483964,0.5609300287129892,0.7100751658652967,0.5993365465792716,0.9375415521226421,0.5760102535336382,0.9255548747863797,0.8979841383455649,0.9603890290993832,0.8427468975899349
0.5843360080824387,0.9407838185454032,0.6533934030904668,0.599750139259449,0.9066637745655431,0.6488511853829677,0.49314868320554434,0.8181750177962919,0.5623116297689326,0.7109470656269192,0.5986034131889606,0.9363933077232269,0.5781281978412751,0.9346300543406032,0.9023774071241636,0.9592169653587199,0.843780308868402
0.5822448616858654,0.9407838185454032,0.6510188661925,0.5938996318651365,0.902406085065606,0.6434681951129505,0.48919131722920356,0.8111321929997177,0.5595484276570459,0.7057156670571847,0.5949377462374055,0.9340968189243959,0.5745982906618804,0.9232860798978237,0.894689186761616,0.9533566466554043,0.8427468975899349
0.5892153496744427,0.9475822081771896,0.6541849153897888,0.601212766108027,0.9111455529865295,0.6521452540556648,0.495583985344831,0.8201872534524559,0.5650748318808192,0.7118189653885416,0.5986034131889606,0.9386897965220574,0.5802461421489119,0.938033246673437,0.9045740415134631,0.9615610928400462,0.8458471314253362
0.5696979833064261,0.9181225197727811,0.6367716448047006,0.5830030618432297,0.8867198605921538,0.6358355969688962,0.48298129677402263,0.7974489905378024,0.5482883790511078,0.6955144398462025,0.5892926191320104,0.9212364816509439,0.567467878159503,0.9142109003436002,0.8824978659010047,0.9424564538672371,0.8334461960837308
0.5822448616858654,0.9385176886681409,0.6494358415938558,0.5968248855622927,0.9111455529865295,0.6497349599049108,0.49436633427518767,0.819181135624374,0.5671472334647342,0.7170503639582761,0.6022690801405158,0.943282774119719,0.580952123584791,0.938033246673437,0.9100656274867115,0.967421411543362,0.8489473652607377
0.58085076408815,0.9339854289136165,0.6478528169952112,0.5968248855622927,0.9049831076576734,0.6479674108610246,0.49375750874036606,0.8161627821401278,0.5636932308248759,0.7126908651501641,0.5986034131889606,0.9352450633238113,0.5767162349695172,0.9323612594520472,0.9034757243188132,0.9592169653587199,0.8427468975899349
0.58085076408815,0.9339854289136165,0.6478528169952112,0.5953622587137146,0.9039747075129515,0.6479674108610246,0.4925398576707227,0.8171688999682098,0.5630024302969042,0.7126908651501641,0.5978702797986496,0.9352450633238113,0.5767162349695172,0.9312268620077694,0.8979841383455649,0.9568728378773937,0.8417134863114677
0.5717891297029993,0.9237878444659366,0.6383546694033452,0.5868058916495327,0.8931063948420596,0.6405758421320458,0.4868168976433991,0.8066046627733489,0.5580286664955083,0.7057156670571847,0.5956708796277164,0.9318003301255654,0.5717743649183645,0.9210172850092677,0.8902959179830173,0.9545287103960675,0.8375798411975994
0.5717891297029993,0.9237878444659366,0.6383546694033452,0.5868058916495327,0.8931063948420596,0.6405758421320458,0.4868168976433991,0.8066046627733489,0.5580286664955083,0.7057156670571847,0.5956708796277164,0.9318003301255654,0.5717743649183645,0.9210172850092677,0.8902959179830173,0.9545287103960675,0.8375798411975994
0.572486178501857,0.9249209094045677,0.6407292063013115,0.588926700579971,0.8944509283683555,0.6425844205910074,0.48973926021054304,0.8121383108277999,0.5595484276570459,0.7083313663420521,0.5956708796277164,0.9306520857261501,0.5767162349695172,0.9323612594520472,0.8968858211509153,0.9545287103960675,0.8406800750330006
0.5710920809041417,0.9226547795273055,0.6391461817026672,0.5857820528555281,0.8922100391578621,0.6399330970251781,0.4866342499829526,0.8063028274249242,0.5575451061259281,0.7083313663420521,0.5956708796277164,0.9306520857261501,0.5703624020466067,0.9198828875649899,0.8924925523723165,0.9533566466554043,0.836546429919132
0.5710920809041417,0.9203886496500432,0.6383546694033452,0.5870984170192484,0.8942268394473061,0.6421827048992151,0.4893739648896501,0.814150546483964,0.5616208292409609,0.7092032661036743,0.5949377462374055,0.9329485745249806,0.5731863277901224,0.9289580671192135,0.8990824555402148,0.9533566466554043,0.8396466637545335
0.5696979833064261,0.9203886496500432,0.6391461817026672,0.5855626588282413,0.8914257279341896,0.6412185872389136,0.4887042568013462,0.8091199573435539,0.5588576271290743,0.7065875668188071,0.5956708796277164,0.9318003301255654,0.5724803463542435,0.9232860798978237,0.8924925523723165,0.9557007741367306,0.836546429919132
0.570395032105284,0.9237878444659366,0.6383546694033452,0.5857820528555281,0.8929943503815347,0.6405758421320458,0.4888260219083106,0.8111321929997177,0.5588576271290743,0.7092032661036743,0.5964040130180275,0.9329485745249806,0.5738923092260014,0.9266892722306574,0.8957875039562657,0.9580449016180569,0.8396466637545335
0.5683038857087107,0.9147233249568877,0.6367716448047006,0.5841731633220921,0.8890727942631717,0.6387279499498011,0.48553836402027356,0.8067052745561569,0.5577523462843196,0.7048437672955623,0.5920052126761612,0.924221917089424,0.5724803463542435,0.9221516824535458,0.8913942351776669,0.9463242642114253,0.8344796073621978
0.5627274953178487,0.9062253379171545,0.6305978488699876,0.582052354391654,0.8835826156974637,0.6353535381387455,0.48413806529018377,0.8048942624656094,0.5573378659675365,0.7025768279153439,0.5906122592345703,0.9251405126089561,0.5685974484569093,0.9221516824535458,0.8902959179830173,0.9486683916927517,0.8307593267597161
0.5975799352607355,0.962312052379394,0.6652660875802996,0.6114511540480737,0.9223499990389954,0.6561624109735881,0.49862811301893933,0.825217842592866,0.5685288345206776,0.7196660632431434,0.60520161370176,0.9455792629185497,0.5823640864565489,0.9403020415619929,0.9122622618760107,0.9697655390246883,0.8520475990961388
0.5989740328584511,0.9657112471952872,0.6668491121789439,0.6099885271994956,0.9257113328547354,0.6585727051243421,0.49984576408858267,0.8292423139051941,0.5747460392724225,0.7240255620512555,0.607401013872693,0.9490239961167958,0.5837760493283067,0.9425708364505488,0.9199504822385581,0.975625857728004,0.8541144216530732
0.5940946912664468,0.9555136627476074,0.6605170137843662,0.6070632735023395,0.9201091098285025,0.6537521168228342,0.49680163641447433,0.825217842592866,0.5692196350486491,0.7196660632431434,0.6037353469211377,0.9467275073179648,0.580952123584791,0.9368988492291591,0.9122622618760107,0.9685934752840253,0.8499807765392047
0.588518300875585,0.9464491432385587,0.654976427689111,0.6026753929566051,0.9122659975917761,0.6479674108610246,0.49314868320554434,0.8181750177962919,0.5643840313528476,0.7135627649117865,0.6000696799695826,0.9386897965220574,0.5753042720977594,0.9312268620077694,0.9045740415134631,0.9615610928400462,0.843780308868402
0.588518300875585,0.9498483380544519,0.654976427689111,0.6019440795323161,0.9122659975917761,0.6494939304898355,0.49375750874036606,0.8181750177962919,0.5636932308248759,0.7153065644350313,0.6037353469211377,0.9421345297203036,0.5767162349695172,0.9312268620077694,0.9045740415134631,0.9685934752840253,0.8468805427038032
0.588518300875585,0.9487152731158208,0.6565594522877554,0.601212766108027,0.9122659975917761,0.6497349599049108,0.49375750874036606,0.819181135624374,0.5636932308248759,0.7135627649117865,0.6037353469211377,0.9421345297203036,0.5767162349695172,0.9289580671192135,0.901279089929514,0.966249347802699,0.8458471314253362
0.5850330568812964,0.9453160782999275,0.6510188661925,0.5968248855622927,0.90778421917079,0.6475656951692323,0.49059161595929335,0.8121383108277999,0.5623116297689326,0.7118189653885416,0.5964040130180275,0.9340968189243959,0.5745982906618804,0.9244204773421015,0.8990824555402148,0.9580449016180569,0.8396466637545335
0.5850330568812964,0.9453160782999275,0.6541849153897888,0.5960935721380037,0.90778421917079,0.6483691265528169,0.49314868320554434,0.819181135624374,0.5650748318808192,0.7144346646734088,0.6015359467502047,0.9444310185191342,0.579540160713033,0.9312268620077694,0.9045740415134631,0.9650772840620356,0.8489473652607377
0.585730105680154,0.9441830133612964,0.6533934030904668,0.5982875124108709,0.9089046637760365,0.6482084402761,0.49375750874036606,0.8181750177962919,0.5671472334647342,0.7161784641966537,0.6000696799695826,0.9398380409214727,0.5767162349695172,0.9334956568963253,0.907868993097412,0.9650772840620356,0.8448137201468691
0.5850330568812964,0.9419168834840341,0.6510188661925,0.5982875124108709,0.9066637745655431,0.6478067245843077,0.49314868320554434,0.8181750177962919,0.5643840313528476,0.7126908651501641,0.5986034131889606,0.9375415521226421,0.5774222164053961,0.9334956568963253,0.9034757243188132,0.9615610928400462,0.843780308868402
0.5773655200938613,0.9328523639749855,0.6446867677979224,0.5909743781679804,0.8992688401709156,0.6434681951129505,0.4883998440339354,0.8099248516060195,0.5588576271290743,0.7092032661036743,0.5993365465792716,0.9363933077232269,0.5731863277901224,0.9221516824535458,0.894689186761616,0.9603890290993832,0.8396466637545335
0.5773655200938613,0.9328523639749855,0.6446867677979224,0.5909743781679804,0.8992688401709156,0.6434681951129505,0.4883998440339354,0.8099248516060195,0.5588576271290743,0.7092032661036743,0.5993365465792716,0.9363933077232269,0.5731863277901224,0.9221516824535458,0.894689186761616,0.9603890290993832,0.8396466637545335
0.5766684712950034,0.9305862340977232,0.6454782800972448,0.5909743781679804,0.8968038620393731,0.6429861362827998,0.48766925339214945,0.8084156748638963,0.5580977465483055,0.7083313663420521,0.5949377462374055,0.9352450633238113,0.5738923092260014,0.9221516824535458,0.8924925523723165,0.9545287103960675,0.8396466637545335
0.5899123984733005,0.9532475328703451,0.6573509645870776,0.6056006466537613,0.9223499990389954,0.6577692737407574,0.49862811301893933,0.8262239604209479,0.5726736376885074,0.7240255620512555,0.6088672806533152,0.9536169737144573,0.5844820307641857,0.939167644117715,0.9155572134599597,0.9767979214686672,0.8561812442100073
0.5899123984733005,0.9532475328703451,0.6573509645870776,0.6056006466537613,0.9223499990389954,0.6577692737407574,0.49862811301893933,0.8262239604209479,0.5726736376885074,0.7240255620512555,0.6088672806533152,0.9536169737144573,0.5844820307641857,0.939167644117715,0.9155572134599597,0.9767979214686672,0.8561812442100073
0.5899123984733005,0.9532475328703451,0.6573509645870776,0.6056006466537613,0.9223499990389954,0.6577692737407574,0.49862811301893933,0.8262239604209479,0.5726736376885074,0.7240255620512555,0.6088672806533152,0.9536169737144573,0.5844820307641857,0.939167644117715,0.9155572134599597,0.9767979214686672,0.8561812442100073
0.5892153496744427,0.950981402993083,0.6581424768863998,0.6041380198051832,0.918988665223256,0.6577692737407574,0.49923693855376094,0.82723007824903,0.5726736376885074,0.7257693615745003,0.6132660809951813,0.9593581957115341,0.5880119379435805,0.9448396313391048,0.9166555306546093,0.9814861764313199,0.8613483006023429
0.588518300875585,0.9475822081771896,0.6573509645870776,0.6041380198051832,0.915627331407516,0.6561624109735881,0.49984576408858267,0.8292423139051941,0.5733644382164792,0.7248974618128778,0.6103335474339371,0.9536169737144573,0.5873059565077015,0.9482428236719386,0.9155572134599597,0.9767979214686672,0.8582480667669417
0.5766684712950034,0.9294531691590922,0.642312230899956,0.5902430647436913,0.8971399954209471,0.6421023617608567,0.48791278360607804,0.809220569126362,0.5623116297689326,0.7118189653885416,0.5986034131889606,0.9329485745249806,0.5731863277901224,0.9221516824535458,0.9045740415134631,0.9592169653587199,0.8375798411975994
0.564818641714422,0.9135902600182566,0.6322600246985642,0.5813941723097938,0.8821260377106427,0.634228734201727,0.4812157027230399,0.798253884800268,0.5518114617437633,0.6996123687258279,0.5892193057929793,0.9230736726900084,0.5637967746929323,0.9119421054550442,0.884804332009769,0.9463242642114253,0.8266256816458478
0.5745773248984304,0.9294531691590922,0.642312230899956,0.5902430647436913,0.8972520398814721,0.6423433911759321,0.4883998440339354,0.8111321929997177,0.5595484276570459,0.7118189653885416,0.6008028133598936,0.9352450633238113,0.5724803463542435,0.9232860798978237,0.8990824555402148,0.9627331565807096,0.8406800750330006
0.5745773248984304,0.9260539743431987,0.642312230899956,0.5909743781679804,0.896579773118324,0.6405758421320458,0.48803454871304236,0.8121383108277999,0.5609300287129892,0.7092032661036743,0.5971371464083385,0.9352450633238113,0.5710683834824856,0.9244204773421015,0.8990824555402148,0.9557007741367306,0.8375798411975994
0.572486178501857,0.9237878444659366,0.6407292063013115,0.5883416498405398,0.8938907060657321,0.6384869205347257,0.4859036593411666,0.8059003802936913,0.5569924657035508,0.7065875668188071,0.5978702797986496,0.9340968189243959,0.5703624020466067,0.9198828875649899,0.8924925523723165,0.9592169653587199,0.8344796073621978
0.5717891297029993,0.9215217145886744,0.6383546694033452,0.5879759931283953,0.8938907060657321,0.6380048617045749,0.4863298372155418,0.8095224044747866,0.5581668266011026,0.7074594665804295,0.5942046128470945,0.9306520857261501,0.5696564206107276,0.9244204773421015,0.8957875039562657,0.9533566466554043,0.8334461960837308
0.5717891297029993,0.9215217145886744,0.6383546694033452,0.5879759931283953,0.8938907060657321,0.6380048617045749,0.4863298372155418,0.8095224044747866,0.5581668266011026,0.7074594665804295,0.5942046128470945,0.9306520857261501,0.5696564206107276,0.9244204773421015,0.8957875039562657,0.9533566466554043,0.8334461960837308
0.567606836909853,0.9147233249568877,0.6335264443774796,0.5839537692948055,0.8897450610263197,0.6360766263839717,0.48566012912723794,0.8070071099045816,0.5576832662315225,0.7057156670571847,0.5927383460664722,0.9283555969273191,0.5696564206107276,0.9210172850092677,0.8968858211509153,0.9498404554334148,0.832722808188804
0.5655156905132798,0.9124571950796256,0.632893234538022,0.5824180111037984,0.8847030603027101,0.6349518224469531,0.48425983039714815,0.80318386215787,0.5554036244892159,0.7023152579868572,0.5900990658613526,0.9236477948897162,0.5696564206107276,0.9210172850092677,0.8880992835937181,0.9463242642114253,0.8319994202938767
0.564818641714422,0.9135902600182566,0.6317851173189709,0.581247909624936,0.8872800828947772,0.6353535381387455,0.4829204142205405,0.802680803243829,0.5554036244892159,0.7044950073909132,0.5902456925394147,0.9245663904092487,0.5676796725902666,0.9164796952321561,0.8902959179830173,0.9474963279520885,0.8294158920977089
0.567606836909853,0.9147233249568877,0.6359801325053784,0.584246294664521,0.8896330165657951,0.6376031460127825,0.4866342499829526,0.8085162866467046,0.5602392281850176,0.7083313663420521,0.5942046128470945,0.9283555969273191,0.5703624020466067,0.9244204773421015,0.8990824555402148,0.9545287103960675,0.835513018640665
0.5690009345075684,0.9181225197727811,0.6351886202060564,0.5851970021160968,0.8896330165657951,0.6382458911196502,0.4866951325364347,0.8076107806014308,0.5571997058619422,0.7065875668188071,0.5956708796277164,0.9329485745249806,0.5703624020466067,0.9210172850092677,0.8924925523723165,0.9557007741367306,0.835513018640665
0.562030446518991,0.9075850158435118,0.6280650095121566,0.57898083800964,0.8851512381448087,0.6335859890948593,0.48225070613223664,0.8002661204564321,0.55457466385565,0.7029255878199929,0.5909055125906947,0.9236477948897162,0.5669736911543877,0.9142109003436002,0.8880992835937181,0.9498404554334148,0.830862667887563
0.5585452025247024,0.9028261431012612,0.6254530189243934,0.578176393242922,0.8821260377106427,0.6320594694660484,0.48237247123920096,0.803686921071911,0.5556108646476074,0.7027512078676685,0.5892926191320104,0.9230736726900084,0.5666912985800362,0.9176140926764339,0.8924925523723165,0.9474963279520885,0.8291058687141687
0.5585452025247024,0.9027128366073982,0.6265611361434444,0.5764212410246282,0.8799971929606741,0.6311756949441053,0.48218982357875445,0.8010710147188976,0.5527095024301264,0.7012689782729105,0.5908321992516636,0.9259442836885469,0.5670442892979756,0.9142109003436002,0.8859026492044186,0.9486683916927517,0.8311726912711032
0.5551296634102995,0.8958011404817484,0.6223661209570368,0.5756899276003392,0.8732745253291947,0.6285243713782759,0.47957187377902133,0.798253884800268,0.552916742588518,0.6998739386543146,0.5876797256733262,0.9156100840938088,0.5651381394211024,0.915345297787878,0.884804332009769,0.9412843901265737,0.8262123171344609
0.6031563256515974,0.9691104420111807,0.6700151613762326,0.6136450943209408,0.929072666670475,0.6585727051243421,0.49923693855376094,0.825217842592866,0.5671472334647342,0.7161784641966537,0.605934747092071,0.9524687293150417,0.5844820307641857,0.9368988492291591,0.9056723587081127,0.967421411543362,0.8561812442100073
0.6031563256515974,0.9691104420111807,0.6700151613762326,0.6136450943209408,0.929072666670475,0.6585727051243421,0.49923693855376094,0.825217842592866,0.5671472334647342,0.7161784641966537,0.605934747092071,0.9524687293150417,0.5844820307641857,0.9368988492291591,0.9056723587081127,0.967421411543362,0.8561812442100073
0.6024592768527397,0.9645781822566563,0.6660575998796217,0.615107721169519,0.9301931112757219,0.6593761365079267,0.5004545896234043,0.828236196077112,0.5712920366325642,0.7222817625280107,0.606667880482382,0.9490239961167958,0.5837760493283067,0.9425708364505488,0.9155572134599597,0.9721096665060146,0.8551478329315403
0.5906094472721581,0.9487152731158208,0.654976427689111,0.6048693332294722,0.915627331407516,0.6491725579364016,0.4925398576707227,0.8181750177962919,0.5650748318808192,0.7126908651501641,0.5986034131889606,0.9363933077232269,0.5760102535336382,0.9323612594520472,0.9034757243188132,0.9592169653587199,0.8427468975899349
0.5954887888641623,0.9543805978089762,0.6605170137843662,0.6092572137752066,0.9201091098285025,0.6545555482064187,0.49680163641447433,0.825217842592866,0.5685288345206776,0.7161784641966537,0.6022690801405158,0.9421345297203036,0.5788341792771541,0.9414364390062707,0.9111639446813611,0.966249347802699,0.8468805427038032
0.5613333977201334,0.8919487196904027,0.6176961983910358,0.5623068919358496,0.8509776776847874,0.608358243650301,0.46228122859008625,0.7665611732156847,0.5289459642679013,0.6682239773074207,0.5632663837759687,0.8896597606670215,0.5585725120674281,0.8923170296690356,0.8626183246778457,0.9228829893981624,0.815774863221943
0.5906094472721581,0.9498483380544519,0.654976427689111,0.6041380198051832,0.9178682206180091,0.6521452540556648,0.49375750874036606,0.8201872534524559,0.5664564329367625,0.7170503639582761,0.6000696799695826,0.9375415521226421,0.5753042720977594,0.9346300543406032,0.9111639446813611,0.9615610928400462,0.8417134863114677
0.5864271544790117,0.9430499484226653,0.6526018907911444,0.6019440795323161,0.9111455529865295,0.6478870677226661,0.49053073340581127,0.8131444286558819,0.5616208292409609,0.7100751658652967,0.5971371464083385,0.9329485745249806,0.5767162349695172,0.9255548747863797,0.894689186761616,0.9557007741367306,0.8427468975899349
0.5864271544790117,0.9430499484226653,0.6526018907911444,0.6019440795323161,0.9111455529865295,0.6478870677226661,0.49053073340581127,0.8131444286558819,0.5616208292409609,0.7100751658652967,0.5971371464083385,0.9329485745249806,0.5767162349695172,0.9255548747863797,0.894689186761616,0.9557007741367306,0.8427468975899349
0.5850330568812964,0.9373846237295097,0.650227353893178,0.600481452683738,0.90778421917079,0.6470836363390815,0.4913222066010794,0.8151566643120459,0.5636932308248759,0.7126908651501641,0.5971371464083385,0.9340968189243959,0.5760102535336382,0.9289580671192135,0.901279089929514,0.9592169653587199,0.843780308868402
0.5773655200938613,0.9305862340977232,0.6446867677979224,0.5909743781679804,0.8943388839078306,0.6384869205347257,0.48468600827152325,0.8022783561125961,0.5534693830108952,0.7021408780345327,0.5934714794567832,0.9283555969273191,0.5689504391748487,0.9130765028993221,0.8859026492044186,0.951012519174078,0.8334461960837308
0.5829419104847231,0.9351184938522477,0.6454782800972448,0.5982875124108709,0.9066637745655431,0.6442716264965351,0.4887651393548284,0.8111321929997177,0.5609300287129892,0.7109470656269192,0.5971371464083385,0.9329485745249806,0.5703624020466067,0.9221516824535458,0.8957875039562657,0.9580449016180569,0.835513018640665
0.5843360080824387,0.939650753606772,0.6494358415938558,0.5975561989865817,0.9066637745655431,0.6466819206472892,0.4883998440339354,0.8111321929997177,0.5630024302969042,0.7135627649117865,0.6000696799695826,0.9375415521226421,0.5745982906618804,0.9221516824535458,0.9023774071241636,0.9639052203213727,0.8406800750330006
0.5843360080824387,0.9419168834840341,0.6486443292945334,0.5953622587137146,0.9066637745655431,0.6468426069240061,0.4913222066010794,0.8101260751716358,0.5602392281850176,0.7092032661036743,0.6000696799695826,0.9409862853208881,0.5760102535336382,0.9244204773421015,0.8924925523723165,0.9592169653587199,0.843780308868402
0.5822448616858654,0.9373846237295097,0.6494358415938558,0.5946309452894256,0.9045349298155746,0.6475656951692323,0.49095691128018637,0.814150546483964,0.5623116297689326,0.7100751658652967,0.6000696799695826,0.9398380409214727,0.579540160713033,0.9278236696749356,0.8990824555402148,0.9603890290993832,0.8468805427038032
0.5794566664904344,0.9317192990363542,0.646269792396567,0.5946309452894256,0.9038626630524266,0.644753685326686,0.491931032135901,0.8131444286558819,0.5609300287129892,0.7092032661036743,0.5956708796277164,0.9329485745249806,0.5760102535336382,0.9289580671192135,0.8968858211509153,0.9557007741367306,0.8406800750330006
0.58085076408815,0.9373846237295097,0.6470613046958892,0.5960935721380037,0.9066637745655431,0.6469229500623646,0.491931032135901,0.8161627821401278,0.5623116297689326,0.7100751658652967,0.6000696799695826,0.9398380409214727,0.5774222164053961,0.9278236696749356,0.8979841383455649,0.9615610928400462,0.8458471314253362
0.5766684712950034,0.928320104220461,0.6399376940019894,0.5917056915922694,0.900501329236687,0.6431468225595167,0.4876083708386672,0.8086168984295127,0.5588576271290743,0.7092032661036743,0.5964040130180275,0.9318003301255654,0.5724803463542435,0.9210172850092677,0.8924925523723165,0.9568728378773937,0.836546429919132
0.572486178501857,0.9192555847114122,0.6367716448047006,0.5902430647436913,0.8978122621840952,0.6392100087799518,0.48718219296429205,0.8089187337779373,0.5580286664955083,0.7029255878199929,0.5912720792858502,0.9247960392891315,0.5696564206107276,0.9210172850092677,0.8913942351776669,0.9474963279520885,0.8324127848052638
0.5655156905132798,0.9124571950796256,0.6316268148591065,0.5810285155976492,0.8861596382895307,0.6345501067551609,0.483103061880987,0.7993606144111584,0.5522259420605463,0.6994379887735033,0.5882662323855751,0.9213513060908857,0.5668324948672119,0.9164796952321561,0.8891976007883677,0.942808072989436,0.8299325977369426
0.564818641714422,0.9113241301409944,0.633288990687683,0.5809553842552204,0.8842548824606112,0.6343090773400855,0.483103061880987,0.7993606144111584,0.5518805417965605,0.6993507987973411,0.589072679114917,0.9233033215698916,0.5689504391748487,0.9176140926764339,0.8837060148151195,0.9435113112338339,0.8332395138280373
0.5696979833064261,0.9203886496500432,0.6359801325053784,0.585123870773668,0.8896330165657951,0.6376031460127825,0.48566012912723794,0.8069064981217734,0.5564398252811734,0.7057156670571847,0.5927383460664722,0.9257146348086639,0.5703624020466067,0.9244204773421015,0.8913942351776669,0.9486683916927517,0.8309660090154097
0.5710920809041417,0.9226547795273055,0.6383546694033452,0.5873909423889639,0.8909775500920911,0.6394510381950272,0.4862080721085774,0.8079126159498554,0.5580977465483055,0.7074594665804295,0.5949377462374055,0.9306520857261501,0.5731863277901224,0.9255548747863797,0.8935908695669664,0.9521845829147412,0.836546429919132
0.570395032105284,0.9215217145886744,0.6375631571040229,0.5846119513766657,0.8903052833289431,0.6380852048429333,0.48462512571804117,0.805699156728075,0.5574069460203338,0.7057156670571847,0.5956708796277164,0.9306520857261501,0.5710683834824856,0.9187484901207118,0.8913942351776669,0.9533566466554043,0.8375798411975994
0.567606836909853,0.9158563898955189,0.6336847468373441,0.5823448797613695,0.8912016390131401,0.6392903519183103,0.4858427767876844,0.8064034392077323,0.5556108646476074,0.7044078174147511,0.5920052126761612,0.9306520857261501,0.5710683834824856,0.9221516824535458,0.8902959179830173,0.9498404554334148,0.836546429919132
0.567606836909853,0.9203886496500432,0.6351886202060564,0.5841000319796633,0.8935545726841582,0.6421023617608567,0.4863298372155418,0.8063028274249242,0.5581668266011026,0.7100751658652967,0.5993365465792716,0.9363933077232269,0.5731863277901224,0.9221516824535458,0.8935908695669664,0.9603890290993832,0.8396466637545335
0.5690009345075684,0.91698945483415,0.6367716448047006,0.5862208409101015,0.8928823059210101,0.6401741264402534,0.4880954312665246,0.8101260751716358,0.5602392281850176,0.7092032661036743,0.5964040130180275,0.9329485745249806,0.5760102535336382,0.9300924645634913,0.8957875039562657,0.9557007741367306,0.8427468975899349
0.5655156905132798,0.9147233249568877,0.6317059660890387,0.5821986170765117,0.8873921273553017,0.6362373126606886,0.48419894784366596,0.8044918153343765,0.5557490247532019,0.7057156670571847,0.5964040130180275,0.9329485745249806,0.5710683834824856,0.9176140926764339,0.8902959179830173,0.9545287103960675,0.835513018640665
0.562030446518991,0.9053188859662495,0.6279067070522923,0.5786151812974955,0.8811176375659208,0.6310953518057468,0.48145923293696846,0.7998636733251994,0.552916742588518,0.6994379887735033,0.5884128590636372,0.9206623594512364,0.5676796725902666,0.915345297787878,0.8837060148151195,0.9416360092487728,0.8295192332255559
0.5494835681395519,0.8879829924051937,0.6149259053434083,0.5664753784542972,0.8656555020135179,0.6198473124355617,0.4718397894867863,0.7848725176867772,0.5424165745633487,0.6861851123968425,0.576975978174785,0.9025200979404735,0.5561721751854397,0.8973083784238586,0.8706360401987885,0.9271024188645498,0.8142247463042424
0.59618583766302,0.9645781822566563,0.6628915506823329,0.6056006466537613,0.9201091098285025,0.6569658423571728,0.49923693855376094,0.8242117247647841,0.5685288345206776,0.7205379630047658,0.607401013872693,0.9524687293150417,0.5823640864565489,0.939167644117715,0.9089673102920616,0.975625857728004,0.8541144216530732
0.5968828864618777,0.962312052379394,0.6621000383830108,0.6070632735023395,0.9257113328547354,0.6577692737407574,0.49984576408858267,0.828236196077112,0.5712920366325642,0.7222817625280107,0.6088672806533152,0.9513204849156264,0.5851880122000647,0.9448396313391048,0.9166555306546093,0.975625857728004,0.8572146554884744
0.5899123984733005,0.9543805978089762,0.6565594522877554,0.599750139259449,0.9133864421970229,0.6521452540556648,0.49497515981000934,0.819181135624374,0.5650748318808192,0.7170503639582761,0.60520161370176,0.9455792629185497,0.5788341792771541,0.9323612594520472,0.9045740415134631,0.9697655390246883,0.8468805427038032
0.5864271544790117,0.9475822081771896,0.6526018907911444,0.5960935721380037,0.9089046637760365,0.649574273628194,0.49314868320554434,0.8151566643120459,0.5643840313528476,0.7135627649117865,0.6015359467502047,0.9398380409214727,0.5760102535336382,0.9278236696749356,0.9034757243188132,0.9650772840620356,0.8427468975899349
0.5892153496744427,0.950981402993083,0.6557679399884332,0.5982875124108709,0.9122659975917761,0.6497349599049108,0.49375750874036606,0.819181135624374,0.5630024302969042,0.7144346646734088,0.6030022135308268,0.9421345297203036,0.5774222164053961,0.9312268620077694,0.901279089929514,0.9650772840620356,0.8458471314253362
0.5940946912664468,0.9577797926248697,0.6628915506823329,0.6056006466537613,0.918988665223256,0.6577692737407574,0.49923693855376094,0.82723007824903,0.5712920366325642,0.7205379630047658,0.605934747092071,0.9490239961167958,0.5851880122000647,0.9459740287833827,0.9122622618760107,0.9709376027653515,0.8551478329315403
0.5920035448698737,0.9543805978089762,0.658933989185722,0.6026753929566051,0.915627331407516,0.6537521168228342,0.4980192874841176,0.823205606936702,0.5678380339927059,0.7196660632431434,0.6037353469211377,0.9444310185191342,0.5830700678924279,0.9414364390062707,0.907868993097412,0.967421411543362,0.8510141878176717
0.5899123984733005,0.9532475328703451,0.6573509645870776,0.5982875124108709,0.9145068868022694,0.6529486854392496,0.49436633427518767,0.8201872534524559,0.5650748318808192,0.7144346646734088,0.6022690801405158,0.9478757517173805,0.5802461421489119,0.9300924645634913,0.9023774071241636,0.966249347802699,0.8499807765392047
0.5864271544790117,0.9475822081771896,0.6533934030904668,0.5990188258351599,0.9111455529865295,0.6505383912884954,0.49497515981000934,0.82219948910862,0.5664564329367625,0.7161784641966537,0.6022690801405158,0.9421345297203036,0.5788341792771541,0.938033246673437,0.9100656274867115,0.966249347802699,0.8468805427038032
0.5822448616858654,0.939650753606772,0.650227353893178,0.5953622587137146,0.9055433299602965,0.6468426069240061,0.4925398576707227,0.8171688999682098,0.5643840313528476,0.7144346646734088,0.5986034131889606,0.9363933077232269,0.5753042720977594,0.9323612594520472,0.9045740415134631,0.9603890290993832,0.8417134863114677
0.5829419104847231,0.939650753606772,0.6510188661925,0.5953622587137146,0.9040867519734761,0.6465212343705722,0.49314868320554434,0.814150546483964,0.5630024302969042,0.7118189653885416,0.5971371464083385,0.9340968189243959,0.5760102535336382,0.9323612594520472,0.9023774071241636,0.9580449016180569,0.8406800750330006
0.5787596176915767,0.9339854289136165,0.6470613046958892,0.5924370050165585,0.9000531513945884,0.6439502539431013,0.4889477870152749,0.8095224044747866,0.5609300287129892,0.7100751658652967,0.5956708796277164,0.9318003301255654,0.5753042720977594,0.9244204773421015,0.8968858211509153,0.9545287103960675,0.8396466637545335
0.5787596176915767,0.9351184938522477,0.6446867677979224,0.5902430647436913,0.901845862762983,0.6449947147417614,0.4896174951035787,0.8111321929997177,0.5623116297689326,0.7126908651501641,0.5986034131889606,0.9340968189243959,0.5724803463542435,0.9255548747863797,0.901279089929514,0.9615610928400462,0.8375798411975994
0.5815478128870076,0.9373846237295097,0.650227353893178,0.5931683184408475,0.9041987964340007,0.6475656951692323,0.491931032135901,0.8171688999682098,0.5636932308248759,0.7144346646734088,0.5986034131889606,0.9375415521226421,0.5788341792771541,0.9334956568963253,0.9023774071241636,0.9603890290993832,0.8458471314253362
0.5822448616858654,0.9385176886681409,0.6494358415938558,0.5946309452894256,0.902406085065606,0.6474050088925153,0.4925398576707227,0.8151566643120459,0.5643840313528476,0.7135627649117865,0.5986034131889606,0.9352450633238113,0.5767162349695172,0.9312268620077694,0.901279089929514,0.9592169653587199,0.843780308868402
0.5787596176915767,0.9305862340977232,0.6431037431992782,0.5917056915922694,0.8999411069340636,0.6457981461253461,0.49040896829884684,0.8111321929997177,0.5602392281850176,0.7083313663420521,0.5949377462374055,0.9329485745249806,0.5760102535336382,0.9278236696749356,0.8935908695669664,0.9545287103960675,0.8406800750330006
0.5759714224961457,0.9328523639749855,0.6438952554986004,0.5884879125253976,0.8992688401709156,0.6441109402198183,0.49083514617322205,0.814150546483964,0.5602392281850176,0.7100751658652967,0.5993365465792716,0.9375415521226421,0.5745982906618804,0.9278236696749356,0.8968858211509153,0.9592169653587199,0.8427468975899349
0.5829419104847231,0.939650753606772,0.650227353893178,0.5968248855622927,0.910025108381283,0.6505383912884954,0.49497515981000934,0.8211933712805378,0.5657656324087909,0.7170503639582761,0.6022690801405158,0.9421345297203036,0.5788341792771541,0.9368988492291591,0.9089673102920616,0.9650772840620356,0.8468805427038032
0.5794566664904344,0.9373846237295097,0.6470613046958892,0.5931683184408475,0.9066637745655431,0.6513418226720802,0.49314868320554434,0.8181750177962919,0.5664564329367625,0.7179222637198985,0.6037353469211377,0.943282774119719,0.579540160713033,0.9346300543406032,0.9089673102920616,0.9685934752840253,0.8489473652607377
0.58085076408815,0.9373846237295097,0.6486443292945334,0.5953622587137146,0.9089046637760365,0.6505383912884954,0.49497515981000934,0.8242117247647841,0.5664564329367625,0.7161784641966537,0.6015359467502047,0.9409862853208881,0.579540160713033,0.939167644117715,0.9089673102920616,0.9627331565807096,0.8468805427038032
0.5787596176915767,0.9362515587908787,0.6478528169952112,0.5924370050165585,0.90442288535505,0.6487708422446092,0.49375750874036606,0.8181750177962919,0.5650748318808192,0.7135627649117865,0.6022690801405158,0.9455792629185497,0.5802461421489119,0.9323612594520472,0.9045740415134631,0.9627331565807096,0.8510141878176717
0.5683038857087107,0.9181225197727811,0.6367716448047006,0.5824180111037984,0.8884005275000237,0.6384065773963672,0.48486865593196976,0.8022783561125961,0.5548509840668385,0.7037102976054531,0.590392319217477,0.9260591081284886,0.5696564206107276,0.9176140926764339,0.8902959179830173,0.9455038195929614,0.8331361727001907
0.5683038857087107,0.9158563898955189,0.6367716448047006,0.5816866976795094,0.8900811944078936,0.6367997146291979,0.4843207129506302,0.8012722382845142,0.552916742588518,0.6994379887735033,0.5886327990807304,0.9272073525279039,0.5724803463542435,0.9187484901207118,0.8859026492044186,0.9414015965006401,0.8386132524760664
0.5655156905132798,0.9124571950796256,0.6317851173189709,0.581979223049225,0.8859355493684812,0.6365586852141225,0.4843815955041124,0.8018759089813634,0.5519496218493576,0.6993507987973411,0.589732499166197,0.9246812148491901,0.5703624020466067,0.9210172850092677,0.8891976007883677,0.9433941048597675,0.8375798411975994
0.5655156905132798,0.9135902600182566,0.6317851173189709,0.5821986170765117,0.8881764385789745,0.636639028352481,0.48492953848545195,0.8071077216873898,0.5575451061259281,0.7048437672955623,0.5920052126761612,0.9272073525279039,0.5717743649183645,0.9221516824535458,0.894689186761616,0.9474963279520885,0.8334461960837308
0.5696979833064261,0.9215217145886744,0.6367716448047006,0.5813941723097938,0.8894089276447457,0.6396117244717442,0.48511218614589846,0.8047936506828011,0.5555417845948103,0.7037102976054531,0.5904656325565081,0.9257146348086639,0.5731863277901224,0.9187484901207118,0.8913942351776669,0.9456210259670275,0.836546429919132
0.5655156905132798,0.9147233249568877,0.6328140833080896,0.5783957872702088,0.884366926921136,0.6358355969688962,0.48340747464839784,0.8025801914610208,0.5542983436444613,0.7034487276769664,0.5920052126761612,0.9283555969273191,0.5696564206107276,0.9164796952321561,0.8880992835937181,0.9498404554334148,0.8344796073621978
0.5641215929155643,0.9113241301409944,0.6305978488699876,0.579712151433929,0.8857114604474321,0.634228734201727,0.4837727699692908,0.8062022156421159,0.5551963843308244,0.7036231076292908,0.5902456925394147,0.9245663904092487,0.5676796725902666,0.9176140926764339,0.8902959179830173,0.94585543871516,0.8316893969103365
0.562030446518991,0.9101910652023634,0.6308353025597843,0.577371948476204,0.88638372721058,0.6352731950003871,0.4820680584717902,0.8011716265017059,0.5535384630636925,0.7003098885351258,0.5912720792858502,0.9283555969273191,0.5724803463542435,0.9176140926764339,0.884804332009769,0.9474963279520885,0.836546429919132
0.556175236608586,0.8990870288037787,0.6240282967856136,0.5725452798758963,0.8774201703686072,0.6302919204221622,0.4793892261185749,0.7966440962753368,0.5499463003182399,0.6976941892502585,0.5882662323855751,0.9215809549707684,0.5684562521697335,0.9119421054550442,0.8837060148151195,0.9463242642114253,0.8310693501432562
0.5554084829298427,0.8987471093221893,0.6230784820264269,0.5718870977940361,0.8738347476318181,0.6298098615920114,0.4784151052628602,0.7968453198409533,0.5509134210574002,0.6982173291072319,0.5912720792858502,0.9247960392891315,0.5679620651646181,0.9118286657106164,0.8837060148151195,0.9463242642114253,0.8322061025495703
0.562030446518991,0.9090580002637322,0.6298063365706653,0.5775182111610618,0.8841428380000868,0.6363979989374056,0.4829204142205405,0.8014734618501306,0.5540911034860698,0.7012689782729105,0.5874597856562328,0.9231884971299502,0.5696564206107276,0.9176140926764339,0.8870009663990682,0.9432768984857011,0.8321027614217237
0.6052474720481706,0.9861064160906472,0.6810963335667433,0.6253461091095657,0.9548428925911467,0.6802653524811277,0.5156752279939457,0.8523830239510803,0.5864896482479407,0.7414635572837038,0.6213305482886027,0.9754336173033489,0.6000136223535227,0.9686619776689417,0.9353269229636535,0.9967230050599407,0.8789162923362841
0.6038533744504551,0.9747757667043362,0.6731812105735214,0.6129137808966518,0.9301931112757219,0.6641967248094346,0.5022810662278693,0.8292423139051941,0.5719828371605359,0.7222817625280107,0.6096004140436262,0.9547652181138726,0.5880119379435805,0.9459740287833827,0.9144588962653097,0.9767979214686672,0.8603148893238759
0.6177943504276098,0.9974370654769582,0.6866369196619986,0.6231521688366984,0.9492406695649138,0.6770516269467891,0.5138487513894808,0.8483585526387522,0.5837264461360541,0.7362321587139692,0.6205974148982917,0.9754336173033489,0.6007196037894016,0.9641243878918299,0.9309336541850548,0.9932068138379513,0.8789162923362841
0.6038533744504551,0.9747757667043362,0.671598185974877,0.6107198406237847,0.9279522220652284,0.6641967248094346,0.5028898917626909,0.831254549561358,0.5726736376885074,0.723153662289633,0.606667880482382,0.9524687293150417,0.5894239008153385,0.9459740287833827,0.9144588962653097,0.9732817302466777,0.8613483006023429
0.6024592768527397,0.973642701765705,0.6700151613762326,0.6092572137752066,0.9279522220652284,0.6625898620422653,0.5028898917626909,0.8302484317332761,0.5692196350486491,0.7214098627663883,0.6096004140436262,0.9536169737144573,0.5851880122000647,0.9414364390062707,0.9122622618760107,0.975625857728004,0.8582480667669417
0.6101268136401747,0.9827072212747537,0.6779302843694546,0.6173016614423861,0.9369157789072013,0.6706241758781119,0.5077604960412643,0.8382973743579321,0.5768184408563375,0.7301288603826125,0.6125329476048703,0.9582099513121185,0.5936597894306122,0.9561836057818842,0.921048799433208,0.9803141126906567,0.8654819457162114
0.6038533744504551,0.973642701765705,0.6700151613762326,0.6129137808966518,0.9313135558809683,0.6641967248094346,0.5041075428323342,0.8332667852175221,0.5726736376885074,0.7248974618128778,0.608134147263004,0.9524687293150417,0.5880119379435805,0.9493772211162166,0.9166555306546093,0.9767979214686672,0.8582480667669417
0.6073386184447438,0.9815741563361228,0.67634725977081,0.615107721169519,0.9380362235124479,0.6714276072616966,0.5077604960412643,0.8382973743579321,0.5775092413843091,0.7283850608593676,0.6139992143854923,0.9639511733091953,0.5936597894306122,0.9539148108933283,0.9221471166278576,0.9850023676533092,0.870649002108547
0.6150061552321788,0.9895056109065404,0.684262382764032,0.6224208554124094,0.9458793357491738,0.6746413327960351,0.5120222747850158,0.8443340813264242,0.5809632440241674,0.7344883591907245,0.6169317479467366,0.9673959065074414,0.596483715174128,0.962989990447552,0.9287370197957555,0.9873464951346356,0.8716824133870141
0.5996710816573088,0.9668443121339184,0.667640624478266,0.6099885271994956,0.9313135558809683,0.6641967248094346,0.5028898917626909,0.83226066738944,0.5747460392724225,0.7301288603826125,0.6154654811661143,0.9593581957115341,0.5887179193794594,0.9471084262276606,0.9221471166278576,0.9861744313939724,0.8623817118808099
0.6052474720481706,0.9759088316429673,0.6731812105735214,0.61437640774523,0.9369157789072013,0.6690173131109426,0.5071516705064425,0.8393034921860142,0.5809632440241674,0.7353602589523469,0.6161986145564254,0.9616546845103646,0.5915418451229753,0.9527804134490504,0.9287370197957555,0.989690622615962,0.8644485344377444
0.6059445208470283,0.9793080264588605,0.6739727228728436,0.615107721169519,0.9346748896967079,0.6690173131109426,0.5077604960412643,0.8403096100140962,0.5802724434961958,0.7353602589523469,0.6191311481176694,0.9673959065074414,0.5915418451229753,0.9550492083376063,0.9254420682118064,0.9943788775786144,0.868582179551613
0.6038533744504551,0.9770418965815982,0.6739727228728436,0.61437640774523,0.9357953343019548,0.6674104503437732,0.5083693215760858,0.8403096100140962,0.5795816429682241,0.7353602589523469,0.6191311481176694,0.9685441509068569,0.5929538079947332,0.9539148108933283,0.9254420682118064,0.9920347500972883,0.868582179551613
0.5975799352607355,0.962312052379394,0.6652660875802996,0.6077945869266285,0.9223499990389954,0.6601795678915113,0.5010634151582259,0.828236196077112,0.5733644382164792,0.7266412613361227,0.6117998142145592,0.9547652181138726,0.5851880122000647,0.9403020415619929,0.9144588962653097,0.9826582401719829,0.8541144216530732
0.5773655200938613,0.9328523639749855,0.6438952554986004,0.5938996318651365,0.90778421917079,0.6497349599049108,0.49314868320554434,0.8161627821401278,0.5636932308248759,0.7135627649117865,0.6015359467502047,0.943282774119719,0.579540160713033,0.9278236696749356,0.8990824555402148,0.9650772840620356,0.8489473652607377
0.5947917400653047,0.9589128575635006,0.6628915506823329,0.6041380198051832,0.918988665223256,0.6577692737407574,0.49984576408858267,0.82723007824903,0.5712920366325642,0.7222817625280107,0.6103335474339371,0.9547652181138726,0.5830700678924279,0.9403020415619929,0.9122622618760107,0.9779699852093304,0.8561812442100073
0.5940946912664468,0.9611789874407629,0.6636830629816551,0.6085259003509175,0.9257113328547354,0.6617864306586807,0.5034987172975126,0.8332667852175221,0.5740552387444509,0.7266412613361227,0.6132660809951813,0.9593581957115341,0.5901298822512173,0.9550492083376063,0.9199504822385581,0.9814861764313199,0.8634151231592774
0.5899123984733005,0.9543805978089762,0.6573509645870776,0.600481452683738,0.9167477760127625,0.6569658423571728,0.4980192874841176,0.825217842592866,0.5685288345206776,0.7214098627663883,0.608134147263004,0.9478757517173805,0.5816581050206698,0.939167644117715,0.9067706759027624,0.975625857728004,0.8520475990961388
0.5906094472721581,0.9555136627476074,0.6628915506823329,0.6041380198051832,0.9178682206180091,0.6585727051243421,0.5004545896234043,0.8292423139051941,0.5712920366325642,0.7222817625280107,0.607401013872693,0.9513204849156264,0.5865999750718226,0.9471084262276606,0.9133605790706603,0.9732817302466777,0.8582480667669417
0.5906094472721581,0.9532475328703451,0.6573509645870776,0.6026753929566051,0.918988665223256,0.6561624109735881,0.49862811301893933,0.82723007824903,0.5719828371605359,0.723153662289633,0.606667880482382,0.9490239961167958,0.5823640864565489,0.939167644117715,0.9155572134599597,0.974453793987341,0.8530810103746062
0.5940946912664468,0.9577797926248697,0.6628915506823329,0.6063319600780503,0.9201091098285025,0.6593761365079267,0.5016722406930476,0.831254549561358,0.5726736376885074,0.7248974618128778,0.607401013872693,0.9513204849156264,0.5858939936359436,0.9482428236719386,0.9155572134599597,0.974453793987341,0.8572146554884744
0.564818641714422,0.9135902600182566,0.6328140833080896,0.5818329603643673,0.8853753270658581,0.63406804792501,0.48066775974170034,0.7931226838770499,0.5489100995262823,0.6951656799415534,0.5857735788585174,0.9188251684121719,0.5659853171441571,0.9050222810449486,0.8741506552216672,0.9391746753933802,0.8293125509698623
0.5927005936687314,0.9543805978089762,0.658933989185722,0.6026753929566051,0.9178682206180091,0.6569658423571728,0.49862811301893933,0.8262239604209479,0.5706012361045925,0.723153662289633,0.605934747092071,0.9455792629185497,0.580952123584791,0.9368988492291591,0.9144588962653097,0.9709376027653515,0.8489473652607377
0.5878212520767273,0.9475822081771896,0.6565594522877554,0.599750139259449,0.9111455529865295,0.6521452540556648,0.497410461949296,0.8242117247647841,0.5685288345206776,0.7196660632431434,0.6022690801405158,0.9409862853208881,0.5788341792771541,0.938033246673437,0.9089673102920616,0.966249347802699,0.8448137201468691
0.5878212520767273,0.950981402993083,0.654976427689111,0.599750139259449,0.915627331407516,0.6553589795900034,0.49680163641447433,0.82219948910862,0.5671472334647342,0.7187941634815209,0.60520161370176,0.9467275073179648,0.579540160713033,0.935764451784881,0.9067706759027624,0.9709376027653515,0.8499807765392047
0.5836389592835808,0.9441830133612964,0.6494358415938558,0.5968248855622927,0.9111455529865295,0.6529486854392496,0.495583985344831,0.8181750177962919,0.5650748318808192,0.7170503639582761,0.605934747092071,0.9490239961167958,0.5802461421489119,0.9334956568963253,0.9034757243188132,0.9709376027653515,0.8510141878176717
0.5871242032778694,0.9475822081771896,0.654976427689111,0.600481452683738,0.9145068868022694,0.6561624109735881,0.49862811301893933,0.8262239604209479,0.5699104355766209,0.7196660632431434,0.605934747092071,0.9490239961167958,0.5830700678924279,0.9448396313391048,0.9111639446813611,0.9721096665060146,0.8520475990961388
0.5815478128870076,0.9419168834840341,0.6486443292945334,0.5946309452894256,0.9089046637760365,0.6529486854392496,0.49436633427518767,0.819181135624374,0.5678380339927059,0.7196660632431434,0.60520161370176,0.9467275073179648,0.579540160713033,0.9334956568963253,0.9089673102920616,0.9721096665060146,0.8499807765392047
0.5822448616858654,0.9407838185454032,0.6494358415938558,0.5960935721380037,0.9089046637760365,0.6513418226720802,0.49497515981000934,0.8211933712805378,0.5685288345206776,0.7196660632431434,0.6030022135308268,0.943282774119719,0.579540160713033,0.9346300543406032,0.9100656274867115,0.9685934752840253,0.8489473652607377
0.5822448616858654,0.9362515587908787,0.6486443292945334,0.5960935721380037,0.9089046637760365,0.6521452540556648,0.49619281087965267,0.8201872534524559,0.5664564329367625,0.7170503639582761,0.6030022135308268,0.943282774119719,0.580952123584791,0.939167644117715,0.9045740415134631,0.967421411543362,0.8499807765392047
0.5815478128870076,0.9407838185454032,0.6486443292945334,0.5960935721380037,0.9122659975917761,0.6529486854392496,0.49497515981000934,0.819181135624374,0.5678380339927059,0.7205379630047658,0.6044684803114487,0.9444310185191342,0.5802461421489119,0.9323612594520472,0.9089673102920616,0.9709376027653515,0.8499807765392047
0.578062568892719,0.9351184938522477,0.646269792396567,0.5924370050165585,0.9055433299602965,0.6497349599049108,0.49375750874036606,0.8201872534524559,0.5657656324087909,0.7161784641966537,0.6030022135308268,0.9478757517173805,0.5823640864565489,0.9334956568963253,0.9045740415134631,0.966249347802699,0.8541144216530732
0.580153715289292,0.9385176886681409,0.6494358415938558,0.5946309452894256,0.9111455529865295,0.6537521168228342,0.497410461949296,0.823205606936702,0.5699104355766209,0.7222817625280107,0.606667880482382,0.9490239961167958,0.5823640864565489,0.938033246673437,0.9111639446813611,0.9732817302466777,0.8520475990961388
0.5815478128870076,0.9385176886681409,0.650227353893178,0.5975561989865817,0.9122659975917761,0.6545555482064187,0.4980192874841176,0.8262239604209479,0.5699104355766209,0.7205379630047658,0.606667880482382,0.9478757517173805,0.5837760493283067,0.9459740287833827,0.9122622618760107,0.9709376027653515,0.8530810103746062
0.5717891297029993,0.9260539743431987,0.6391461817026672,0.5850507394312391,0.8954593285130772,0.6432271656978752,0.4885824916943819,0.8111321929997177,0.5588576271290743,0.7074594665804295,0.5971371464083385,0.9340968189243959,0.5717743649183645,0.9244204773421015,0.8913942351776669,0.9568728378773937,0.8396466637545335
0.5968828864618777,0.962312052379394,0.6636830629816551,0.6070632735023395,0.9223499990389954,0.6553589795900034,0.497410461949296,0.8242117247647841,0.5671472334647342,0.7170503639582761,0.6044684803114487,0.9444310185191342,0.5802461421489119,0.938033246673437,0.9067706759027624,0.9685934752840253,0.8499807765392047
0.5968828864618777,0.962312052379394,0.6636830629816551,0.6070632735023395,0.9223499990389954,0.6553589795900034,0.497410461949296,0.8242117247647841,0.5671472334647342,0.7170503639582761,0.6044684803114487,0.9444310185191342,0.5802461421489119,0.938033246673437,0.9067706759027624,0.9685934752840253,0.8499807765392047
0.5954887888641623,0.9611789874407629,0.6613085260836886,0.6041380198051832,0.9201091098285025,0.6553589795900034,0.49497515981000934,0.819181135624374,0.5664564329367625,0.7187941634815209,0.6037353469211377,0.9409862853208881,0.5788341792771541,0.9323612594520472,0.907868993097412,0.9685934752840253,0.8489473652607377
0.5996710816573088,0.9645781822566563,0.6644745752809772,0.6077945869266285,0.9234704436442419,0.6577692737407574,0.497410461949296,0.823205606936702,0.5685288345206776,0.7196660632431434,0.6030022135308268,0.9421345297203036,0.5788341792771541,0.9346300543406032,0.9100656274867115,0.9685934752840253,0.8479139539822705
0.5996710816573088,0.9679773770725495,0.6660575998796217,0.6077945869266285,0.9223499990389954,0.6569658423571728,0.49862811301893933,0.82219948910862,0.5664564329367625,0.7179222637198985,0.607401013872693,0.9490239961167958,0.579540160713033,0.9334956568963253,0.9045740415134631,0.9732817302466777,0.8499807765392047
0.5927005936687314,0.9600459225021317,0.6605170137843662,0.6019440795323161,0.9133864421970229,0.6529486854392496,0.49436633427518767,0.819181135624374,0.5636932308248759,0.7135627649117865,0.6022690801405158,0.9409862853208881,0.5781281978412751,0.9289580671192135,0.8990824555402148,0.966249347802699,0.8458471314253362
0.5864271544790117,0.9441830133612964,0.6518103784918222,0.5968248855622927,0.910025108381283,0.6462802049554968,0.49040896829884684,0.8131444286558819,0.5623116297689326,0.7100751658652967,0.5978702797986496,0.9340968189243959,0.5731863277901224,0.9232860798978237,0.8979841383455649,0.9592169653587199,0.8417134863114677
0.591306496071016,0.950981402993083,0.6573509645870776,0.6019440795323161,0.9133864421970229,0.6513418226720802,0.49436633427518767,0.8201872534524559,0.5650748318808192,0.7153065644350313,0.6015359467502047,0.9409862853208881,0.5781281978412751,0.9334956568963253,0.9045740415134631,0.9650772840620356,0.8448137201468691
0.5878212520767273,0.9498483380544519,0.6581424768863998,0.600481452683738,0.90778421917079,0.6486904991062508,0.4925398576707227,0.8151566643120459,0.5630024302969042,0.7118189653885416,0.5964040130180275,0.9340968189243959,0.5760102535336382,0.9289580671192135,0.8990824555402148,0.9557007741367306,0.843780308868402
0.591306496071016,0.9521144679317142,0.6565594522877554,0.5990188258351599,0.9111455529865295,0.6497349599049108,0.49436633427518767,0.8181750177962919,0.5630024302969042,0.7135627649117865,0.6022690801405158,0.9409862853208881,0.5760102535336382,0.9266892722306574,0.901279089929514,0.966249347802699,0.8448137201468691
0.5933976424675891,0.9543805978089762,0.6597255014850442,0.6019440795323161,0.915627331407516,0.6521452540556648,0.49497515981000934,0.8211933712805378,0.5678380339927059,0.7179222637198985,0.6022690801405158,0.9421345297203036,0.5767162349695172,0.9334956568963253,0.9089673102920616,0.966249347802699,0.8448137201468691
0.5899123984733005,0.950981402993083,0.6557679399884332,0.5990188258351599,0.9089046637760365,0.6505383912884954,0.49436633427518767,0.8171688999682098,0.5643840313528476,0.7153065644350313,0.6022690801405158,0.9398380409214727,0.5760102535336382,0.9266892722306574,0.901279089929514,0.9650772840620356,0.8417134863114677
0.588518300875585,0.9498483380544519,0.6573509645870776,0.5990188258351599,0.9089046637760365,0.6470836363390815,0.4925398576707227,0.8151566643120459,0.5616208292409609,0.7118189653885416,0.6000696799695826,0.9386897965220574,0.5738923092260014,0.9232860798978237,0.8979841383455649,0.9615610928400462,0.8406800750330006
0.585730105680154,0.9441830133612964,0.6526018907911444,0.5960935721380037,0.9037506185919021,0.6453964304335537,0.4908960287267043,0.8121383108277999,0.5616208292409609,0.7118189653885416,0.5986034131889606,0.9329485745249806,0.5717743649183645,0.9221516824535458,0.9001807727348644,0.9603890290993832,0.8386132524760664
0.588518300875585,0.9475822081771896,0.6573509645870776,0.600481452683738,0.90778421917079,0.6484494696911755,0.49375750874036606,0.8171688999682098,0.5636932308248759,0.7135627649117865,0.6000696799695826,0.9375415521226421,0.5767162349695172,0.9334956568963253,0.9023774071241636,0.9615610928400462,0.8448137201468691
0.5906094472721581,0.9521144679317142,0.6581424768863998,0.600481452683738,0.910025108381283,0.6505383912884954,0.49375750874036606,0.8171688999682098,0.5664564329367625,0.7170503639582761,0.6030022135308268,0.9386897965220574,0.5753042720977594,0.9266892722306574,0.9045740415134631,0.9685934752840253,0.8427468975899349
0.578062568892719,0.9317192990363542,0.6454782800972448,0.5909743781679804,0.9010615515393102,0.6439502539431013,0.48742572317822075,0.8097236280404029,0.5588576271290743,0.7083313663420521,0.5971371464083385,0.9340968189243959,0.5724803463542435,0.9232860798978237,0.9001807727348644,0.9568728378773937,0.8396466637545335
0.58085076408815,0.9351184938522477,0.6494358415938558,0.5938996318651365,0.9006133736972115,0.6441912833581768,0.490469850852329,0.8151566643120459,0.5609300287129892,0.7100751658652967,0.5971371464083385,0.9340968189243959,0.5753042720977594,0.9312268620077694,0.901279089929514,0.9580449016180569,0.8417134863114677
0.5794566664904344,0.9362515587908787,0.6470613046958892,0.5938996318651365,0.9022940406050816,0.6458784892637045,0.49095691128018637,0.8121383108277999,0.5630024302969042,0.7144346646734088,0.6008028133598936,0.9363933077232269,0.5745982906618804,0.9266892722306574,0.9023774071241636,0.9639052203213727,0.8406800750330006
0.5794566664904344,0.9351184938522477,0.6494358415938558,0.5924370050165585,0.9010615515393102,0.6453160872951953,0.4907133810662577,0.814150546483964,0.5616208292409609,0.7100751658652967,0.6000696799695826,0.9398380409214727,0.5781281978412751,0.9278236696749356,0.8990824555402148,0.9627331565807096,0.8479139539822705
0.578062568892719,0.9339854289136165,0.6478528169952112,0.5931683184408475,0.8997170180130145,0.6439502539431013,0.4885216091408998,0.8099248516060195,0.5602392281850176,0.7074594665804295,0.5934714794567832,0.9283555969273191,0.5745982906618804,0.9244204773421015,0.8957875039562657,0.951012519174078,0.8375798411975994
0.5787596176915767,0.9328523639749855,0.6446867677979224,0.5909743781679804,0.900165195855113,0.6450750578801199,0.48913043467572137,0.8101260751716358,0.5609300287129892,0.7135627649117865,0.5986034131889606,0.9352450633238113,0.5731863277901224,0.9255548747863797,0.9001807727348644,0.9615610928400462,0.8417134863114677
0.5773655200938613,0.9351184938522477,0.6470613046958892,0.5895117513194023,0.898148395565669,0.6423433911759321,0.4896783776570609,0.8111321929997177,0.5572687859147395,0.7065875668188071,0.5986034131889606,0.9363933077232269,0.5738923092260014,0.9232860798978237,0.894689186761616,0.9592169653587199,0.8396466637545335
0.5787596176915767,0.9362515587908787,0.6486443292945334,0.5917056915922694,0.8990447512498665,0.6453964304335537,0.4908960287267043,0.814150546483964,0.5602392281850176,0.7100751658652967,0.6000696799695826,0.9398380409214727,0.5745982906618804,0.9266892722306574,0.8979841383455649,0.9627331565807096,0.843780308868402
0.5822448616858654,0.9373846237295097,0.6486443292945334,0.5946309452894256,0.9039747075129515,0.6464408912322138,0.49095691128018637,0.8151566643120459,0.5630024302969042,0.7126908651501641,0.5986034131889606,0.9363933077232269,0.5738923092260014,0.9255548747863797,0.9034757243188132,0.9603890290993832,0.8396466637545335
0.5773655200938613,0.9328523639749855,0.6478528169952112,0.5909743781679804,0.8979243066446198,0.6421827048992151,0.48973926021054304,0.8101260751716358,0.5581668266011026,0.7074594665804295,0.5971371464083385,0.9329485745249806,0.5738923092260014,0.9244204773421015,0.8935908695669664,0.9557007741367306,0.8417134863114677
0.5766684712950034,0.9294531691590922,0.646269792396567,0.5885610438678265,0.8960195508157006,0.641459616653989,0.4889477870152749,0.809220569126362,0.5575451061259281,0.7057156670571847,0.5942046128470945,0.9283555969273191,0.5738923092260014,0.9244204773421015,0.8935908695669664,0.9521845829147412,0.8396466637545335
0.5696979833064261,0.9203886496500432,0.6391461817026672,0.5835881125826609,0.8894089276447457,0.6389689793648764,0.4845033606110768,0.8043912035515683,0.55457466385565,0.7024896379391817,0.5920052126761612,0.9272073525279039,0.5724803463542435,0.9198828875649899,0.8880992835937181,0.9486683916927517,0.836546429919132
0.5690009345075684,0.9192555847114122,0.6367716448047006,0.5851970021160968,0.8891848387236966,0.6356749106921794,0.4843815955041124,0.805196097814034,0.5563707452283763,0.7023152579868572,0.5920052126761612,0.9243367415293654,0.5666207004364482,0.9187484901207118,0.8924925523723165,0.9474963279520885,0.8310693501432562
0.5683038857087107,0.91698945483415,0.6367716448047006,0.5838075066099476,0.8857114604474321,0.6347107930318777,0.4848077733784876,0.8033850857234863,0.5530549026941124,0.7011817882967482,0.5901723792003837,0.921466130530827,0.5668324948672119,0.9176140926764339,0.8902959179830173,0.9451522004707623,0.8278657751800081
0.5683038857087107,0.9192555847114122,0.6375631571040229,0.5838806379523767,0.8845910158421852,0.6356749106921794,0.4843207129506302,0.802680803243829,0.5532621428525039,0.7012689782729105,0.5895858724881348,0.9231884971299502,0.5688798410312608,0.9164796952321561,0.8880992835937181,0.9453866132188949,0.8324127848052638
0.5690009345075684,0.9158563898955189,0.6367716448047006,0.5826374051310852,0.8850391936842841,0.6362373126606886,0.4832857095414335,0.8032844739406781,0.5531239827469094,0.7005714584636125,0.5883395457246061,0.9231884971299502,0.5683856540261456,0.9164796952321561,0.8859026492044186,0.9449177877226296,0.830862667887563
0.5717891297029993,0.9192555847114122,0.6375631571040229,0.5857089215130992,0.8878403051974006,0.6364783420757639,0.48639071976902387,0.8078120041670471,0.5559562649115933,0.7033615377008041,0.5898791258442593,0.9227291993701838,0.5671854855851514,0.9221516824535458,0.8935908695669664,0.9474963279520885,0.8283824808192419
0.5606363489212757,0.904639047003071,0.6287773705815466,0.5762749783397704,0.8786526594343783,0.6309346655290299,0.47957187377902133,0.795738590230063,0.5502917005822257,0.6952528699177157,0.5872398456391394,0.921006832771061,0.5683150558825576,0.9104673887774829,0.8822782024620749,0.9391746753933802,0.8325161259331104
0.5655156905132798,0.9101910652023634,0.6317059660890387,0.5794927574066422,0.8840307935395622,0.634228734201727,0.4823115886857188,0.8027814150266371,0.55457466385565,0.7048437672955623,0.5934714794567832,0.9246812148491901,0.5685268503133213,0.915345297787878,0.8924925523723165,0.9521845829147412,0.830449303376176
0.5627274953178487,0.9079249353251011,0.6317059660890387,0.57898083800964,0.8813417264869702,0.6334253028181424,0.481641880597415,0.7995618379767747,0.5515351415325748,0.6990020388926921,0.5878996656904195,0.921466130530827,0.5696564206107276,0.9164796952321561,0.8859026492044186,0.942808072989436,0.8344796073621978
0.5641215929155643,0.9124571950796256,0.6324183271584287,0.579712151433929,0.8833585267764141,0.6332646165414255,0.483103061880987,0.8015740736329388,0.5538838633276782,0.7028383978438307,0.5934714794567832,0.9272073525279039,0.5683150558825576,0.9142109003436002,0.8880992835937181,0.9545287103960675,0.8325161259331104
0.5627274953178487,0.9079249353251011,0.6294105804210044,0.5784689186126376,0.8821260377106427,0.6328629008496331,0.4812157027230399,0.8017752971985552,0.5531930627997067,0.7006586484397747,0.5881929190465438,0.9199734128115872,0.5649969431339266,0.915345297787878,0.8891976007883677,0.9440973431041655,0.8277624340521617
0.5585452025247024,0.8998801742608203,0.6249781115448001,0.5737885126971877,0.8739467920923427,0.6273192243028989,0.4782324576024136,0.7958392020128712,0.5489791795790795,0.6956016298223646,0.5839407453827399,0.9125098242153872,0.5622436155339986,0.908652352866638,0.8834863513761895,0.9381198180267832,0.8212519429978188
0.5585452025247024,0.8988604158160524,0.6244240529352745,0.5737885126971877,0.8738347476318181,0.6277209399946914,0.47798892738848503,0.7945312488363646,0.5485646992622965,0.6958631997508513,0.5851137588072376,0.9149211374541596,0.562737802539114,0.9084254733777825,0.8815093804258199,0.9385886435230486,0.8222853542762858
0.5975799352607355,0.9645781822566563,0.6652660875802996,0.6063319600780503,0.9201091098285025,0.6553589795900034,0.4980192874841176,0.8242117247647841,0.5650748318808192,0.7144346646734088,0.6015359467502047,0.9444310185191342,0.5802461421489119,0.938033246673437,0.9056723587081127,0.967421411543362,0.8499807765392047
0.5968828864618777,0.9611789874407629,0.6636830629816551,0.6048693332294722,0.915627331407516,0.6545555482064187,0.49680163641447433,0.8211933712805378,0.5643840313528476,0.7144346646734088,0.6030022135308268,0.9409862853208881,0.5802461421489119,0.9368988492291591,0.9045740415134631,0.9650772840620356,0.8499807765392047
0.5933976424675891,0.9566467276862385,0.6613085260836886,0.6026753929566051,0.9133864421970229,0.6513418226720802,0.49436633427518767,0.8181750177962919,0.5616208292409609,0.7109470656269192,0.5986034131889606,0.9386897965220574,0.5767162349695172,0.9323612594520472,0.901279089929514,0.9592169653587199,0.843780308868402
0.5933976424675891,0.9577797926248697,0.6636830629816551,0.601212766108027,0.9145068868022694,0.6505383912884954,0.49497515981000934,0.8181750177962919,0.5636932308248759,0.7109470656269192,0.6015359467502047,0.9444310185191342,0.5788341792771541,0.9300924645634913,0.9001807727348644,0.9627331565807096,0.8499807765392047
0.5947917400653047,0.9589128575635006,0.6636830629816551,0.601212766108027,0.9145068868022694,0.6521452540556648,0.495583985344831,0.819181135624374,0.5643840313528476,0.7118189653885416,0.6008028133598936,0.9444310185191342,0.5802461421489119,0.9300924645634913,0.901279089929514,0.9639052203213727,0.8489473652607377
0.5947917400653047,0.9589128575635006,0.6644745752809772,0.6026753929566051,0.9145068868022694,0.6529486854392496,0.49497515981000934,0.819181135624374,0.5636932308248759,0.7126908651501641,0.6008028133598936,0.9421345297203036,0.579540160713033,0.9323612594520472,0.901279089929514,0.9592169653587199,0.8479139539822705
0.5954887888641623,0.9600459225021317,0.6621000383830108,0.6041380198051832,0.9167477760127625,0.6529486854392496,0.49619281087965267,0.82219948910862,0.5657656324087909,0.7144346646734088,0.6000696799695826,0.9375415521226421,0.5760102535336382,0.9312268620077694,0.9067706759027624,0.9639052203213727,0.8458471314253362
0.5954887888641623,0.9611789874407629,0.6652660875802996,0.6026753929566051,0.9178682206180091,0.6545555482064187,0.49680163641447433,0.823205606936702,0.5650748318808192,0.7126908651501641,0.6022690801405158,0.9455792629185497,0.5802461421489119,0.9323612594520472,0.9023774071241636,0.966249347802699,0.8510141878176717
0.5954887888641623,0.962312052379394,0.6660575998796217,0.6034067063808942,0.9167477760127625,0.6537521168228342,0.495583985344831,0.8211933712805378,0.5650748318808192,0.7135627649117865,0.6037353469211377,0.9444310185191342,0.580952123584791,0.9323612594520472,0.9034757243188132,0.9650772840620356,0.8499807765392047
0.5836389592835808,0.9430499484226653,0.6541849153897888,0.5938996318651365,0.90442288535505,0.6455571167102707,0.49040896829884684,0.8131444286558819,0.5588576271290743,0.7074594665804295,0.5964040130180275,0.9363933077232269,0.5760102535336382,0.9255548747863797,0.894689186761616,0.9557007741367306,0.8448137201468691
0.5892153496744427,0.9475822081771896,0.6557679399884332,0.5990188258351599,0.9111455529865295,0.6488511853829677,0.49314868320554434,0.8171688999682098,0.5616208292409609,0.7083313663420521,0.5971371464083385,0.9363933077232269,0.5745982906618804,0.9278236696749356,0.9001807727348644,0.9580449016180569,0.8427468975899349
0.5878212520767273,0.9475822081771896,0.6565594522877554,0.5968248855622927,0.910025108381283,0.6513418226720802,0.4925398576707227,0.8151566643120459,0.5609300287129892,0.7092032661036743,0.5971371464083385,0.9375415521226421,0.5788341792771541,0.9300924645634913,0.8990824555402148,0.9580449016180569,0.8458471314253362
0.5906094472721581,0.9566467276862385,0.658933989185722,0.600481452683738,0.9167477760127625,0.6553589795900034,0.49680163641447433,0.8211933712805378,0.5657656324087909,0.7161784641966537,0.6022690801405158,0.9409862853208881,0.579540160713033,0.938033246673437,0.9067706759027624,0.9639052203213727,0.8458471314253362
0.588518300875585,0.9532475328703451,0.6557679399884332,0.5990188258351599,0.9122659975917761,0.6529486854392496,0.49680163641447433,0.8201872534524559,0.5630024302969042,0.7126908651501641,0.6008028133598936,0.9386897965220574,0.5788341792771541,0.9334956568963253,0.901279089929514,0.9603890290993832,0.8458471314253362
0.5843360080824387,0.9430499484226653,0.6533934030904668,0.5953622587137146,0.9055433299602965,0.6497349599049108,0.4925398576707227,0.8151566643120459,0.5609300287129892,0.7074594665804295,0.5934714794567832,0.9318003301255654,0.5774222164053961,0.9312268620077694,0.8990824555402148,0.9498404554334148,0.8427468975899349
0.5947917400653047,0.9600459225021317,0.6668491121789439,0.6070632735023395,0.921229554433749,0.6617864306586807,0.5028898917626909,0.8292423139051941,0.5699104355766209,0.7161784641966537,0.6015359467502047,0.943282774119719,0.5873059565077015,0.9471084262276606,0.9111639446813611,0.9615610928400462,0.8561812442100073
0.5940946912664468,0.9566467276862385,0.6628915506823329,0.6077945869266285,0.918988665223256,0.6609829992750961,0.5022810662278693,0.8292423139051941,0.5685288345206776,0.7179222637198985,0.6008028133598936,0.9398380409214727,0.5844820307641857,0.9516460160047724,0.9122622618760107,0.9650772840620356,0.8530810103746062
0.5954887888641623,0.962312052379394,0.6668491121789439,0.6092572137752066,0.9245908882494889,0.6625898620422653,0.5047163683671559,0.831254549561358,0.5706012361045925,0.7196660632431434,0.6030022135308268,0.9444310185191342,0.5880119379435805,0.9561836057818842,0.9111639446813611,0.967421411543362,0.8561812442100073
0.5843360080824387,0.9475822081771896,0.6533934030904668,0.5982875124108709,0.9111455529865295,0.6521452540556648,0.49497515981000934,0.8171688999682098,0.5630024302969042,0.7118189653885416,0.5986034131889606,0.9352450633238113,0.5767162349695172,0.9312268620077694,0.9001807727348644,0.9615610928400462,0.843780308868402
0.5933976424675891,0.9577797926248697,0.6613085260836886,0.6048693332294722,0.9178682206180091,0.6577692737407574,0.49923693855376094,0.8242117247647841,0.5671472334647342,0.7161784641966537,0.6000696799695826,0.9398380409214727,0.5844820307641857,0.9425708364505488,0.9056723587081127,0.9603890290993832,0.8520475990961388
0.588518300875585,0.9498483380544519,0.6557679399884332,0.599750139259449,0.9145068868022694,0.6537521168228342,0.49680163641447433,0.8211933712805378,0.5650748318808192,0.7100751658652967,0.5964040130180275,0.9375415521226421,0.5830700678924279,0.939167644117715,0.9023774071241636,0.9557007741367306,0.8510141878176717
0.588518300875585,0.9487152731158208,0.6557679399884332,0.599750139259449,0.9122659975917761,0.6529486854392496,0.49680163641447433,0.8201872534524559,0.5657656324087909,0.7144346646734088,0.5964040130180275,0.9352450633238113,0.5802461421489119,0.938033246673437,0.9067706759027624,0.9580449016180569,0.8468805427038032
0.5843360080824387,0.9453160782999275,0.650227353893178,0.5960935721380037,0.9111455529865295,0.6505383912884954,0.49314868320554434,0.8171688999682098,0.5636932308248759,0.7109470656269192,0.5934714794567832,0.9306520857261501,0.5774222164053961,0.9312268620077694,0.9056723587081127,0.9521845829147412,0.8417134863114677
0.5836389592835808,0.9453160782999275,0.6518103784918222,0.5938996318651365,0.9066637745655431,0.6505383912884954,0.49314868320554434,0.8171688999682098,0.5616208292409609,0.7083313663420521,0.5956708796277164,0.9306520857261501,0.5760102535336382,0.9323612594520472,0.9001807727348644,0.9521845829147412,0.8406800750330006
0.5892153496744427,0.9498483380544519,0.6557679399884332,0.6026753929566051,0.9122659975917761,0.6537521168228342,0.49619281087965267,0.823205606936702,0.5664564329367625,0.7153065644350313,0.6000696799695826,0.9363933077232269,0.5788341792771541,0.938033246673437,0.907868993097412,0.9615610928400462,0.8468805427038032
0.5899123984733005,0.9555136627476074,0.6644745752809772,0.6041380198051832,0.9178682206180091,0.6585727051243421,0.49984576408858267,0.828236196077112,0.5699104355766209,0.7196660632431434,0.6037353469211377,0.9490239961167958,0.5865999750718226,0.9471084262276606,0.9122622618760107,0.9697655390246883,0.8572146554884744
0.0,0.0,0.0,0.0,0.0,0.0,0.0,0.0,0.0,0.0,0.0,0.0,0.0,0.0,0.0,0.0,0.0
0.580153715289292,0.9419168834840341,0.650227353893178,0.5938996318651365,0.9066637745655431,0.6482887834144584,0.49375750874036606,0.8161627821401278,0.5616208292409609,0.7100751658652967,0.5971371464083385,0.9363933077232269,0.5760102535336382,0.9300924645634913,0.8968858211509153,0.9557007741367306,0.843780308868402
0.580153715289292,0.9362515587908787,0.6470613046958892,0.5946309452894256,0.902518129526131,0.6479674108610246,0.49126132404759715,0.8151566643120459,0.5602392281850176,0.7092032661036743,0.5949377462374055,0.9306520857261501,0.5753042720977594,0.9312268620077694,0.8990824555402148,0.9533566466554043,0.8386132524760664
0.5829419104847231,0.9441830133612964,0.6526018907911444,0.5968248855622927,0.90778421917079,0.6513418226720802,0.49436633427518767,0.8181750177962919,0.5636932308248759,0.7109470656269192,0.5986034131889606,0.9375415521226421,0.579540160713033,0.9334956568963253,0.901279089929514,0.9580449016180569,0.8479139539822705
0.578062568892719,0.9339854289136165,0.646269792396567,0.5938996318651365,0.9066637745655431,0.6481280971377416,0.49314868320554434,0.8181750177962919,0.5636932308248759,0.7118189653885416,0.5964040130180275,0.9340968189243959,0.5774222164053961,0.935764451784881,0.9056723587081127,0.9568728378773937,0.8406800750330006
0.5850330568812964,0.9464491432385587,0.6526018907911444,0.5982875124108709,0.915627331407516,0.6553589795900034,0.497410461949296,0.82219948910862,0.5685288345206776,0.7179222637198985,0.6008028133598936,0.9409862853208881,0.5802461421489119,0.938033246673437,0.9100656274867115,0.9639052203213727,0.8489473652607377
0.5794566664904344,0.9351184938522477,0.6478528169952112,0.5924370050165585,0.901845862762983,0.6453964304335537,0.49095691128018637,0.814150546483964,0.5602392281850176,0.7083313663420521,0.5956708796277164,0.9329485745249806,0.5753042720977594,0.9244204773421015,0.8957875039562657,0.9557007741367306,0.8417134863114677
0.5752743736972881,0.9294531691590922,0.646269792396567,0.5909743781679804,0.8963556841972746,0.6434681951129505,0.4888260219083106,0.8089187337779373,0.5580286664955083,0.7047565773194,0.5892926191320104,0.9244515659693068,0.5724803463542435,0.9255548747863797,0.8924925523723165,0.9452694068448285,0.836546429919132
0.5822448616858654,0.9419168834840341,0.6494358415938558,0.5968248855622927,0.90778421917079,0.6484494696911755,0.49101779383366856,0.8151566643120459,0.5657656324087909,0.7153065644350313,0.5978702797986496,0.9340968189243959,0.5745982906618804,0.9255548747863797,0.9056723587081127,0.9603890290993832,0.8396466637545335
0.580153715289292,0.939650753606772,0.6478528169952112,0.5931683184408475,0.905431285499772,0.6474050088925153,0.491931032135901,0.8131444286558819,0.5630024302969042,0.7135627649117865,0.5993365465792716,0.9340968189243959,0.5745982906618804,0.9255548747863797,0.8990824555402148,0.9639052203213727,0.8406800750330006
0.5850330568812964,0.9430499484226653,0.654976427689111,0.601212766108027,0.9133864421970229,0.6513418226720802,0.49680163641447433,0.82219948910862,0.5671472334647342,0.7153065644350313,0.6015359467502047,0.9409862853208881,0.579540160713033,0.9403020415619929,0.9111639446813611,0.9639052203213727,0.8458471314253362
0.5815478128870076,0.939650753606772,0.650227353893178,0.5968248855622927,0.90778421917079,0.6477263814459492,0.4925398576707227,0.8171688999682098,0.5643840313528476,0.7126908651501641,0.5964040130180275,0.9329485745249806,0.5738923092260014,0.9289580671192135,0.9023774071241636,0.9557007741367306,0.8386132524760664
0.578062568892719,0.9362515587908787,0.6470613046958892,0.5931683184408475,0.9055433299602965,0.6465212343705722,0.49065249851277554,0.8121383108277999,0.5636932308248759,0.7135627649117865,0.5956708796277164,0.9306520857261501,0.5724803463542435,0.9244204773421015,0.901279089929514,0.9545287103960675,0.8375798411975994
0.5836389592835808,0.9441830133612964,0.6533934030904668,0.5990188258351599,0.9122659975917761,0.6505383912884954,0.495583985344831,0.8201872534524559,0.5664564329367625,0.7153065644350313,0.5986034131889606,0.9375415521226421,0.5760102535336382,0.9334956568963253,0.9067706759027624,0.9615610928400462,0.8427468975899349
0.585730105680154,0.9453160782999275,0.6533934030904668,0.5982875124108709,0.9111455529865295,0.6513418226720802,0.495583985344831,0.8211933712805378,0.5664564329367625,0.7170503639582761,0.6008028133598936,0.9386897965220574,0.5781281978412751,0.935764451784881,0.9089673102920616,0.9650772840620356,0.8458471314253362
0.5773655200938613,0.9328523639749855,0.6454782800972448,0.5902430647436913,0.8998290624735391,0.6444323127732522,0.4895566125500965,0.8111321929997177,0.5595484276570459,0.7065875668188071,0.5927383460664722,0.9295038413267345,0.5738923092260014,0.9232860798978237,0.8935908695669664,0.951012519174078,0.8386132524760664
0.578062568892719,0.9339854289136165,0.646269792396567,0.5924370050165585,0.9003892847761625,0.6442716264965351,0.4895566125500965,0.8101260751716358,0.5595484276570459,0.7083313663420521,0.5927383460664722,0.9272073525279039,0.5731863277901224,0.9244204773421015,0.8924925523723165,0.9498404554334148,0.8375798411975994
0.5822448616858654,0.9407838185454032,0.6494358415938558,0.5946309452894256,0.9047590187366241,0.6474853520308738,0.4925398576707227,0.8151566643120459,0.5616208292409609,0.7100751658652967,0.5971371464083385,0.9363933077232269,0.5745982906618804,0.9278236696749356,0.8957875039562657,0.9568728378773937,0.8417134863114677
0.5836389592835808,0.9419168834840341,0.6518103784918222,0.5953622587137146,0.90778421917079,0.6488511853829677,0.49314868320554434,0.8171688999682098,0.5636932308248759,0.7126908651501641,0.5964040130180275,0.9340968189243959,0.5774222164053961,0.9289580671192135,0.8990824555402148,0.9557007741367306,0.843780308868402
0.5766684712950034,0.9305862340977232,0.6446867677979224,0.5884879125253976,0.8979243066446198,0.6434681951129505,0.48833896148045325,0.8094217926919784,0.5588576271290743,0.7057156670571847,0.5920052126761612,0.9260591081284886,0.5724803463542435,0.9244204773421015,0.8924925523723165,0.9463242642114253,0.835513018640665
0.5766684712950034,0.9351184938522477,0.6431037431992782,0.5902430647436913,0.900165195855113,0.6450750578801199,0.4903480857453647,0.8121383108277999,0.5616208292409609,0.7100751658652967,0.5949377462374055,0.9295038413267345,0.5703624020466067,0.9210172850092677,0.8990824555402148,0.9557007741367306,0.8331361727001907
0.5745773248984304,0.928320104220461,0.641520718600634,0.5889998319223999,0.8993808846314405,0.6419416754841397,0.4876083708386672,0.8078120041670471,0.5602392281850176,0.7074594665804295,0.5900257525223214,0.9238774437695995,0.5689504391748487,0.9176140926764339,0.8957875039562657,0.9486683916927517,0.830862667887563
0.5745773248984304,0.928320104220461,0.6438952554986004,0.5895117513194023,0.8960195508157006,0.6413792735156304,0.4883998440339354,0.8085162866467046,0.5588576271290743,0.7074594665804295,0.5909788259297257,0.9234181460098331,0.5710683834824856,0.9255548747863797,0.8924925523723165,0.9498404554334148,0.8334461960837308
0.5738802760995726,0.928320104220461,0.6407292063013115,0.5889998319223999,0.8978122621840952,0.6419416754841397,0.4876083708386672,0.809220569126362,0.5581668266011026,0.7074594665804295,0.5909788259297257,0.9236477948897162,0.5696564206107276,0.9198828875649899,0.8957875039562657,0.9474963279520885,0.8314827146546433
0.5731832273007148,0.9249209094045677,0.6399376940019894,0.5870252856768194,0.8924341280789115,0.6421827048992151,0.48766925339214945,0.8101260751716358,0.5578214263371168,0.7057156670571847,0.5912720792858502,0.924221917089424,0.5717743649183645,0.9244204773421015,0.8924925523723165,0.9486683916927517,0.832619467060957
0.5759714224961457,0.9351184938522477,0.6446867677979224,0.5895117513194023,0.8997170180130145,0.6457981461253461,0.491931032135901,0.8131444286558819,0.5609300287129892,0.7118189653885416,0.5949377462374055,0.9295038413267345,0.5703624020466067,0.9244204773421015,0.8957875039562657,0.9568728378773937,0.8334461960837308
0.5717891297029993,0.9249209094045677,0.641520718600634,0.5853432648009547,0.893218439302584,0.6434681951129505,0.48919131722920356,0.8099248516060195,0.5588576271290743,0.7057156670571847,0.590392319217477,0.9231884971299502,0.5731863277901224,0.9266892722306574,0.8935908695669664,0.9452694068448285,0.835513018640665
0.5683038857087107,0.9192555847114122,0.6359801325053784,0.5834418498978031,0.8925461725394361,0.6406561852704042,0.48639071976902387,0.80821445129828,0.5574069460203338,0.7048437672955623,0.5900990658613526,0.9218106038506516,0.5696564206107276,0.9232860798978237,0.8935908695669664,0.9442145494782317,0.8322061025495703
0.5655156905132798,0.9135902600182566,0.6318642685489032,0.5786151812974955,0.8839187490790372,0.6356749106921794,0.4824333537926832,0.7975496023206107,0.5523641021661406,0.6973454293456095,0.5847471921120819,0.9149211374541596,0.5685268503133213,0.9119421054550442,0.8821683707426098,0.9347208331788603,0.8275557517964683
0.5662127393121374,0.9192555847114122,0.6337638980672763,0.5810285155976492,0.8909775500920911,0.6393706950566688,0.48486865593196976,0.8037875328547192,0.5558871848587962,0.7023152579868572,0.5867999656049528,0.9173324506929317,0.5681738595953819,0.9187484901207118,0.8891976007883677,0.9415188028747066,0.8281757985635483
0.5655156905132798,0.9135902600182566,0.6324974783883609,0.5800046768036446,0.8882884830394991,0.6374424597360656,0.4845033606110768,0.8006685675876649,0.552502262271735,0.6960375797031758,0.5843806254169266,0.9135432441748611,0.5659853171441571,0.9176140926764339,0.884804332009769,0.9374165797823855,0.8286925042027821
0.5627274953178487,0.9135902600182566,0.6314685123992421,0.5764212410246282,0.8821260377106427,0.6346304498935194,0.4818854108113437,0.7973483787549943,0.5514660614797775,0.6949041100130667,0.5824744786021178,0.9114764042559134,0.5672560837287393,0.9130765028993221,0.8809602218284953,0.9337831821863298,0.8262123171344609
0.5752743736972881,0.9294531691590922,0.6438952554986004,0.5888535692375421,0.8931063948420596,0.6380852048429333,0.48517306869938054,0.8025801914610208,0.554989144172433,0.7003098885351258,0.5880462923684817,0.9244515659693068,0.5696564206107276,0.9187484901207118,0.8891976007883677,0.9431596921116349,0.8344796073621978
0.5759714224961457,0.9328523639749855,0.6470613046958892,0.5878297304435374,0.8923220836183867,0.6383262342580087,0.4852339512528628,0.8025801914610208,0.5538838633276782,0.7013561682490725,0.589805812505228,0.9245663904092487,0.5686680466004971,0.9176140926764339,0.8870009663990682,0.9474963279520885,0.8344796073621978
0.5745773248984304,0.928320104220461,0.6431037431992782,0.5873178110465351,0.8891848387236966,0.6362373126606886,0.4835292397553621,0.7999642851080074,0.552087781954952,0.7013561682490725,0.5907588859126326,0.9212364816509439,0.5662677097185087,0.9142109003436002,0.8891976007883677,0.9486683916927517,0.8299325977369426
0.5745773248984304,0.928320104220461,0.6431037431992782,0.5873178110465351,0.8891848387236966,0.6362373126606886,0.4835292397553621,0.7999642851080074,0.552087781954952,0.7013561682490725,0.5907588859126326,0.9212364816509439,0.5662677097185087,0.9142109003436002,0.8891976007883677,0.9486683916927517,0.8299325977369426
0.5745773248984304,0.9294531691590922,0.642312230899956,0.5876103364162507,0.891649816855239,0.636639028352481,0.4843207129506302,0.8013728500673223,0.5543674236972584,0.7048437672955623,0.590319005878446,0.9229588482500669,0.5652087375646903,0.9119421054550442,0.8891976007883677,0.9498404554334148,0.826522340518001
0.5752743736972881,0.9260539743431987,0.6438952554986004,0.5891460946072578,0.8910895945526156,0.6370407440442734,0.4840163001832194,0.8038881446375273,0.5559562649115933,0.7034487276769664,0.5892926191320104,0.9220402527305349,0.5681738595953819,0.9164796952321561,0.8913942351776669,0.9448005813485634,0.829829256609096
0.5683038857087107,0.9147233249568877,0.6343971079067342,0.5817598290219382,0.8839187490790372,0.6293278027618605,0.47817157504893154,0.7927202367458169,0.5513279013741832,0.6982173291072319,0.583354238670491,0.9100985109766149,0.5598432786520102,0.9038878836006707,0.884804332009769,0.9387058498971148,0.820425213975045
0.5683038857087107,0.9158563898955189,0.6359801325053784,0.5834418498978031,0.8824621710922168,0.6298098615920114,0.4797545214394678,0.7960404255784875,0.5517423816909661,0.6989148489165298,0.5835741786875843,0.9112467553760302,0.5619612229596471,0.9093329913332048,0.884804332009769,0.9374165797823855,0.8187717559294976
0.5690009345075684,0.9192555847114122,0.6375631571040229,0.5837343752675187,0.8849271492237593,0.6322201557427654,0.4797545214394678,0.7962416491441041,0.5524331822189378,0.7013561682490725,0.5870932189610774,0.9161842062935163,0.5603374656571255,0.9029803656452483,0.8828273610593996,0.9438629303560329,0.8210452607421252
0.562030446518991,0.9101910652023634,0.6287773705815466,0.575909321627626,0.8792128817370017,0.6290064302084267,0.4792065784581284,0.7937263545738991,0.5491173396846738,0.695776009774689,0.5832809253314599,0.9145766641343349,0.5620318211032349,0.9060432387447989,0.8820585390231449,0.9374165797823855,0.8230087421712128
0.562030446518991,0.9101910652023634,0.6287773705815466,0.575909321627626,0.8792128817370017,0.6290064302084267,0.4792065784581284,0.7937263545738991,0.5491173396846738,0.695776009774689,0.5832809253314599,0.9145766641343349,0.5620318211032349,0.9060432387447989,0.8820585390231449,0.9374165797823855,0.8230087421712128
0.5641215929155643,0.9158563898955189,0.632576629618293,0.5801509394885024,0.8820139932501182,0.6320594694660484,0.48139835038348633,0.7993606144111584,0.5515351415325748,0.6981301391310697,0.5876797256733262,0.9195141150518211,0.5643615598416355,0.9116017862217608,0.8837060148151195,0.9417532156228391,0.8262123171344609
0.564818641714422,0.9158563898955189,0.6326557808482254,0.5788345753247822,0.8836946601579881,0.6343090773400855,0.4823115886857188,0.7988575554971172,0.5523641021661406,0.6999611286304767,0.589732499166197,0.9200882372515286,0.5650675412775145,0.915345297787878,0.8870009663990682,0.9463242642114253,0.8270390461572347
0.5627274953178487,0.9074717093496487,0.6312310587094454,0.5792002320369266,0.8792128817370017,0.6311756949441053,0.48133746783000414,0.7963422609269122,0.5509825011101973,0.6961247696793381,0.5846738787730509,0.9129691219751532,0.5669030930107998,0.9187484901207118,0.8859026492044186,0.9360101032935897,0.8296225743534025
0.572486178501857,0.92718703928183,0.6431037431992782,0.5874640737313929,0.8942268394473061,0.6425844205910074,0.4893739648896501,0.8101260751716358,0.5602392281850176,0.7083313663420521,0.5971371464083385,0.9318003301255654,0.5738923092260014,0.9300924645634913,0.8990824555402148,0.9580449016180569,0.8406800750330006
0.562030446518991,0.9090580002637322,0.6290148242713433,0.5770794231064884,0.8815658154080196,0.6321398126044069,0.48133746783000414,0.7979520494518436,0.5523641021661406,0.6979557591787452,0.5847471921120819,0.9133135952949779,0.5639379709801082,0.9119421054550442,0.8880992835937181,0.9394090881415128,0.8228020599155195
0.562030446518991,0.9113241301409944,0.6303603951801909,0.5777376051883486,0.8805574152632977,0.6314167243591807,0.4810330550625933,0.79815327301746,0.5522259420605463,0.6998739386543146,0.5865067122488284,0.9156100840938088,0.5645733542723992,0.9130765028993221,0.8859026492044186,0.9438629303560329,0.823628788938293
0.564818641714422,0.9135902600182566,0.6367716448047006,0.5809553842552204,0.8836946601579881,0.6363979989374056,0.4845033606110768,0.8033850857234863,0.5545055838028529,0.69969955870199,0.5865800255878595,0.9172176262529901,0.5710683834824856,0.9232860798978237,0.8924925523723165,0.9411671837525075,0.8318960791660301
0.5551993682901853,0.9010132391994514,0.6249781115448001,0.5710826530273182,0.8726022585660467,0.6260337340891635,0.4775018669606277,0.7931226838770499,0.5484956192094993,0.6922884107281995,0.5827677319582423,0.9121653508955626,0.5623848118211744,0.9089926720999215,0.8792029143170559,0.934955245926993,0.8220786720205926
0.5613333977201334,0.9101910652023634,0.6313893611693099,0.581247909624936,0.8838067046185126,0.6352731950003871,0.48444247805759466,0.8066046627733489,0.5545055838028529,0.7010074083444237,0.5883395457246061,0.9204327105713531,0.5686680466004971,0.9266892722306574,0.8935908695669664,0.944683374974497,0.8307593267597161
0.5655156905132798,0.91698945483415,0.6375631571040229,0.5834418498978031,0.8900811944078936,0.6408972146854797,0.4877301359456316,0.8088181219951293,0.5581668266011026,0.7057156670571847,0.5906855725736013,0.9283555969273191,0.5753042720977594,0.9300924645634913,0.8968858211509153,0.944683374974497,0.8406800750330006
0.5553387780499567,0.8998801742608203,0.6237908430958169,0.5724721485334674,0.8719299918028988,0.6268371654727483,0.47853687036982456,0.7955373666644466,0.5495318200014568,0.694293780179931,0.5796152583799048,0.9074575488579597,0.561325839667356,0.9142109003436002,0.8837060148151195,0.9295637527199423,0.8198051672079649
0.5570116951672154,0.9008999327055883,0.624582355395139,0.572033360478894,0.8742829254739167,0.6277209399946914,0.4796936388859857,0.7956379784472549,0.5489791795790795,0.6944681601322555,0.5842339987388643,0.9156100840938088,0.562737802539114,0.9089926720999215,0.8795324094754507,0.935775690545457,0.8231120832990596
0.5541537950918987,0.8975007378896951,0.6222869697271046,0.5710095216848893,0.8702493248950288,0.625069616428862,0.4771974541932169,0.7921165660489677,0.5474594184175419,0.6913293209904149,0.5785155582944382,0.9057351822588365,0.5623848118211744,0.907631395166788,0.8756882992941767,0.9281572762311466,0.8198051672079649
0.5499715022987524,0.8894559768254143,0.6180919545406971,0.5699125515484557,0.8675602578424372,0.6258730478124466,0.4771365716397347,0.7926196249630089,0.5474594184175419,0.6930731205136597,0.5827677319582423,0.9118208775757379,0.5633025876878172,0.9142109003436002,0.8797520729143804,0.934955245926993,0.8231120832990596
0.544813341187205,0.882091054724312,0.6127096709053061,0.5636232560995699,0.8620700792767287,0.6210524595109387,0.4727530277890188,0.7858786355148594,0.543798175619292,0.6871442021346272,0.5795419450408738,0.9072278999780764,0.5611140452365924,0.902640046411965,0.8712950305155783,0.9288605144755445,0.820838578486432
0.5488562242205799,0.8874164599358783,0.6157174176427304,0.5655246710027214,0.8673361689213878,0.6226593222781079,0.47494479971437675,0.7867841415601332,0.5440054157776836,0.6881032918724119,0.5796152583799048,0.9088354421372582,0.5597726805084223,0.9009384502455481,0.8712950305155783,0.9314390547050034,0.8207352373585851
0.5459286192653774,0.8832241196629431,0.6109683438467973,0.5631844680449966,0.8626303015793522,0.6205704006807878,0.4712309639519646,0.7827596702478051,0.5433836953025091,0.6884520517770608,0.5765360981405983,0.903438693460006,0.5599138767955981,0.897648697657142,0.8738211600632724,0.9259303551238867,0.816911615628257
0.588518300875585,0.9498483380544519,0.654976427689111,0.601212766108027,0.9122659975917761,0.6496546167665523,0.49375750874036606,0.819181135624374,0.5623116297689326,0.7109470656269192,0.5949377462374055,0.9306520857261501,0.5760102535336382,0.9334956568963253,0.901279089929514,0.9545287103960675,0.8406800750330006
0.588518300875585,0.9498483380544519,0.654976427689111,0.601212766108027,0.9122659975917761,0.6496546167665523,0.49375750874036606,0.819181135624374,0.5623116297689326,0.7109470656269192,0.5949377462374055,0.9306520857261501,0.5760102535336382,0.9334956568963253,0.901279089929514,0.9545287103960675,0.8406800750330006
0.588518300875585,0.9498483380544519,0.654976427689111,0.601212766108027,0.9122659975917761,0.6496546167665523,0.49375750874036606,0.819181135624374,0.5623116297689326,0.7109470656269192,0.5949377462374055,0.9306520857261501,0.5760102535336382,0.9334956568963253,0.901279089929514,0.9545287103960675,0.8406800750330006
0.5843360080824387,0.9441830133612964,0.650227353893178,0.5968248855622927,0.90778421917079,0.6486904991062508,0.49065249851277554,0.8111321929997177,0.5609300287129892,0.7083313663420521,0.5920052126761612,0.9260591081284886,0.5724803463542435,0.9266892722306574,0.8968858211509153,0.9521845829147412,0.8344796073621978
0.5878212520767273,0.9487152731158208,0.6557679399884332,0.601212766108027,0.9122659975917761,0.6505383912884954,0.49436633427518767,0.819181135624374,0.5636932308248759,0.7118189653885416,0.5956708796277164,0.9318003301255654,0.5753042720977594,0.9334956568963253,0.9045740415134631,0.9568728378773937,0.8386132524760664
0.5829419104847231,0.9407838185454032,0.6486443292945334,0.5953622587137146,0.9066637745655431,0.6452357441568367,0.4889477870152749,0.8069064981217734,0.5588576271290743,0.7083313663420521,0.5920052126761612,0.9241070926494823,0.5696564206107276,0.9210172850092677,0.894689186761616,0.9486683916927517,0.8321027614217237
0.5829419104847231,0.9373846237295097,0.6486443292945334,0.5960935721380037,0.900837462618261,0.6429057931444414,0.4885216091408998,0.80821445129828,0.5588576271290743,0.7048437672955623,0.589072679114917,0.9211216572110024,0.5696564206107276,0.9244204773421015,0.894689186761616,0.9463242642114253,0.8317927380381835
0.585730105680154,0.9441830133612964,0.6526018907911444,0.599750139259449,0.9089046637760365,0.6486904991062508,0.4925398576707227,0.8161627821401278,0.5623116297689326,0.7092032661036743,0.5927383460664722,0.9258294592486054,0.5745982906618804,0.9323612594520472,0.9001807727348644,0.951012519174078,0.8375798411975994
0.5738802760995726,0.9305862340977232,0.6407292063013115,0.5887073065526843,0.8950111506709786,0.6405758421320458,0.4862080721085774,0.8044918153343765,0.5552654643836216,0.7038846775577776,0.590392319217477,0.9218106038506516,0.5680326633082061,0.9176140926764339,0.8902959179830173,0.9486683916927517,0.8295192332255559
0.5738802760995726,0.9305862340977232,0.6407292063013115,0.5887073065526843,0.8950111506709786,0.6405758421320458,0.4862080721085774,0.8044918153343765,0.5552654643836216,0.7038846775577776,0.590392319217477,0.9218106038506516,0.5680326633082061,0.9176140926764339,0.8902959179830173,0.9486683916927517,0.8295192332255559
0.5745773248984304,0.92718703928183,0.642312230899956,0.5909743781679804,0.8946750172894047,0.6402544695786119,0.4876083708386672,0.80821445129828,0.5558871848587962,0.702228068010695,0.5872398456391394,0.9191696417319964,0.5703624020466067,0.9244204773421015,0.8902959179830173,0.9435113112338339,0.8314827146546433
0.5759714224961457,0.928320104220461,0.641520718600634,0.5894386199769733,0.8961315952762252,0.640093783301895,0.48748660573170294,0.8094217926919784,0.5567161454923621,0.7030127777961552,0.5873131589781705,0.92020306169147,0.5676090744466787,0.9198828875649899,0.8935908695669664,0.9430424857375685,0.8283824808192419
0.5752743736972881,0.9317192990363542,0.641520718600634,0.5884879125253976,0.8960195508157006,0.6421023617608567,0.48803454871304236,0.8077113923842391,0.5569233856507536,0.7044078174147511,0.5893659324710414,0.9211216572110024,0.5683150558825576,0.9210172850092677,0.8902959179830173,0.9474963279520885,0.8287958453306286
0.5794566664904344,0.9351184938522477,0.646269792396567,0.5953622587137146,0.9010615515393102,0.6464408912322138,0.4925398576707227,0.8131444286558819,0.5595484276570459,0.7065875668188071,0.5900257525223214,0.9235329704497748,0.5703624020466067,0.9289580671192135,0.8935908695669664,0.9474963279520885,0.8332395138280373
0.570395032105284,0.9215217145886744,0.6367716448047006,0.5870984170192484,0.8945629728288801,0.6387279499498011,0.48389453507625513,0.8032844739406781,0.5588576271290743,0.7065875668188071,0.5912720792858502,0.9238774437695995,0.567467878159503,0.915345297787878,0.8935908695669664,0.9521845829147412,0.8306559856318696
0.570395032105284,0.9215217145886744,0.6367716448047006,0.5870984170192484,0.8945629728288801,0.6387279499498011,0.48389453507625513,0.8032844739406781,0.5588576271290743,0.7065875668188071,0.5912720792858502,0.9238774437695995,0.567467878159503,0.915345297787878,0.8935908695669664,0.9521845829147412,0.8306559856318696
0.570395032105284,0.9215217145886744,0.6367716448047006,0.5870984170192484,0.8945629728288801,0.6387279499498011,0.48389453507625513,0.8032844739406781,0.5588576271290743,0.7065875668188071,0.5912720792858502,0.9238774437695995,0.567467878159503,0.915345297787878,0.8935908695669664,0.9521845829147412,0.8306559856318696
0.570395032105284,0.9215217145886744,0.6367716448047006,0.5870984170192484,0.8945629728288801,0.6387279499498011,0.48389453507625513,0.8032844739406781,0.5588576271290743,0.7065875668188071,0.5912720792858502,0.9238774437695995,0.567467878159503,0.915345297787878,0.8935908695669664,0.9521845829147412,0.8306559856318696
0.570395032105284,0.9215217145886744,0.6367716448047006,0.5870984170192484,0.8945629728288801,0.6387279499498011,0.48389453507625513,0.8032844739406781,0.5588576271290743,0.7065875668188071,0.5912720792858502,0.9238774437695995,0.567467878159503,0.915345297787878,0.8935908695669664,0.9521845829147412,0.8306559856318696
0.5717891297029993,0.9237878444659366,0.6399376940019894,0.5883416498405398,0.8951231951315032,0.6380852048429333,0.48553836402027356,0.8065040509905406,0.5578905063899139,0.7057156670571847,0.5934714794567832,0.9306520857261501,0.5696564206107276,0.9176140926764339,0.8913942351776669,0.9533566466554043,0.835513018640665
0.5717891297029993,0.9237878444659366,0.6399376940019894,0.5883416498405398,0.8951231951315032,0.6380852048429333,0.48553836402027356,0.8065040509905406,0.5578905063899139,0.7057156670571847,0.5934714794567832,0.9306520857261501,0.5696564206107276,0.9176140926764339,0.8913942351776669,0.9533566466554043,0.835513018640665
0.5696979833064261,0.9203886496500432,0.6367716448047006,0.5889998319223999,0.8938907060657321,0.6379245185662165,0.48614718955509534,0.8094217926919784,0.5602392281850176,0.7092032661036743,0.5920052126761612,0.9272073525279039,0.5696564206107276,0.9232860798978237,0.8990824555402148,0.9533566466554043,0.8334461960837308
0.5710920809041417,0.9215217145886744,0.6383546694033452,0.5895117513194023,0.8928823059210101,0.6391296656415935,0.48608630700161315,0.8064034392077323,0.5588576271290743,0.7057156670571847,0.5912720792858502,0.9236477948897162,0.5703624020466067,0.9221516824535458,0.8924925523723165,0.9486683916927517,0.8334461960837308
0.5696979833064261,0.9215217145886744,0.6383546694033452,0.5854163961433835,0.8897450610263197,0.6389689793648764,0.4852339512528628,0.8029826385922536,0.5565779853867677,0.7057156670571847,0.5942046128470945,0.9283555969273191,0.5676090744466787,0.915345297787878,0.8891976007883677,0.9521845829147412,0.8300359388647892
0.5696979833064261,0.9192555847114122,0.6383546694033452,0.5868058916495327,0.8897450610263197,0.6367193714908393,0.48419894784366596,0.8034856975062945,0.5558871848587962,0.7034487276769664,0.5889993657758861,0.9219254282905931,0.5682444577389698,0.9198828875649899,0.8913942351776669,0.9463242642114253,0.8299325977369426
0.572486178501857,0.92718703928183,0.6407292063013115,0.5881222558132531,0.8943388839078306,0.6394510381950272,0.4862080721085774,0.8068058863389652,0.5578214263371168,0.7065875668188071,0.5964040130180275,0.9295038413267345,0.5689504391748487,0.9187484901207118,0.8924925523723165,0.9580449016180569,0.8334461960837308
0.5564540561281293,0.9035059820644398,0.6257696238441223,0.5718139664516072,0.8731624808686701,0.6273995674412575,0.47768451462107425,0.7924184013973923,0.5460778173615985,0.6917652708712261,0.58130146517762,0.9110171064961473,0.5611140452365924,0.9035475643673874,0.8756882992941767,0.9322594993234676,0.8198051672079649
0.559939300122418,0.9062253379171545,0.6288565218114787,0.575909321627626,0.8796610595791002,0.6335056459565008,0.482737766560094,0.7990587790627338,0.5506371008462114,0.6937706403229575,0.5813747785166513,0.9107874576162641,0.5657735227133934,0.9187484901207118,0.8826076976204698,0.9316734674531361,0.825488929239534
0.5613333977201334,0.9065652573987437,0.6289356730414111,0.5778107365307775,0.8803333263422483,0.6303722635605207,0.4807286422951825,0.7995618379767747,0.5504989407406171,0.6943809701560932,0.5795419450408738,0.9073427244180182,0.5628084006827018,0.9142109003436002,0.8826076976204698,0.9302669909643402,0.8210452607421252
0.5578481537258447,0.9030527560889874,0.6279067070522923,0.5736422500123299,0.8746190588554907,0.6300508910070868,0.47957187377902133,0.7945312488363646,0.5464922976783816,0.6912421310142525,0.5766094114796295,0.9044721134194799,0.5636555784057566,0.9102405092886272,0.8783242605613361,0.9259303551238867,0.8219753308927457
0.5556175975695,0.8986338028283262,0.6247406578550035,0.5714483097394627,0.8726022585660467,0.6278012831330497,0.4775627495141099,0.7901043303928038,0.5453179367808297,0.6903702312526302,0.5763894714625363,0.9036683423398888,0.5611140452365924,0.9051357207893765,0.874919477257922,0.9247582913832234,0.8199085083358116
0.5613333977201334,0.9079249353251011,0.6309936050196487,0.5786151812974955,0.8803333263422483,0.6329432439879915,0.4825551188996475,0.8012722382845142,0.5511897412685888,0.6966479095363116,0.5821812252459934,0.9106726331763227,0.5630201951134655,0.915345297787878,0.884804332009769,0.9355412777973244,0.8215619663813589
0.5549205487706423,0.9002200937424096,0.6229201795665623,0.5732034619577564,0.8766358591449347,0.6302115772838037,0.47762363206759206,0.7921165660489677,0.5496699801070511,0.6963863396078249,0.5850404454682065,0.915035961894101,0.5630201951134655,0.9057029195115154,0.8824978659010047,0.9390574690193139,0.8237321300661399
0.5484379949412653,0.8901358157885929,0.6157965688726628,0.5661828530845816,0.8670000355398138,0.6236234399384096,0.47543186014223404,0.7858786355148594,0.5428310548801317,0.6904574212287924,0.5800551384140914,0.9065389533384272,0.5590666990725434,0.901505648967687,0.8739309917827373,0.9299153718421412,0.8163949099890234
0.5521323535752113,0.8938749300860755,0.6210997012781213,0.5710095216848893,0.8698011470529303,0.6269175086111066,0.47671039376535945,0.7873878122569823,0.5436600155136978,0.6889751916340343,0.5793953183628114,0.9092947398970241,0.5639379709801082,0.908652352866638,0.8729425063075525,0.9299153718421412,0.8230087421712128
0.5878212520767273,0.950981402993083,0.6581424768863998,0.599750139259449,0.9122659975917761,0.6513418226720802,0.49497515981000934,0.819181135624374,0.5643840313528476,0.7135627649117865,0.5993365465792716,0.9409862853208881,0.5802461421489119,0.9334956568963253,0.9045740415134631,0.9615610928400462,0.8489473652607377
0.5787596176915767,0.9385176886681409,0.6478528169952112,0.5909743781679804,0.901733818302458,0.6442716264965351,0.4890695521222392,0.8080132277326637,0.5580286664955083,0.7083313663420521,0.5934714794567832,0.9272073525279039,0.5703624020466067,0.9221516824535458,0.894689186761616,0.9533566466554043,0.8344796073621978
0.5794566664904344,0.9385176886681409,0.646269792396567,0.5902430647436913,0.900501329236687,0.6461195186787798,0.48973926021054304,0.8075101688186225,0.5581668266011026,0.7048437672955623,0.5912720792858502,0.9255998103687222,0.5724803463542435,0.9244204773421015,0.894689186761616,0.9486683916927517,0.8375798411975994
0.5752743736972881,0.9294531691590922,0.6431037431992782,0.5873178110465351,0.8938907060657321,0.6406561852704042,0.4885216091408998,0.8070071099045816,0.5558181048059989,0.7010074083444237,0.5888527390978238,0.9229588482500669,0.5710683834824856,0.9255548747863797,0.8935908695669664,0.9438629303560329,0.8334461960837308
0.5759714224961457,0.9317192990363542,0.6431037431992782,0.5875372050738218,0.8954593285130772,0.6412185872389136,0.4873039580712565,0.8055985449452667,0.5575451061259281,0.7057156670571847,0.5927383460664722,0.9254849859287807,0.5696564206107276,0.9187484901207118,0.8935908695669664,0.9533566466554043,0.8322061025495703
0.5717891297029993,0.92718703928183,0.6407292063013115,0.5850507394312391,0.8910895945526156,0.6379245185662165,0.48553836402027356,0.8024795796782125,0.5551963843308244,0.7028383978438307,0.5907588859126326,0.9245663904092487,0.5717743649183645,0.9164796952321561,0.8913942351776669,0.9455038195929614,0.835513018640665
0.5690009345075684,0.9181225197727811,0.6359801325053784,0.5825642737886563,0.8851512381448087,0.6344697636168024,0.48127658527652195,0.7973483787549943,0.551673301638169,0.6983045190833942,0.5848205054511132,0.9135432441748611,0.5645027561288113,0.9110345874996219,0.8870009663990682,0.9388230562711812,0.8214586252535123
0.578062568892719,0.9373846237295097,0.6454782800972448,0.5909743781679804,0.9016217738419336,0.6452357441568367,0.49095691128018637,0.8121383108277999,0.5623116297689326,0.7126908651501641,0.5964040130180275,0.9306520857261501,0.5724803463542435,0.9255548747863797,0.9001807727348644,0.9568728378773937,0.8375798411975994
0.570395032105284,0.9237878444659366,0.6383546694033452,0.5851970021160968,0.8933304837631086,0.640093783301895,0.48608630700161315,0.8044918153343765,0.5563707452283763,0.7057156670571847,0.5934714794567832,0.9260591081284886,0.568809242887673,0.9164796952321561,0.8913942351776669,0.9521845829147412,0.8334461960837308
0.5690009345075684,0.9215217145886744,0.6359801325053784,0.5848313454039523,0.8941147949867816,0.6406561852704042,0.4870604278573277,0.8077113923842391,0.5588576271290743,0.7074594665804295,0.5956708796277164,0.9318003301255654,0.5717743649183645,0.9221516824535458,0.8968858211509153,0.9568728378773937,0.8375798411975994
0.5662127393121374,0.9158563898955189,0.6343971079067342,0.5830030618432297,0.8878403051974006,0.6358355969688962,0.48225070613223664,0.7994612261939665,0.5554727045420131,0.704059057510102,0.5878263523513885,0.9195141150518211,0.5664795041492725,0.9116017862217608,0.8891976007883677,0.9459726450892264,0.8282791396913952
0.572486178501857,0.9237878444659366,0.641520718600634,0.5883416498405398,0.8954593285130772,0.641459616653989,0.48742572317822075,0.8093211809091703,0.5602392281850176,0.7074594665804295,0.5934714794567832,0.9295038413267345,0.5731863277901224,0.9198828875649899,0.894689186761616,0.951012519174078,0.8386132524760664
0.555547892689614,0.8978406573712844,0.6221286672672401,0.5709363903424604,0.8721540807239482,0.6289260870700683,0.47798892738848503,0.7930220720942416,0.5492554997902681,0.6929859305374975,0.5793220050237804,0.9058500066987779,0.5616082322417075,0.9074045156779323,0.8833765196567245,0.9314390547050034,0.820425213975045
0.5662127393121374,0.9192555847114122,0.6359801325053784,0.582710536473514,0.8903052833289431,0.6392903519183103,0.48833896148045325,0.809220569126362,0.5588576271290743,0.7048437672955623,0.5920052126761612,0.9283555969273191,0.5731863277901224,0.9255548747863797,0.8957875039562657,0.9498404554334148,0.8375798411975994
0.564818641714422,0.9147233249568877,0.6342388054468697,0.5806628588855048,0.8905293722499923,0.6391296656415935,0.4870604278573277,0.808717510212321,0.5602392281850176,0.7057156670571847,0.589732499166197,0.9230736726900084,0.5710683834824856,0.9244204773421015,0.8990824555402148,0.9463242642114253,0.8323094436774169
0.5634245441167066,0.9135902600182566,0.6316268148591065,0.5796390200915001,0.8879523496579251,0.6387279499498011,0.48742572317822075,0.8069064981217734,0.5578214263371168,0.7065875668188071,0.5909055125906947,0.9226143749302423,0.5703624020466067,0.9232860798978237,0.894689186761616,0.9486683916927517,0.8321027614217237
0.5556175975695,0.9010132391994514,0.6229993307964946,0.5721064918213229,0.8769719925265086,0.6305329498372376,0.48115482016955763,0.7975496023206107,0.5528476625357208,0.6991764188450165,0.5852603854852998,0.9149211374541596,0.5659853171441571,0.9142109003436002,0.8870009663990682,0.9392918817674466,0.8252822469838405
0.554711434130985,0.9004467067301359,0.6236325406359523,0.5707901276576026,0.8740588365528673,0.6295688321769359,0.48066775974170034,0.7991593908455419,0.550015380371037,0.6960375797031758,0.584087372060802,0.9148063130142179,0.5657735227133934,0.9142109003436002,0.8837060148151195,0.9360101032935897,0.8253855881116873
0.5535264511729268,0.8977273508774212,0.6205456426685959,0.569693157521169,0.8736106587107687,0.6286850576549928,0.47957187377902133,0.7965434844925288,0.5512588213213859,0.6976941892502585,0.5823278519240557,0.9103281598564981,0.561325839667356,0.9111480272440496,0.8837060148151195,0.9363617224157887,0.8194951438244248
0.5536658609326983,0.8984071898406,0.6222078184971723,0.5705707336303159,0.8727143030265713,0.6310150086673884,0.48225070613223664,0.800165508673624,0.5526404223773294,0.6988276589403676,0.5866533389268908,0.9175620995728148,0.5642203635544597,0.9164796952321561,0.8870009663990682,0.9431596921116349,0.8262123171344609
0.551923238935554,0.8938749300860755,0.6195958279094093,0.5686693187271644,0.8712577250397509,0.628363685101559,0.48060687718821815,0.7984551083658845,0.5512588213213859,0.6956888197985269,0.5810082118214958,0.9167583284932241,0.5652793357082782,0.9130765028993221,0.8880992835937181,0.9390574690193139,0.8279691163078551
0.5510867803769247,0.8959144469756115,0.6210205500481892,0.5690349754393089,0.8710336361187017,0.6282833419632006,0.48115482016955763,0.7984551083658845,0.5509134210574002,0.695776009774689,0.5837208053656465,0.9160693818535749,0.5641497654108718,0.915345297787878,0.8832666879372594,0.9384714371489823,0.8252822469838405
0.55066855109761,0.8928551716413076,0.618487710690358,0.5672798232210151,0.8676723023029618,0.6259533909508052,0.47951099122553914,0.795738590230063,0.5502917005822257,0.6956888197985269,0.5832076119924289,0.9121653508955626,0.565491130139042,0.9130765028993221,0.8823880341815398,0.9401123263859108,0.8270390461572347
0.5815478128870076,0.9407838185454032,0.6486443292945334,0.5946309452894256,0.905431285499772,0.6486904991062508,0.49314868320554434,0.814150546483964,0.5616208292409609,0.7126908651501641,0.5986034131889606,0.9363933077232269,0.5767162349695172,0.9312268620077694,0.9023774071241636,0.9615610928400462,0.8396466637545335
0.5696979833064261,0.9237878444659366,0.6359801325053784,0.5841000319796633,0.8941147949867816,0.6403348127169703,0.48505130359241627,0.8033850857234863,0.5551963843308244,0.7044078174147511,0.5900990658613526,0.9228440238101255,0.5703624020466067,0.9198828875649899,0.8924925523723165,0.9486683916927517,0.8330328315723438
0.5710920809041417,0.9249209094045677,0.6391461817026672,0.5881953871556819,0.8980363511051445,0.6410579009621966,0.487547488285185,0.8084156748638963,0.5578214263371168,0.7057156670571847,0.5908321992516636,0.9231884971299502,0.5703624020466067,0.9244204773421015,0.8979841383455649,0.9498404554334148,0.8344796073621978
0.572486178501857,0.9294531691590922,0.641520718600634,0.5859283155403859,0.8973640843419967,0.6425040774526489,0.4879736661595602,0.8084156748638963,0.5556108646476074,0.7038846775577776,0.5942046128470945,0.9295038413267345,0.5724803463542435,0.9232860798978237,0.8913942351776669,0.951012519174078,0.836546429919132
0.570395032105284,0.9237878444659366,0.6391461817026672,0.5853432648009547,0.8925461725394361,0.6406561852704042,0.4857210116807201,0.8062022156421159,0.5553345444364188,0.702228068010695,0.5885594857416994,0.9223847260503595,0.5724803463542435,0.9232860798978237,0.8880992835937181,0.9463242642114253,0.8344796073621978
0.570395032105284,0.9226547795273055,0.6375631571040229,0.5861477095676727,0.8950111506709786,0.6400134401635366,0.4859036593411666,0.8067052745561569,0.5558181048059989,0.7031871577484796,0.5888527390978238,0.9228440238101255,0.5689504391748487,0.9221516824535458,0.8913942351776669,0.9449177877226296,0.8332395138280373
0.5717891297029993,0.928320104220461,0.6391461817026672,0.5857089215130992,0.8953472840525526,0.6419416754841397,0.48821719637348887,0.8097236280404029,0.556232585122782,0.7037102976054531,0.5927383460664722,0.9295038413267345,0.5731863277901224,0.9244204773421015,0.8924925523723165,0.951012519174078,0.836546429919132
0.5662127393121374,0.9181225197727811,0.6375631571040229,0.5813941723097938,0.8891848387236966,0.6391296656415935,0.4852339512528628,0.8014734618501306,0.5538147832748811,0.6988276589403676,0.5867999656049528,0.9220402527305349,0.5724803463542435,0.9198828875649899,0.884804332009769,0.9423392474931707,0.8375798411975994
0.5634245441167066,0.9158563898955189,0.6317851173189709,0.5778838678732063,0.8857114604474321,0.6362373126606886,0.48444247805759466,0.8010710147188976,0.5524331822189378,0.7008330283920993,0.591052139268757,0.9241070926494823,0.5685974484569093,0.9164796952321561,0.8870009663990682,0.9463242642114253,0.8317927380381835
0.5669097881109953,0.91698945483415,0.6351886202060564,0.5828567991583719,0.8875041718158265,0.6388082930881596,0.4857818942342023,0.8049948742484175,0.5555417845948103,0.7020536880583705,0.589072679114917,0.9233033215698916,0.5717743649183645,0.9244204773421015,0.8891976007883677,0.945034994096696,0.8331361727001907
0.567606836909853,0.91698945483415,0.6359801325053784,0.5816135663370805,0.8903052833289431,0.6404954989936873,0.48608630700161315,0.8046930388999929,0.5547819040140415,0.7034487276769664,0.5893659324710414,0.9231884971299502,0.5724803463542435,0.9232860798978237,0.8913942351776669,0.9455038195929614,0.8344796073621978
0.5655156905132798,0.9181225197727811,0.6343971079067342,0.5813941723097938,0.8897450610263197,0.6378441754278579,0.48425983039714815,0.8039887564203355,0.556647065439565,0.7048437672955623,0.5895858724881348,0.922499550490301,0.5703624020466067,0.9210172850092677,0.8935908695669664,0.9463242642114253,0.832722808188804
0.5634245441167066,0.9147233249568877,0.6310727562495809,0.5784689186126376,0.8854873715263827,0.6361569695223303,0.4837118874158086,0.8004673440220487,0.5522259420605463,0.7011817882967482,0.5895125591491037,0.921006832771061,0.5672560837287393,0.915345297787878,0.8870009663990682,0.9444489622263644,0.8300359388647892
0.559939300122418,0.9074717093496487,0.6284607656618177,0.578103261900493,0.8799971929606741,0.6334253028181424,0.4831639444344691,0.8013728500673223,0.552087781954952,0.6999611286304767,0.5864333989097974,0.9207771838911778,0.5685268503133213,0.9210172850092677,0.8870009663990682,0.940932771004375,0.8288991864584755
0.562030446518991,0.9101910652023634,0.6314685123992421,0.5784689186126376,0.8862716827500552,0.6383262342580087,0.48492953848545195,0.8030832503750618,0.5555417845948103,0.7057156670571847,0.5900990658613526,0.9223847260503595,0.5696564206107276,0.9187484901207118,0.8913942351776669,0.9486683916927517,0.8311726912711032
0.567606836909853,0.9203886496500432,0.6375631571040229,0.5841000319796633,0.8941147949867816,0.6431468225595167,0.48827807892697106,0.8111321929997177,0.5602392281850176,0.7074594665804295,0.5956708796277164,0.9340968189243959,0.5774222164053961,0.9278236696749356,0.9001807727348644,0.9533566466554043,0.843780308868402
0.567606836909853,0.9158563898955189,0.6351886202060564,0.5847582140615234,0.894899106210454,0.6430664794211582,0.4896174951035787,0.8131444286558819,0.5609300287129892,0.7100751658652967,0.5964040130180275,0.9318003301255654,0.5753042720977594,0.9312268620077694,0.8990824555402148,0.9557007741367306,0.8406800750330006
0.562030446518991,0.9124571950796256,0.6294897316509366,0.581247909624936,0.891313683473665,0.641459616653989,0.4868168976433991,0.80821445129828,0.5595484276570459,0.7092032661036743,0.5964040130180275,0.9318003301255654,0.5745982906618804,0.9266892722306574,0.9001807727348644,0.9568728378773937,0.8396466637545335
0.5634245441167066,0.9124571950796256,0.6316268148591065,0.5817598290219382,0.8924341280789115,0.6416203029307058,0.48736484062473856,0.809220569126362,0.5609300287129892,0.7118189653885416,0.5964040130180275,0.9352450633238113,0.5745982906618804,0.9278236696749356,0.8990824555402148,0.9580449016180569,0.8396466637545335
0.5496926827792094,0.8920620261842657,0.6175378959311716,0.5678648739604464,0.8677843467634864,0.6255516752590127,0.4770756890862525,0.7903055539584202,0.5461468974143957,0.6921140307758751,0.5832076119924289,0.9137728930547443,0.5624554099647624,0.9083120336333548,0.8801913997922406,0.9395262945155792,0.8224920365319793
0.5418160313521168,0.8776721014636507,0.6089895630984918,0.5613561844842739,0.8585967010004644,0.6179190771149585,0.4712309639519646,0.7830615055962298,0.5386171716595046,0.6813896637079192,0.5732369978841988,0.8950565093442736,0.5553249974623848,0.9005981310122646,0.8666820982980495,0.9166710515726478,0.8102977834460673
0.548228880301608,0.8895692833192773,0.6148467541134761,0.5657440650300082,0.8667759466187647,0.6249892732905035,0.4759798031235736,0.7890982125647218,0.5477357386287305,0.693596260370633,0.5829143586363044,0.9076871977378429,0.5601256712263618,0.9046819618116653,0.8776652702445462,0.935424071423258,0.8173249801396438
0.588518300875585,0.9498483380544519,0.6581424768863998,0.6019440795323161,0.910025108381283,0.6513418226720802,0.495583985344831,0.8201872534524559,0.5657656324087909,0.7161784641966537,0.5993365465792716,0.9375415521226421,0.579540160713033,0.939167644117715,0.907868993097412,0.9615610928400462,0.8448137201468691
0.5794566664904344,0.9339854289136165,0.6486443292945334,0.5960935721380037,0.901509729381409,0.644592999049969,0.49077426361973986,0.8131444286558819,0.5616208292409609,0.7109470656269192,0.5956708796277164,0.9318003301255654,0.5745982906618804,0.9312268620077694,0.9001807727348644,0.9568728378773937,0.8386132524760664
0.5752743736972881,0.9305862340977232,0.6438952554986004,0.5886341752102553,0.8956834174341266,0.6404954989936873,0.4868168976433991,0.8073089452530061,0.5578905063899139,0.7065875668188071,0.5934714794567832,0.9272073525279039,0.5703624020466067,0.9198828875649899,0.8924925523723165,0.9521845829147412,0.8314827146546433
0.5271780065761044,0.8547841897033025,0.5880936383963862,0.5385392056464555,0.8184847841326365,0.5857014786332139,0.44462528808025803,0.73718253263569,0.5120213513325956,0.6487806126232408,0.5431785288814464,0.8482081378481271,0.5220026736888983,0.8438782587983671,0.8249460449013625,0.873187486794045,0.7615207711024193
0.5766684712950034,0.9317192990363542,0.6454782800972448,0.5902430647436913,0.9000531513945884,0.6439502539431013,0.49065249851277554,0.8111321929997177,0.5609300287129892,0.7100751658652967,0.5949377462374055,0.9318003301255654,0.5767162349695172,0.9312268620077694,0.9001807727348644,0.9557007741367306,0.843780308868402
0.5766684712950034,0.9317192990363542,0.6454782800972448,0.5902430647436913,0.9000531513945884,0.6439502539431013,0.49065249851277554,0.8111321929997177,0.5609300287129892,0.7100751658652967,0.5949377462374055,0.9318003301255654,0.5767162349695172,0.9312268620077694,0.9001807727348644,0.9557007741367306,0.843780308868402
0.5745773248984304,0.9294531691590922,0.6438952554986004,0.5902430647436913,0.8963556841972746,0.642664763729366,0.49010455553143606,0.8111321929997177,0.5602392281850176,0.7092032661036743,0.5942046128470945,0.9295038413267345,0.5738923092260014,0.9323612594520472,0.9001807727348644,0.9545287103960675,0.8386132524760664
0.5745773248984304,0.928320104220461,0.6446867677979224,0.5902430647436913,0.895571372973602,0.6429057931444414,0.48973926021054304,0.8121383108277999,0.5609300287129892,0.7092032661036743,0.5934714794567832,0.9283555969273191,0.5724803463542435,0.9312268620077694,0.901279089929514,0.9533566466554043,0.836546429919132
0.5696979833064261,0.9237878444659366,0.6399376940019894,0.5857089215130992,0.8900811944078936,0.6397724107484611,0.4862080721085774,0.8064034392077323,0.557959586442711,0.7048437672955623,0.5887794257587927,0.9215809549707684,0.5717743649183645,0.9244204773421015,0.894689186761616,0.9463242642114253,0.8334461960837308
0.570395032105284,0.9249209094045677,0.6407292063013115,0.5854163961433835,0.8924341280789115,0.6402544695786119,0.48791278360607804,0.808717510212321,0.5588576271290743,0.7065875668188071,0.5920052126761612,0.9251405126089561,0.5710683834824856,0.9221516824535458,0.894689186761616,0.9498404554334148,0.8344796073621978
0.5683038857087107,0.9215217145886744,0.6375631571040229,0.5857820528555281,0.8917618613157636,0.6392903519183103,0.4863298372155418,0.8072083334701978,0.5588576271290743,0.7065875668188071,0.5927383460664722,0.9272073525279039,0.5717743649183645,0.9210172850092677,0.8957875039562657,0.9521845829147412,0.836546429919132
0.5683038857087107,0.9215217145886744,0.6375631571040229,0.5857820528555281,0.8917618613157636,0.6392903519183103,0.4863298372155418,0.8072083334701978,0.5588576271290743,0.7065875668188071,0.5927383460664722,0.9272073525279039,0.5717743649183645,0.9210172850092677,0.8957875039562657,0.9521845829147412,0.836546429919132
0.564818641714422,0.9124571950796256,0.6330515369978863,0.5835881125826609,0.8868319050526785,0.6363979989374056,0.48505130359241627,0.805196097814034,0.5571306258091451,0.704059057510102,0.5906855725736013,0.9229588482500669,0.5710683834824856,0.9266892722306574,0.8957875039562657,0.9486683916927517,0.8322061025495703
0.5634245441167066,0.9073584028557856,0.6321017222386996,0.5828567991583719,0.8852632826053332,0.6350321655853117,0.48413806529018377,0.8039887564203355,0.556647065439565,0.7039718675339399,0.5895858724881348,0.9192844661719379,0.5685268503133213,0.9198828875649899,0.8924925523723165,0.94585543871516,0.8285891630749354
0.5592422513235601,0.9071317898680594,0.6267985898332411,0.578103261900493,0.8820139932501182,0.6325415282961993,0.48334659209491565,0.8002661204564321,0.5532621428525039,0.7017049281537215,0.5900990658613526,0.9221550771704763,0.5658441208569813,0.915345297787878,0.8880992835937181,0.9457382323410938,0.8274524106686214
0.5592422513235601,0.9071317898680594,0.6267985898332411,0.578103261900493,0.8820139932501182,0.6325415282961993,0.48334659209491565,0.8002661204564321,0.5532621428525039,0.7017049281537215,0.5900990658613526,0.9221550771704763,0.5658441208569813,0.915345297787878,0.8880992835937181,0.9457382323410938,0.8274524106686214
0.5565934658879007,0.9011265456933146,0.6255321701543256,0.5753242708881947,0.8778683482107057,0.6311756949441053,0.4799371690999143,0.8000648968908157,0.5534693830108952,0.6990020388926921,0.5862134588927042,0.9179065728926394,0.5671148874415635,0.915345297787878,0.8870009663990682,0.9398779136377782,0.8284858219470884
0.5592422513235601,0.9044124340153447,0.6279067070522923,0.5783957872702088,0.8819019487895936,0.634228734201727,0.48389453507625513,0.8046930388999929,0.5561635050699848,0.7025768279153439,0.5875330989952638,0.9215809549707684,0.5696564206107276,0.9187484901207118,0.8891976007883677,0.9418704219969055,0.8306559856318696
0.5570116951672154,0.9011265456933146,0.6237908430958169,0.5751048768609079,0.8773081259080826,0.6315774106358977,0.4826768840066118,0.8010710147188976,0.5554727045420131,0.7010945983205857,0.5874597856562328,0.9166435040532828,0.5649969431339266,0.9164796952321561,0.8880992835937181,0.9439801367300991,0.8245588590889135
0.5538749755723557,0.8945547690492541,0.6215746086577146,0.5747392201487636,0.875179281158114,0.6279619694097668,0.48091128995562904,0.7997630615423911,0.552916742588518,0.6984788990357186,0.5830609853143666,0.9119357020156793,0.5646439524159871,0.9164796952321561,0.8870009663990682,0.9387058498971148,0.8226987187876726
0.5505291413378384,0.8944414625553911,0.6198332815992059,0.5723258858486097,0.8742829254739167,0.6282833419632006,0.4797545214394678,0.7984551083658845,0.5532621428525039,0.6998739386543146,0.5857735788585174,0.9153804352139256,0.5650675412775145,0.9130765028993221,0.8870009663990682,0.942808072989436,0.8232154244269063
0.5403522288745156,0.8755192780802517,0.6093061680182207,0.5583577994446887,0.853778789197904,0.6152677535491291,0.47056125586366077,0.7797413167635591,0.539169812081882,0.6840053629927865,0.5771959181918782,0.9022904490605906,0.558007726918725,0.8974218181682864,0.8670115934564444,0.9235862276425604,0.8131913350257752
0.5471136022234356,0.8843571846015743,0.6142135442740183,0.5661828530845816,0.8654314130924687,0.6229806948315418,0.4754927426957163,0.7923177896145842,0.5469067779951645,0.6918524608473883,0.5775624848870339,0.903897991219772,0.5617494285288834,0.9093329913332048,0.8837060148151195,0.9293293399718098,0.8181517091624173
0.5474621266228643,0.8871898469481521,0.615242510263137,0.5668410351664418,0.8664398132371907,0.6242661850452773,0.475066564821341,0.7892994361303383,0.5471830982063531,0.6944681601322555,0.5831342986533976,0.9106726331763227,0.5601962693699497,0.9034341246229595,0.8798619046338457,0.935424071423258,0.8188750970573445
0.5850330568812964,0.9453160782999275,0.654976427689111,0.5990188258351599,0.9089046637760365,0.6488511853829677,0.491931032135901,0.8151566643120459,0.5623116297689326,0.7083313663420521,0.5956708796277164,0.9340968189243959,0.5767162349695172,0.9278236696749356,0.8968858211509153,0.9568728378773937,0.843780308868402
0.578062568892719,0.9351184938522477,0.6478528169952112,0.5938996318651365,0.9011735959998349,0.6432271656978752,0.4885824916943819,0.8088181219951293,0.5588576271290743,0.7083313663420521,0.5927383460664722,0.9260591081284886,0.5738923092260014,0.9278236696749356,0.8968858211509153,0.9521845829147412,0.836546429919132
0.5752743736972881,0.928320104220461,0.6438952554986004,0.5931683184408475,0.8966918175788486,0.6413792735156304,0.4866951325364347,0.8067052745561569,0.5576832662315225,0.7048437672955623,0.5900990658613526,0.9220402527305349,0.5710683834824856,0.9244204773421015,0.8935908695669664,0.9486683916927517,0.8330328315723438
0.5794566664904344,0.9339854289136165,0.6454782800972448,0.5953622587137146,0.9041987964340007,0.6444323127732522,0.49053073340581127,0.814150546483964,0.5602392281850176,0.7092032661036743,0.5942046128470945,0.9295038413267345,0.5731863277901224,0.9312268620077694,0.9001807727348644,0.9533566466554043,0.8375798411975994
0.572486178501857,0.9249209094045677,0.6391461817026672,0.5871715483616773,0.8964677286577991,0.6389689793648764,0.4859036593411666,0.8057997685108831,0.5550582242252301,0.7002226985589635,0.5873131589781705,0.9208920083311193,0.568103261451794,0.9164796952321561,0.8859026492044186,0.9423392474931707,0.8310693501432562
0.5717891297029993,0.9237878444659366,0.6375631571040229,0.5862939722525304,0.894899106210454,0.6384065773963672,0.48468600827152325,0.803686921071911,0.5543674236972584,0.7003970785112879,0.5900257525223214,0.9243367415293654,0.5675384763030908,0.9164796952321561,0.884804332009769,0.9486683916927517,0.8303459622483295
0.5717891297029993,0.9237878444659366,0.6375631571040229,0.5862939722525304,0.894899106210454,0.6384065773963672,0.48468600827152325,0.803686921071911,0.5543674236972584,0.7003970785112879,0.5900257525223214,0.9243367415293654,0.5675384763030908,0.9164796952321561,0.884804332009769,0.9486683916927517,0.8303459622483295
0.5710920809041417,0.9226547795273055,0.6359801325053784,0.5889998319223999,0.8956834174341266,0.6394510381950272,0.48791278360607804,0.8074095570358144,0.557476026073131,0.7036231076292908,0.5907588859126326,0.9239922682095408,0.5696564206107276,0.9210172850092677,0.8913942351776669,0.9498404554334148,0.8334461960837308
0.564818641714422,0.9113241301409944,0.6333681419176154,0.5793464947217845,0.8814537709474948,0.6329432439879915,0.48152011549045065,0.7937263545738991,0.548771939420688,0.6936834503467953,0.5843806254169266,0.915495259653867,0.5675384763030908,0.9130765028993221,0.8812897169868902,0.9365961351639213,0.8296225743534025
0.567606836909853,0.9203886496500432,0.6351886202060564,0.5824180111037984,0.8903052833289431,0.6377638322894995,0.48383365252277294,0.8006685675876649,0.5567852255451592,0.7057156670571847,0.5878263523513885,0.9218106038506516,0.5669030930107998,0.915345297787878,0.8935908695669664,0.9463242642114253,0.829829256609096
0.570395032105284,0.9215217145886744,0.6367716448047006,0.582783667815943,0.8915377723947142,0.6384869205347257,0.4843815955041124,0.8044918153343765,0.5556108646476074,0.7026640178915062,0.589145992453948,0.9218106038506516,0.5703624020466067,0.9187484901207118,0.8891976007883677,0.9431596921116349,0.8334461960837308
0.5696979833064261,0.9215217145886744,0.6367716448047006,0.5841731633220921,0.8938907060657321,0.6383262342580087,0.4852339512528628,0.8053973213796504,0.557959586442711,0.7048437672955623,0.5894392458100727,0.9226143749302423,0.5683150558825576,0.9176140926764339,0.8935908695669664,0.94585543871516,0.8321027614217237
0.5669097881109953,0.9203886496500432,0.6359801325053784,0.5830761931856586,0.8923220836183867,0.6400134401635366,0.4843815955041124,0.80318386215787,0.5540220234332727,0.7037102976054531,0.5942046128470945,0.9283555969273191,0.5696564206107276,0.9187484901207118,0.8902959179830173,0.9533566466554043,0.836546429919132
0.5669097881109953,0.9203886496500432,0.6359801325053784,0.5830761931856586,0.8923220836183867,0.6400134401635366,0.4843815955041124,0.80318386215787,0.5540220234332727,0.7037102976054531,0.5942046128470945,0.9283555969273191,0.5696564206107276,0.9187484901207118,0.8902959179830173,0.9533566466554043,0.836546429919132
0.5655156905132798,0.9158563898955189,0.6343971079067342,0.582052354391654,0.8910895945526156,0.6369604009059148,0.484564243164559,0.8040893682031438,0.5556799447004046,0.7037102976054531,0.5942046128470945,0.9295038413267345,0.5710683834824856,0.9187484901207118,0.8902959179830173,0.951012519174078,0.8375798411975994
0.567606836909853,0.9192555847114122,0.6359801325053784,0.58497760808881,0.8941147949867816,0.6408168715471212,0.4866342499829526,0.809220569126362,0.5602392281850176,0.7083313663420521,0.5956708796277164,0.9306520857261501,0.5724803463542435,0.9266892722306574,0.9001807727348644,0.9568728378773937,0.8375798411975994
0.5662127393121374,0.9158563898955189,0.6324183271584287,0.5830030618432297,0.8922100391578621,0.6385672636730841,0.48474689082500544,0.8048942624656094,0.5581668266011026,0.7057156670571847,0.5912720792858502,0.9272073525279039,0.5703624020466067,0.9221516824535458,0.8957875039562657,0.951012519174078,0.8334461960837308
0.5627274953178487,0.9090580002637322,0.6312310587094454,0.5786883126399243,0.8848151047632347,0.6353535381387455,0.48194629336482575,0.7997630615423911,0.5529858226413151,0.7003970785112879,0.5878996656904195,0.9198585883716455,0.5683150558825576,0.9176140926764339,0.8859026492044186,0.9437457239819664,0.8299325977369426
0.5526202877344116,0.8963676729510639,0.6176961983910358,0.56896184409688,0.8693529692108317,0.6245875575987112,0.4740924439656264,0.7850737412523938,0.5431764551441175,0.6883648618008986,0.5792486916847491,0.905161060059129,0.5575135399136096,0.9000309322901257,0.8693180595652088,0.9288605144755445,0.814741451943476
0.5606363489212757,0.9069051768803331,0.6285399168917499,0.5780301305580642,0.8835826156974637,0.6343090773400855,0.48133746783000414,0.800165508673624,0.5521568620077492,0.6994379887735033,0.5849671321291753,0.9161842062935163,0.5659853171441571,0.9187484901207118,0.8822782024620749,0.9389402626452477,0.826522340518001
0.5592422513235601,0.9056588054478388,0.6258487750740545,0.5783226559277798,0.8823501266316922,0.6346304498935194,0.483103061880987,0.8016746854157469,0.5542292635916641,0.7010074083444237,0.5889993657758861,0.9192844661719379,0.568103261451794,0.9198828875649899,0.8880992835937181,0.9440973431041655,0.8293125509698623
0.5585452025247024,0.903619288558303,0.6272734972128344,0.5760555843124837,0.8805574152632977,0.6325415282961993,0.4809721725091111,0.798253884800268,0.5528476625357208,0.6994379887735033,0.5869465922830152,0.9207771838911778,0.5683150558825576,0.915345297787878,0.884804332009769,0.9418704219969055,0.83158605578249
0.554711434130985,0.8994269482853678,0.6221286672672401,0.5711557843697471,0.8764117702238852,0.628363685101559,0.47811069249544935,0.7951349195332139,0.548771939420688,0.695776009774689,0.5853336988243308,0.9173324506929317,0.5645733542723992,0.9072910759335046,0.8796422411949156,0.9391746753933802,0.8284858219470884
0.5545720243712133,0.8979539638651475,0.6215746086577146,0.572764673903183,0.8761876813028359,0.6302115772838037,0.4782933401558958,0.7945312488363646,0.5504989407406171,0.6983917090595564,0.5847471921120819,0.9114764042559134,0.5619612229596471,0.908652352866638,0.8837060148151195,0.9385886435230486,0.8212519429978188
0.5613333977201334,0.9090580002637322,0.6303603951801909,0.5788345753247822,0.8849271492237593,0.6360766263839717,0.4854774814667915,0.8047936506828011,0.5558871848587962,0.704059057510102,0.589732499166197,0.9226143749302423,0.5710683834824856,0.9244204773421015,0.8880992835937181,0.9457382323410938,0.8344796073621978
0.5592422513235601,0.9039592080398924,0.6265611361434444,0.5779569992156353,0.8842548824606112,0.6334253028181424,0.4825551188996475,0.8030832503750618,0.5548509840668385,0.7019664980822083,0.5876064123342951,0.9183658706524054,0.5665501022928603,0.9187484901207118,0.8902959179830173,0.944331755852298,0.8267290227736945
0.5562449414884719,0.9022596106319456,0.6240282967856136,0.5726915425607542,0.8773081259080826,0.6312560380824638,0.48091128995562904,0.7985557201486926,0.552916742588518,0.7023152579868572,0.5895125591491037,0.9187103439722301,0.5648557468467508,0.9130765028993221,0.8870009663990682,0.9459726450892264,0.8260056348787675
0.5517838291757824,0.8973874313958319,0.6214954574277826,0.5700588142333136,0.8756274590002128,0.6295688321769359,0.48048511208125383,0.7979520494518436,0.5523641021661406,0.69969955870199,0.5907588859126326,0.9245663904092487,0.5681738595953819,0.9119421054550442,0.8859026492044186,0.9463242642114253,0.8310693501432562
0.5477409461424076,0.8900225092947298,0.6169046860917138,0.5658903277148659,0.8670000355398138,0.6245875575987112,0.47725833674669904,0.7924184013973923,0.547114018153556,0.6946425400845799,0.5842339987388643,0.9140025419346272,0.5621730173904108,0.907631395166788,0.8829371927788647,0.945034994096696,0.8223886954041327
0.5483682900613793,0.8852636365524792,0.6161131737923916,0.5658171963724371,0.8670000355398138,0.6245875575987112,0.47671039376535945,0.7913116717865022,0.5476666585759333,0.6938578302991197,0.5800551384140914,0.9058500066987779,0.5616082322417075,0.9091061118443493,0.8783242605613361,0.9312046419568707,0.8199085083358116
0.5451618655866339,0.8837906521322588,0.6119973098359162,0.5637695187844277,0.8647591463293207,0.6221772634479572,0.4741533265191086,0.7872872004741742,0.5452488567280325,0.6901958513003056,0.5771959181918782,0.9017163268608829,0.5598432786520102,0.9052491605338042,0.8796422411949156,0.9265163869942182,0.8141214051763958
0.5443254070280046,0.8802781508225024,0.6121556122957806,0.5615755785115606,0.8590448788425629,0.6194455967437694,0.47208331970071493,0.7859792472976674,0.5441435758832779,0.6891495715863588,0.5771959181918782,0.9044721134194799,0.5587137083546039,0.9003712515234091,0.8723933477102279,0.9262819742460857,0.8150514753270162
0.5434889484693753,0.8824309742059014,0.6115224024563228,0.5627456799904231,0.8613978125135808,0.6225789791397495,0.4740315614121442,0.786683529777325,0.5473903383647447,0.6950784899653911,0.5808615851434334,0.9063093044585444,0.5568781566213187,0.9012787694788316,0.8779947654029411,0.9341348013085286,0.8155681809662495
0.5450224558268623,0.8848104105770266,0.613342880744764,0.5649396202632901,0.8661036798556168,0.621132802649297,0.4738489137516977,0.7884945418678725,0.5480120588399192,0.6936834503467953,0.5795419450408738,0.905161060059129,0.5560309788982639,0.9027534861563927,0.8810700535479601,0.9280400698570802,0.8141214051763958
0.5871242032778694,0.9498483380544519,0.6518103784918222,0.5975561989865817,0.915627331407516,0.6521452540556648,0.49375750874036606,0.8181750177962919,0.5664564329367625,0.7161784641966537,0.6008028133598936,0.9386897965220574,0.5781281978412751,0.9334956568963253,0.9089673102920616,0.9627331565807096,0.8458471314253362
0.5906094472721581,0.9543805978089762,0.6605170137843662,0.6034067063808942,0.9201091098285025,0.6561624109735881,0.49680163641447433,0.823205606936702,0.5671472334647342,0.7187941634815209,0.607401013872693,0.9513204849156264,0.5830700678924279,0.9368988492291591,0.9089673102920616,0.9721096665060146,0.8551478329315403
0.5927005936687314,0.9566467276862385,0.6597255014850442,0.6048693332294722,0.9234704436442419,0.6585727051243421,0.4980192874841176,0.82723007824903,0.5740552387444509,0.7275131610977451,0.6096004140436262,0.9524687293150417,0.5844820307641857,0.9425708364505488,0.9188521650439085,0.9791420489499936,0.8561812442100073
0.580153715289292,0.9373846237295097,0.6494358415938558,0.5924370050165585,0.900837462618261,0.6466015775089307,0.49077426361973986,0.8121383108277999,0.5609300287129892,0.7074594665804295,0.5956708796277164,0.9352450633238113,0.579540160713033,0.9312268620077694,0.9001807727348644,0.9545287103960675,0.8468805427038032
0.5773655200938613,0.9351184938522477,0.6454782800972448,0.5909743781679804,0.9043108408945254,0.6454767735719121,0.4893739648896501,0.8099248516060195,0.5602392281850176,0.7092032661036743,0.5964040130180275,0.9306520857261501,0.5724803463542435,0.9255548747863797,0.8979841383455649,0.9592169653587199,0.8386132524760664
0.5752743736972881,0.9339854289136165,0.642312230899956,0.5879028617859663,0.8984845289472431,0.642664763729366,0.48803454871304236,0.8066046627733489,0.5563707452283763,0.7074594665804295,0.5964040130180275,0.9318003301255654,0.5724803463542435,0.9210172850092677,0.8924925523723165,0.9557007741367306,0.8386132524760664
0.5752743736972881,0.9305862340977232,0.642312230899956,0.5895117513194023,0.8961315952762252,0.6413792735156304,0.48736484062473856,0.8076107806014308,0.5572687859147395,0.7048437672955623,0.5906855725736013,0.9228440238101255,0.5710683834824856,0.9244204773421015,0.894689186761616,0.9498404554334148,0.8344796073621978
0.5696979833064261,0.9215217145886744,0.6359801325053784,0.5845388200342366,0.8896330165657951,0.6370407440442734,0.48085040740214685,0.7964428727097205,0.5507752609518058,0.6998739386543146,0.5883395457246061,0.9200882372515286,0.567467878159503,0.9111480272440496,0.884804332009769,0.9430424857375685,0.8287958453306286
0.5710920809041417,0.9237878444659366,0.6391461817026672,0.5854163961433835,0.8942268394473061,0.6398527538868196,0.48529483380634497,0.8059003802936913,0.5560944250171876,0.7048437672955623,0.5971371464083385,0.9340968189243959,0.5745982906618804,0.9210172850092677,0.8924925523723165,0.9568728378773937,0.8417134863114677
0.578062568892719,0.9339854289136165,0.6454782800972448,0.5924370050165585,0.9089046637760365,0.6521452540556648,0.4925398576707227,0.8161627821401278,0.5664564329367625,0.7196660632431434,0.60520161370176,0.9421345297203036,0.5802461421489119,0.9346300543406032,0.907868993097412,0.9721096665060146,0.8479139539822705
0.5634245441167066,0.9147233249568877,0.6309144537897166,0.5779569992156353,0.8857114604474321,0.6355142244154625,0.48322482698795133,0.7998636733251994,0.5522259420605463,0.6998739386543146,0.5909788259297257,0.9255998103687222,0.5683856540261456,0.915345297787878,0.8859026492044186,0.9474963279520885,0.8305526445040229
0.5641215929155643,0.9135902600182566,0.6302812439502586,0.5782495245853508,0.8859355493684812,0.6387279499498011,0.48389453507625513,0.8007691793704731,0.5556799447004046,0.7048437672955623,0.5912720792858502,0.9218106038506516,0.5696564206107276,0.9187484901207118,0.8902959179830173,0.951012519174078,0.8313793735267964
0.5627274953178487,0.9147233249568877,0.6312310587094454,0.5784689186126376,0.8887366608815976,0.6385672636730841,0.48517306869938054,0.8037875328547192,0.5565089053339707,0.7041462474862643,0.5907588859126326,0.9239922682095408,0.5703624020466067,0.9187484901207118,0.8935908695669664,0.9474963279520885,0.8344796073621978
0.564818641714422,0.91698945483415,0.6351886202060564,0.5800046768036446,0.888960749802647,0.6380852048429333,0.4857818942342023,0.8054979331624587,0.5569924657035508,0.7046693873432379,0.5912720792858502,0.9295038413267345,0.5738923092260014,0.9244204773421015,0.8913942351776669,0.9486683916927517,0.8375798411975994
0.5634245441167066,0.9135902600182566,0.6302812439502586,0.5772256857913461,0.8859355493684812,0.6371210871826318,0.4837727699692908,0.8024795796782125,0.5547128239612443,0.7048437672955623,0.5912720792858502,0.9241070926494823,0.5683150558825576,0.9187484901207118,0.8913942351776669,0.9498404554334148,0.8312760323989499
0.559939300122418,0.9090580002637322,0.6273526484427666,0.5765675037094862,0.8835826156974637,0.6365586852141225,0.4826160014531296,0.8015740736329388,0.554989144172433,0.7030127777961552,0.5880462923684817,0.9220402527305349,0.5681738595953819,0.9176140926764339,0.8902959179830173,0.9463242642114253,0.8302426211204827
0.5843360080824387,0.9453160782999275,0.6526018907911444,0.5968248855622927,0.9053192410392474,0.6486904991062508,0.4925398576707227,0.8121383108277999,0.5609300287129892,0.7109470656269192,0.5971371464083385,0.9340968189243959,0.5774222164053961,0.9300924645634913,0.9001807727348644,0.9545287103960675,0.843780308868402
0.5864271544790117,0.9498483380544519,0.654976427689111,0.5975561989865817,0.9111455529865295,0.6505383912884954,0.49436633427518767,0.8171688999682098,0.5643840313528476,0.7126908651501641,0.5971371464083385,0.9329485745249806,0.5760102535336382,0.9346300543406032,0.9023774071241636,0.9580449016180569,0.8417134863114677
0.5871242032778694,0.9521144679317142,0.6541849153897888,0.5975561989865817,0.9133864421970229,0.6529486854392496,0.49497515981000934,0.8181750177962919,0.5671472334647342,0.7179222637198985,0.5993365465792716,0.9386897965220574,0.5781281978412751,0.9334956568963253,0.9089673102920616,0.9650772840620356,0.8458471314253362
0.5899123984733005,0.9532475328703451,0.6565594522877554,0.599750139259449,0.915627331407516,0.6545555482064187,0.49497515981000934,0.82219948910862,0.5678380339927059,0.7187941634815209,0.6008028133598936,0.9375415521226421,0.5788341792771541,0.9346300543406032,0.9122622618760107,0.966249347802699,0.8458471314253362
0.591306496071016,0.9577797926248697,0.6613085260836886,0.6026753929566051,0.9178682206180091,0.6553589795900034,0.49862811301893933,0.8262239604209479,0.5699104355766209,0.7196660632431434,0.6022690801405158,0.9421345297203036,0.5802461421489119,0.9425708364505488,0.9133605790706603,0.9697655390246883,0.8499807765392047
0.585730105680154,0.9464491432385587,0.654976427689111,0.5968248855622927,0.90778421917079,0.6513418226720802,0.49436633427518767,0.819181135624374,0.5643840313528476,0.7135627649117865,0.5986034131889606,0.9352450633238113,0.5774222164053961,0.938033246673437,0.9034757243188132,0.9615610928400462,0.843780308868402
0.578062568892719,0.9339854289136165,0.6454782800972448,0.5895117513194023,0.896579773118324,0.6423433911759321,0.4883998440339354,0.80821445129828,0.5588576271290743,0.7065875668188071,0.5909055125906947,0.9253701614888393,0.5703624020466067,0.9255548747863797,0.894689186761616,0.9498404554334148,0.832619467060957
0.5752743736972881,0.9339854289136165,0.6431037431992782,0.5870252856768194,0.8973640843419967,0.6429861362827998,0.4879736661595602,0.8078120041670471,0.5568543055979565,0.7065875668188071,0.5956708796277164,0.9306520857261501,0.5717743649183645,0.9244204773421015,0.8957875039562657,0.9580449016180569,0.8396466637545335
0.5759714224961457,0.9317192990363542,0.6454782800972448,0.5902430647436913,0.9019579072235075,0.6457981461253461,0.491931032135901,0.814150546483964,0.5643840313528476,0.7144346646734088,0.5964040130180275,0.9340968189243959,0.5745982906618804,0.9300924645634913,0.907868993097412,0.9580449016180569,0.8417134863114677
0.5752743736972881,0.9305862340977232,0.641520718600634,0.5879759931283953,0.8996049735524896,0.6439502539431013,0.48919131722920356,0.8094217926919784,0.5609300287129892,0.7109470656269192,0.5942046128470945,0.9295038413267345,0.5724803463542435,0.9232860798978237,0.9023774071241636,0.9545287103960675,0.8375798411975994
0.5773655200938613,0.9351184938522477,0.6454782800972448,0.5909743781679804,0.902406085065606,0.6452357441568367,0.4903480857453647,0.8131444286558819,0.5623116297689326,0.7118189653885416,0.5964040130180275,0.9329485745249806,0.5738923092260014,0.9278236696749356,0.9034757243188132,0.9580449016180569,0.8406800750330006
0.5836389592835808,0.9475822081771896,0.6533934030904668,0.5953622587137146,0.910025108381283,0.6529486854392496,0.49619281087965267,0.82219948910862,0.5664564329367625,0.7161784641966537,0.6030022135308268,0.9455792629185497,0.5802461421489119,0.935764451784881,0.907868993097412,0.967421411543362,0.8520475990961388
0.58085076408815,0.9430499484226653,0.6510188661925,0.5946309452894256,0.9066637745655431,0.6505383912884954,0.49436633427518767,0.8201872534524559,0.5650748318808192,0.7161784641966537,0.5978702797986496,0.9375415521226421,0.5802461421489119,0.9368988492291591,0.9056723587081127,0.9603890290993832,0.8479139539822705
0.5822448616858654,0.9407838185454032,0.6494358415938558,0.5953622587137146,0.910025108381283,0.6497349599049108,0.49497515981000934,0.8201872534524559,0.5657656324087909,0.7161784641966537,0.5993365465792716,0.9352450633238113,0.5781281978412751,0.938033246673437,0.9089673102920616,0.9627331565807096,0.843780308868402
0.58085076408815,0.939650753606772,0.6510188661925,0.5953622587137146,0.9066637745655431,0.6505383912884954,0.495583985344831,0.8211933712805378,0.5657656324087909,0.7153065644350313,0.5993365465792716,0.9363933077232269,0.5781281978412751,0.939167644117715,0.9067706759027624,0.9603890290993832,0.843780308868402
0.5717891297029993,0.9294531691590922,0.6399376940019894,0.5862939722525304,0.8988206623288171,0.6450750578801199,0.4898001427640252,0.8121383108277999,0.5616208292409609,0.7118189653885416,0.5964040130180275,0.9329485745249806,0.5738923092260014,0.9289580671192135,0.901279089929514,0.9592169653587199,0.8406800750330006
0.5690009345075684,0.9226547795273055,0.6367716448047006,0.5825642737886563,0.8917618613157636,0.6408168715471212,0.48651248487598825,0.8059003802936913,0.5581668266011026,0.7074594665804295,0.5907588859126326,0.9237626193296576,0.5696564206107276,0.9198828875649899,0.8957875039562657,0.9498404554334148,0.8334461960837308
0.5690009345075684,0.9192555847114122,0.6359801325053784,0.5830030618432297,0.8898571054868443,0.6385672636730841,0.4863298372155418,0.8078120041670471,0.5567161454923621,0.7037974875816153,0.5893659324710414,0.9227291993701838,0.5703624020466067,0.9255548747863797,0.894689186761616,0.944683374974497,0.8324127848052638
0.5669097881109953,0.9181225197727811,0.6351886202060564,0.5806628588855048,0.8848151047632347,0.6376031460127825,0.4860254244481309,0.8072083334701978,0.5552654643836216,0.7012689782729105,0.5876064123342951,0.9183658706524054,0.5682444577389698,0.9232860798978237,0.8913942351776669,0.9415188028747066,0.829829256609096
0.567606836909853,0.9192555847114122,0.6338430492972087,0.5817598290219382,0.890641416710517,0.6384065773963672,0.48553836402027356,0.8069064981217734,0.5578905063899139,0.7057156670571847,0.5886327990807304,0.9228440238101255,0.568809242887673,0.9198828875649899,0.8957875039562657,0.9474963279520885,0.8309660090154097
0.5669097881109953,0.9192555847114122,0.6340805029870051,0.5803703335157891,0.8872800828947772,0.6393706950566688,0.48596454189464877,0.804189979985952,0.5571997058619422,0.7048437672955623,0.5900257525223214,0.9207771838911778,0.5671148874415635,0.9176140926764339,0.8935908695669664,0.9463242642114253,0.8302426211204827
0.5690009345075684,0.9226547795273055,0.6391461817026672,0.5832224558705165,0.891313683473665,0.6416203029307058,0.4885216091408998,0.8101260751716358,0.5576832662315225,0.7048437672955623,0.5902456925394147,0.9243367415293654,0.5738923092260014,0.9278236696749356,0.894689186761616,0.9474963279520885,0.836546429919132
0.5690009345075684,0.9215217145886744,0.6383546694033452,0.5824180111037984,0.8897450610263197,0.6407365284087627,0.4876083708386672,0.8074095570358144,0.556232585122782,0.7030999677723174,0.589732499166197,0.9245663904092487,0.5717743649183645,0.9255548747863797,0.8913942351776669,0.9435113112338339,0.835513018640665
0.5613333977201334,0.9090580002637322,0.6303603951801909,0.576640635051915,0.8829103489343156,0.6337466753715763,0.4824942363461653,0.800165508673624,0.5538147832748811,0.69969955870199,0.5867266522659218,0.9187103439722301,0.5675384763030908,0.9164796952321561,0.884804332009769,0.940932771004375,0.8301392799926361
0.5655156905132798,0.9147233249568877,0.6333681419176154,0.5794196260642134,0.8867198605921538,0.6384869205347257,0.48529483380634497,0.803686921071911,0.5551273042780274,0.7025768279153439,0.5908321992516636,0.9251405126089561,0.5703624020466067,0.9198828875649899,0.8891976007883677,0.9459726450892264,0.8328261493166506
0.5592422513235601,0.9090580002637322,0.6273526484427666,0.5739347753820455,0.8802212818817237,0.63406804792501,0.48212894102527226,0.7990587790627338,0.5540220234332727,0.7021408780345327,0.5860668322146418,0.9165286796133408,0.5659147190005692,0.9130765028993221,0.8880992835937181,0.9431596921116349,0.824765541344607
0.5613333977201334,0.9090580002637322,0.6314685123992421,0.5757630589427681,0.8819019487895936,0.6348714793085948,0.4829204142205405,0.8000648968908157,0.5534693830108952,0.6990020388926921,0.5857735788585174,0.9174472751328734,0.5683856540261456,0.9176140926764339,0.884804332009769,0.9394090881415128,0.8291058687141687
0.5606363489212757,0.9101910652023634,0.6291731267312077,0.5756167962579103,0.8817899043290688,0.6339073616482932,0.4820680584717902,0.798253884800268,0.5538838633276782,0.7029255878199929,0.5885594857416994,0.9189399928521133,0.5662677097185087,0.9142109003436002,0.8880992835937181,0.9463242642114253,0.8272457284129282
0.5613333977201334,0.9090580002637322,0.6303603951801909,0.5782495245853508,0.8825742155527415,0.6359159401072548,0.4839554176297373,0.8027814150266371,0.554160183538867,0.7011817882967482,0.5870199056220462,0.9175620995728148,0.5678914670210303,0.9210172850092677,0.8880992835937181,0.9415188028747066,0.8288991864584755
0.5540840902120129,0.8971608184081057,0.6214163061978502,0.569693157521169,0.8734986142502442,0.6290867733467853,0.4789021656907175,0.794732472401981,0.5502226205294285,0.6950784899653911,0.5857002655194863,0.9181362217725226,0.5652793357082782,0.9101270695441994,0.881179885267425,0.9429252793635022,0.8275557517964683
0.5540840902120129,0.8971608184081057,0.6214163061978502,0.569693157521169,0.8734986142502442,0.6290867733467853,0.4789021656907175,0.794732472401981,0.5502226205294285,0.6950784899653911,0.5857002655194863,0.9181362217725226,0.5652793357082782,0.9101270695441994,0.881179885267425,0.9429252793635022,0.8275557517964683
0.5613333977201334,0.9090580002637322,0.6302020927203266,0.5774450798186329,0.8838067046185126,0.6384065773963672,0.48566012912723794,0.8053973213796504,0.5571997058619422,0.704059057510102,0.5904656325565081,0.9260591081284886,0.5724803463542435,0.9255548747863797,0.8913942351776669,0.9457382323410938,0.836546429919132
0.5578481537258447,0.9008999327055883,0.6250572627747323,0.5740810380669034,0.8780924371317552,0.6318987831893316,0.48237247123920096,0.8025801914610208,0.5545055838028529,0.7019664980822083,0.5882662323855751,0.9196289394917625,0.5676796725902666,0.9210172850092677,0.8902959179830173,0.944683374974497,0.8284858219470884
0.5578481537258447,0.9062253379171545,0.6273526484427666,0.57430043209419,0.8806694597238222,0.6332646165414255,0.4829204142205405,0.802680803243829,0.5543674236972584,0.7024024479630195,0.5904656325565081,0.922499550490301,0.5710683834824856,0.9198828875649899,0.8891976007883677,0.9448005813485634,0.835513018640665
0.5592422513235601,0.903619288558303,0.6279858582822244,0.5745929574639056,0.8814537709474948,0.6364783420757639,0.483103061880987,0.8024795796782125,0.5556108646476074,0.7027512078676685,0.5894392458100727,0.9228440238101255,0.5717743649183645,0.9232860798978237,0.8902959179830173,0.9431596921116349,0.8344796073621978
0.5585452025247024,0.9042991275214817,0.6279067070522923,0.5757630589427681,0.8835826156974637,0.6357552538305379,0.48413806529018377,0.8034856975062945,0.5554727045420131,0.7039718675339399,0.589145992453948,0.9235329704497748,0.5717743649183645,0.9244204773421015,0.8902959179830173,0.9452694068448285,0.836546429919132
0.5850330568812964,0.9475822081771896,0.6533934030904668,0.5960935721380037,0.910025108381283,0.6484494696911755,0.491931032135901,0.814150546483964,0.5602392281850176,0.7109470656269192,0.5986034131889606,0.9386897965220574,0.5753042720977594,0.9266892722306574,0.8968858211509153,0.9592169653587199,0.843780308868402
0.5794566664904344,0.9407838185454032,0.646269792396567,0.5917056915922694,0.8999411069340636,0.6453964304335537,0.4893739648896501,0.8072083334701978,0.5577523462843196,0.7092032661036743,0.5971371464083385,0.9329485745249806,0.5724803463542435,0.9232860798978237,0.894689186761616,0.9592169653587199,0.8375798411975994
0.5850330568812964,0.9475822081771896,0.6541849153897888,0.5953622587137146,0.9089046637760365,0.6513418226720802,0.49314868320554434,0.8151566643120459,0.5630024302969042,0.7126908651501641,0.5978702797986496,0.9363933077232269,0.5753042720977594,0.9278236696749356,0.8990824555402148,0.9592169653587199,0.8448137201468691
0.5850330568812964,0.9453160782999275,0.6510188661925,0.5968248855622927,0.910025108381283,0.6496546167665523,0.49120044149411507,0.8131444286558819,0.5636932308248759,0.7144346646734088,0.5971371464083385,0.9340968189243959,0.5738923092260014,0.9255548747863797,0.9034757243188132,0.9615610928400462,0.8406800750330006
0.5787596176915767,0.9362515587908787,0.646269792396567,0.5917056915922694,0.900837462618261,0.6445126559116106,0.4888260219083106,0.8095224044747866,0.5588576271290743,0.7074594665804295,0.5920052126761612,0.9272073525279039,0.5710683834824856,0.9255548747863797,0.8957875039562657,0.9521845829147412,0.8344796073621978
0.5731832273007148,0.9294531691590922,0.642312230899956,0.5856357901706702,0.8950111506709786,0.6411382441005551,0.48693866275036346,0.8059003802936913,0.5554727045420131,0.7048437672955623,0.5942046128470945,0.9295038413267345,0.5717743649183645,0.9198828875649899,0.8924925523723165,0.9557007741367306,0.836546429919132
0.5731832273007148,0.92718703928183,0.641520718600634,0.5878297304435374,0.8943388839078306,0.6408972146854797,0.48791278360607804,0.8062022156421159,0.557476026073131,0.7057156670571847,0.5904656325565081,0.9237626193296576,0.5717743649183645,0.9255548747863797,0.8935908695669664,0.9486683916927517,0.8344796073621978
0.5745773248984304,0.928320104220461,0.6446867677979224,0.5895117513194023,0.8954593285130772,0.6413792735156304,0.48785190105259596,0.8065040509905406,0.5575451061259281,0.7048437672955623,0.5906855725736013,0.9246812148491901,0.5724803463542435,0.9221516824535458,0.8913942351776669,0.9474963279520885,0.8344796073621978
0.5759714224961457,0.9305862340977232,0.6431037431992782,0.588926700579971,0.8969159064998979,0.6437895676663845,0.4885824916943819,0.8101260751716358,0.5581668266011026,0.7074594665804295,0.5927383460664722,0.9295038413267345,0.5745982906618804,0.9255548747863797,0.894689186761616,0.951012519174078,0.8386132524760664
0.5773655200938613,0.9339854289136165,0.646269792396567,0.5909743781679804,0.8992688401709156,0.6455571167102707,0.4896783776570609,0.8111321929997177,0.5609300287129892,0.7092032661036743,0.5934714794567832,0.9295038413267345,0.5745982906618804,0.9278236696749356,0.8968858211509153,0.9545287103960675,0.8406800750330006
0.5759714224961457,0.9305862340977232,0.6438952554986004,0.5886341752102553,0.8984845289472431,0.643387851974592,0.48888690446179267,0.8091199573435539,0.5595484276570459,0.7092032661036743,0.5927383460664722,0.9283555969273191,0.5731863277901224,0.9278236696749356,0.894689186761616,0.9521845829147412,0.836546429919132
0.5662127393121374,0.9192555847114122,0.633605595607412,0.5809553842552204,0.8878403051974006,0.638888636226518,0.48474689082500544,0.7997630615423911,0.5543674236972584,0.7048437672955623,0.5934714794567832,0.9272073525279039,0.5696564206107276,0.9176140926764339,0.8891976007883677,0.9521845829147412,0.8334461960837308
0.5696979833064261,0.9237878444659366,0.6407292063013115,0.5852701334585257,0.8934425282236336,0.6407365284087627,0.48693866275036346,0.8039887564203355,0.5556799447004046,0.7031871577484796,0.5927383460664722,0.9306520857261501,0.5745982906618804,0.9210172850092677,0.8902959179830173,0.951012519174078,0.8406800750330006
0.5662127393121374,0.9181225197727811,0.6351886202060564,0.5832224558705165,0.8875041718158265,0.6392100087799518,0.48492953848545195,0.8037875328547192,0.5531239827469094,0.701879308106046,0.5887061124197617,0.9216957794107102,0.5703624020466067,0.9232860798978237,0.8891976007883677,0.946207057837359,0.832722808188804
0.570395032105284,0.9226547795273055,0.6375631571040229,0.5833687185553742,0.8910895945526156,0.640093783301895,0.48699954530384565,0.8053973213796504,0.5558181048059989,0.7048437672955623,0.5942046128470945,0.9260591081284886,0.5710683834824856,0.9210172850092677,0.8913942351776669,0.9545287103960675,0.835513018640665
0.5717891297029993,0.92718703928183,0.641520718600634,0.5864402349373882,0.8963556841972746,0.6420220186224982,0.4889477870152749,0.8090193455607456,0.557959586442711,0.7065875668188071,0.5956708796277164,0.9318003301255654,0.5731863277901224,0.9244204773421015,0.8935908695669664,0.9533566466554043,0.8406800750330006
0.5683038857087107,0.9215217145886744,0.6367716448047006,0.5832224558705165,0.8905293722499923,0.6396920676101027,0.48687778019688127,0.8064034392077323,0.5550582242252301,0.7044078174147511,0.5927383460664722,0.9272073525279039,0.568809242887673,0.9210172850092677,0.8891976007883677,0.9521845829147412,0.8334461960837308
0.5606363489212757,0.9042991275214817,0.6294897316509366,0.5776644738459196,0.8804453708027731,0.6332646165414255,0.48085040740214685,0.7961410373612958,0.5498081402126456,0.694991299989229,0.5843073120778953,0.9149211374541596,0.5661265134313329,0.9142109003436002,0.8807405583895652,0.9374165797823855,0.8264189993901544
0.562030446518991,0.9101910652023634,0.629331429191072,0.5775913425034908,0.8834705712369387,0.634389420478444,0.4828595316670583,0.7974489905378024,0.5534003029580982,0.7016177381775593,0.589145992453948,0.9208920083311193,0.5672560837287393,0.9164796952321561,0.8880992835937181,0.9455038195929614,0.8295192332255559
0.559939300122418,0.9079249353251011,0.6281441607420888,0.575178008203337,0.8801092374211991,0.6344697636168024,0.4824942363461653,0.7991593908455419,0.5496699801070511,0.697171049393285,0.5881196057075128,0.9219254282905931,0.568103261451794,0.915345297787878,0.8827175293399347,0.9442145494782317,0.830449303376176
0.5634245441167066,0.9113241301409944,0.6320225710087676,0.581101646940078,0.8836946601579881,0.6362373126606886,0.48468600827152325,0.8020771325469798,0.5543674236972584,0.7011817882967482,0.5878263523513885,0.9195141150518211,0.5681738595953819,0.9210172850092677,0.8891976007883677,0.9433941048597675,0.829829256609096
0.5585452025247024,0.9028261431012612,0.6260070775339189,0.5749586141760502,0.8774201703686072,0.63197912632769,0.4812157027230399,0.7962416491441041,0.5487028593678908,0.6944681601322555,0.58262110528018,0.9128542975352119,0.5631613914006414,0.9142109003436002,0.8832666879372594,0.9363617224157887,0.823628788938293
0.5606363489212757,0.9062253379171545,0.6283024632019533,0.5768600290792016,0.8820139932501182,0.6327825577112747,0.4830421793275048,0.7997630615423911,0.5512588213213859,0.697171049393285,0.5852603854852998,0.9144618396943932,0.5658441208569813,0.9187484901207118,0.8870009663990682,0.9383542307749159,0.825488929239534
0.562030446518991,0.9113241301409944,0.6306770000999199,0.5779569992156353,0.8851512381448087,0.6358355969688962,0.4834683572018799,0.802680803243829,0.5539529433804755,0.7037974875816153,0.5895125591491037,0.9206623594512364,0.568103261451794,0.9164796952321561,0.8891976007883677,0.9474963279520885,0.8283824808192419
0.5556873024493857,0.9011265456933146,0.6243449017053423,0.5710095216848893,0.8738347476318181,0.6298098615920114,0.48127658527652195,0.7963422609269122,0.5492554997902681,0.6969094794647983,0.5875330989952638,0.9195141150518211,0.5649969431339266,0.9142109003436002,0.8828273610593996,0.9424564538672371,0.8270390461572347
0.5606363489212757,0.9101910652023634,0.6307561513298521,0.577371948476204,0.8855994159869072,0.6363979989374056,0.48529483380634497,0.8046930388999929,0.5549200641196358,0.7047565773194,0.5927383460664722,0.9272073525279039,0.5696564206107276,0.9221516824535458,0.8924925523723165,0.9521845829147412,0.8319994202938767
0.555269073170071,0.8993136417915047,0.6252947164645289,0.5726915425607542,0.875179281158114,0.6314970674975392,0.4809721725091111,0.7978514376690353,0.5503607806350229,0.6970838594171228,0.584087372060802,0.9153804352139256,0.5678208688774424,0.915345297787878,0.884804332009769,0.9385886435230486,0.8284858219470884
0.5545023194913277,0.8987471093221893,0.623157633256359,0.5713751783970338,0.8755154145396878,0.6300508910070868,0.4797545214394678,0.7995618379767747,0.5516042215853718,0.6990020388926921,0.5842339987388643,0.912280175335504,0.5628084006827018,0.915345297787878,0.8891976007883677,0.9390574690193139,0.8231120832990596
0.550947370617153,0.8926285586535814,0.6186460131502225,0.5662559844270104,0.8671120800003383,0.6257123615357297,0.47725833674669904,0.7898024950443792,0.5448343764112494,0.6907189911572791,0.5817413452118068,0.9087206176973164,0.5583607176366644,0.9038878836006707,0.8750293089773868,0.9347208331788603,0.8170149567561037
0.5502503218182954,0.8943281560615279,0.6186460131502225,0.5659634590572948,0.8695770581318811,0.6249892732905035,0.47585803801660914,0.7903055539584202,0.5465613777311786,0.6949041100130667,0.5810815251605268,0.9069982510981937,0.5589961009289556,0.9055894797670876,0.8782144288418711,0.934252007682595,0.8160848866054832
0.5492047486200087,0.8882096053929202,0.6173004422413749,0.5652321456330058,0.8655434575529933,0.6216952046178064,0.4746403869469659,0.7890982125647218,0.544212655936075,0.6877545319677629,0.5758029647502874,0.8997643113818765,0.5540542308778028,0.8996906130568424,0.8762374578915016,0.9261647678720193,0.8101944423182207
0.588518300875585,0.9532475328703451,0.658933989185722,0.5990188258351599,0.910025108381283,0.6505383912884954,0.49436633427518767,0.8201872534524559,0.5650748318808192,0.7153065644350313,0.6015359467502047,0.9421345297203036,0.5774222164053961,0.9323612594520472,0.9045740415134631,0.967421411543362,0.8468805427038032
0.588518300875585,0.9532475328703451,0.658933989185722,0.5990188258351599,0.910025108381283,0.6505383912884954,0.49436633427518767,0.8201872534524559,0.5650748318808192,0.7153065644350313,0.6015359467502047,0.9421345297203036,0.5774222164053961,0.9323612594520472,0.9045740415134631,0.967421411543362,0.8468805427038032
0.5871242032778694,0.9498483380544519,0.6581424768863998,0.5960935721380037,0.9052071965787226,0.6489315285213262,0.4925398576707227,0.8161627821401278,0.5636932308248759,0.7118189653885416,0.5978702797986496,0.9363933077232269,0.5738923092260014,0.9255548747863797,0.9001807727348644,0.9580449016180569,0.8406800750330006
0.5850330568812964,0.9430499484226653,0.6533934030904668,0.5975561989865817,0.9053192410392474,0.6464408912322138,0.491931032135901,0.8151566643120459,0.5616208292409609,0.7118189653885416,0.5971371464083385,0.9306520857261501,0.5724803463542435,0.9278236696749356,0.9034757243188132,0.9592169653587199,0.8386132524760664
0.585730105680154,0.9464491432385587,0.6557679399884332,0.5975561989865817,0.9048710631971485,0.6484494696911755,0.491931032135901,0.8151566643120459,0.5630024302969042,0.7144346646734088,0.6000696799695826,0.9352450633238113,0.5731863277901224,0.9244204773421015,0.8990824555402148,0.9639052203213727,0.8386132524760664
0.5836389592835808,0.939650753606772,0.6518103784918222,0.5953622587137146,0.9020699516840321,0.644753685326686,0.4908960287267043,0.8151566643120459,0.5616208292409609,0.7100751658652967,0.5949377462374055,0.9260591081284886,0.5703624020466067,0.9266892722306574,0.9001807727348644,0.9545287103960675,0.835513018640665
0.5815478128870076,0.9419168834840341,0.6526018907911444,0.5931683184408475,0.9007254181577361,0.6454767735719121,0.49059161595929335,0.814150546483964,0.5602392281850176,0.7083313663420521,0.5971371464083385,0.9329485745249806,0.5717743649183645,0.9210172850092677,0.8968858211509153,0.9568728378773937,0.8396466637545335
0.5822448616858654,0.9385176886681409,0.6518103784918222,0.5946309452894256,0.9013976849208841,0.6442716264965351,0.49053073340581127,0.8131444286558819,0.5609300287129892,0.7100751658652967,0.5942046128470945,0.9272073525279039,0.5696564206107276,0.9255548747863797,0.901279089929514,0.9557007741367306,0.8334461960837308
0.572486178501857,0.9249209094045677,0.642312230899956,0.5876103364162507,0.8925461725394361,0.6395313813333857,0.4863298372155418,0.80318386215787,0.5563016651755791,0.7038846775577776,0.5909788259297257,0.9230736726900084,0.5689504391748487,0.9210172850092677,0.8902959179830173,0.9474963279520885,0.832619467060957
0.578062568892719,0.9339854289136165,0.6486443292945334,0.5938996318651365,0.8997170180130145,0.6432271656978752,0.49120044149411507,0.8121383108277999,0.5609300287129892,0.7092032661036743,0.5949377462374055,0.9272073525279039,0.5724803463542435,0.9278236696749356,0.8990824555402148,0.9557007741367306,0.836546429919132
0.5745773248984304,0.9305862340977232,0.6438952554986004,0.5879028617859663,0.8957954618946512,0.6435485382513091,0.48803454871304236,0.8083150630810881,0.5588576271290743,0.7083313663420521,0.5942046128470945,0.9272073525279039,0.5703624020466067,0.9198828875649899,0.8968858211509153,0.9557007741367306,0.8344796073621978
0.5766684712950034,0.9317192990363542,0.6454782800972448,0.5909743781679804,0.900165195855113,0.6425040774526489,0.4890695521222392,0.8111321929997177,0.5602392281850176,0.7092032661036743,0.5927383460664722,0.9241070926494823,0.5703624020466067,0.9221516824535458,0.8979841383455649,0.9521845829147412,0.8330328315723438
0.5738802760995726,0.9260539743431987,0.6446867677979224,0.5881953871556819,0.8943388839078306,0.6403348127169703,0.48766925339214945,0.8101260751716358,0.557959586442711,0.7042334374624267,0.589072679114917,0.9207771838911778,0.5676796725902666,0.9221516824535458,0.894689186761616,0.944683374974497,0.8302426211204827
0.5738802760995726,0.928320104220461,0.6431037431992782,0.5878297304435374,0.8951231951315032,0.6401741264402534,0.4890695521222392,0.8100254633888275,0.557061545756348,0.7057156670571847,0.5949377462374055,0.9295038413267345,0.5717743649183645,0.9221516824535458,0.894689186761616,0.9533566466554043,0.836546429919132
0.5745773248984304,0.9294531691590922,0.6431037431992782,0.5875372050738218,0.895907506355176,0.6429861362827998,0.487547488285185,0.8101260751716358,0.5602392281850176,0.7092032661036743,0.5927383460664722,0.9245663904092487,0.5696564206107276,0.9210172850092677,0.8990824555402148,0.9545287103960675,0.8331361727001907
0.5745773248984304,0.9294531691590922,0.6454782800972448,0.5909743781679804,0.8952352395920281,0.641459616653989,0.49065249851277554,0.8121383108277999,0.5588576271290743,0.7065875668188071,0.5909788259297257,0.9234181460098331,0.5696564206107276,0.9278236696749356,0.8968858211509153,0.9521845829147412,0.8322061025495703
0.5773655200938613,0.9328523639749855,0.6478528169952112,0.5909743781679804,0.8989327067893417,0.6441109402198183,0.4911395589406329,0.814150546483964,0.5595484276570459,0.7100751658652967,0.5971371464083385,0.9318003301255654,0.5731863277901224,0.9244204773421015,0.8968858211509153,0.9557007741367306,0.8396466637545335
0.5787596176915767,0.9373846237295097,0.6486443292945334,0.5931683184408475,0.9030783518287541,0.6473246657541569,0.491931032135901,0.8151566643120459,0.5643840313528476,0.7144346646734088,0.5971371464083385,0.9329485745249806,0.5731863277901224,0.9289580671192135,0.9045740415134631,0.9603890290993832,0.836546429919132
0.5794566664904344,0.9373846237295097,0.6494358415938558,0.5931683184408475,0.9020699516840321,0.6469229500623646,0.49314868320554434,0.8161627821401278,0.5623116297689326,0.7118189653885416,0.5993365465792716,0.9375415521226421,0.5753042720977594,0.9289580671192135,0.8990824555402148,0.9615610928400462,0.8427468975899349
0.5690009345075684,0.9203886496500432,0.6383546694033452,0.5844656886918078,0.8878403051974006,0.6358355969688962,0.4848077733784876,0.802680803243829,0.55457466385565,0.6996123687258279,0.588926052436855,0.9238774437695995,0.5681738595953819,0.915345297787878,0.8859026492044186,0.945034994096696,0.8317927380381835
0.570395032105284,0.9203886496500432,0.6399376940019894,0.5863671035949592,0.8925461725394361,0.6390493225032349,0.48596454189464877,0.8078120041670471,0.5557490247532019,0.7029255878199929,0.5898791258442593,0.9238774437695995,0.5688798410312608,0.9232860798978237,0.894689186761616,0.9474963279520885,0.8334461960837308
0.564818641714422,0.9135902600182566,0.6359801325053784,0.5804434648582181,0.8830223933948402,0.6321398126044069,0.48115482016955763,0.7987569437143092,0.5522259420605463,0.6976069992740962,0.5853336988243308,0.918251046212464,0.5661971115749208,0.9108077080107663,0.8828273610593996,0.9369477542861203,0.8274524106686214
0.5690009345075684,0.91698945483415,0.6383546694033452,0.5836612439250899,0.8878403051974006,0.6375228028744241,0.48699954530384565,0.8037875328547192,0.554160183538867,0.7023152579868572,0.5876797256733262,0.9188251684121719,0.5696564206107276,0.9221516824535458,0.8891976007883677,0.9440973431041655,0.8301392799926361
0.5933976424675891,0.9555136627476074,0.6613085260836886,0.6085259003509175,0.9223499990389954,0.6561624109735881,0.49497515981000934,0.8201872534524559,0.5657656324087909,0.7161784641966537,0.6044684803114487,0.9467275073179648,0.579540160713033,0.9300924645634913,0.9023774071241636,0.967421411543362,0.8479139539822705
0.5947917400653047,0.9577797926248697,0.6628915506823329,0.6092572137752066,0.9245908882494889,0.6577692737407574,0.49619281087965267,0.8211933712805378,0.5678380339927059,0.7187941634815209,0.6044684803114487,0.9478757517173805,0.5802461421489119,0.9300924645634913,0.9056723587081127,0.967421411543362,0.8499807765392047
0.5899123984733005,0.9532475328703451,0.6581424768863998,0.6041380198051832,0.9167477760127625,0.6529486854392496,0.49314868320554434,0.8131444286558819,0.5630024302969042,0.7153065644350313,0.6030022135308268,0.943282774119719,0.5767162349695172,0.9221516824535458,0.8957875039562657,0.966249347802699,0.8448137201468691
0.591306496071016,0.9543805978089762,0.6581424768863998,0.6041380198051832,0.918988665223256,0.6553589795900034,0.4925398576707227,0.814150546483964,0.5630024302969042,0.7161784641966537,0.6044684803114487,0.9444310185191342,0.5774222164053961,0.9244204773421015,0.8990824555402148,0.967421411543362,0.8458471314253362
0.5899123984733005,0.950981402993083,0.658933989185722,0.6041380198051832,0.9167477760127625,0.6529486854392496,0.49375750874036606,0.8151566643120459,0.5636932308248759,0.7144346646734088,0.6008028133598936,0.9409862853208881,0.579540160713033,0.9278236696749356,0.9001807727348644,0.9639052203213727,0.8468805427038032
0.5906094472721581,0.9532475328703451,0.6597255014850442,0.6056006466537613,0.921229554433749,0.6553589795900034,0.49375750874036606,0.8161627821401278,0.5657656324087909,0.7161784641966537,0.6022690801405158,0.943282774119719,0.5781281978412751,0.9244204773421015,0.9001807727348644,0.9650772840620356,0.8479139539822705
0.591306496071016,0.9566467276862385,0.6613085260836886,0.6048693332294722,0.921229554433749,0.6561624109735881,0.495583985344831,0.8171688999682098,0.5643840313528476,0.7144346646734088,0.605934747092071,0.9455792629185497,0.579540160713033,0.9266892722306574,0.8968858211509153,0.966249347802699,0.8499807765392047
0.5927005936687314,0.9555136627476074,0.6605170137843662,0.6063319600780503,0.9223499990389954,0.6569658423571728,0.49497515981000934,0.819181135624374,0.5664564329367625,0.7161784641966537,0.6037353469211377,0.943282774119719,0.5781281978412751,0.9278236696749356,0.9045740415134631,0.966249347802699,0.8468805427038032
0.5927005936687314,0.9555136627476074,0.658933989185722,0.6077945869266285,0.9223499990389954,0.6577692737407574,0.495583985344831,0.8171688999682098,0.5650748318808192,0.7161784641966537,0.6044684803114487,0.9455792629185497,0.579540160713033,0.9278236696749356,0.9001807727348644,0.9697655390246883,0.8479139539822705
0.580153715289292,0.939650753606772,0.6478528169952112,0.5946309452894256,0.9019579072235075,0.6427451068677243,0.4853557163598271,0.8013728500673223,0.5526404223773294,0.7011817882967482,0.5927383460664722,0.9260591081284886,0.5679620651646181,0.9079717144000714,0.8813995487063551,0.9463242642114253,0.8329294904444972
0.5850330568812964,0.9441830133612964,0.6510188661925,0.599750139259449,0.9122659975917761,0.6485298128295338,0.48833896148045325,0.8066046627733489,0.5581668266011026,0.7074594665804295,0.5956708796277164,0.9306520857261501,0.5703624020466067,0.9130765028993221,0.8902959179830173,0.9557007741367306,0.836546429919132
0.585730105680154,0.9441830133612964,0.6518103784918222,0.600481452683738,0.9122659975917761,0.6479674108610246,0.4890086695687571,0.8077113923842391,0.5580977465483055,0.7074594665804295,0.5971371464083385,0.9329485745249806,0.5724803463542435,0.915345297787878,0.8880992835937181,0.9580449016180569,0.8386132524760664
0.5850330568812964,0.9453160782999275,0.6533934030904668,0.599750139259449,0.9111455529865295,0.6485298128295338,0.48992190787098955,0.80821445129828,0.5581668266011026,0.7074594665804295,0.5964040130180275,0.9340968189243959,0.5738923092260014,0.9198828875649899,0.8891976007883677,0.9533566466554043,0.8417134863114677
0.5850330568812964,0.9419168834840341,0.6518103784918222,0.6019440795323161,0.9133864421970229,0.6477263814459492,0.48913043467572137,0.80821445129828,0.5581668266011026,0.7074594665804295,0.5964040130180275,0.9340968189243959,0.5724803463542435,0.9164796952321561,0.8902959179830173,0.9545287103960675,0.8375798411975994
0.5843360080824387,0.9441830133612964,0.6526018907911444,0.600481452683738,0.9111455529865295,0.6483691265528169,0.4894957299966144,0.8094217926919784,0.5588576271290743,0.7083313663420521,0.5964040130180275,0.9352450633238113,0.5738923092260014,0.9187484901207118,0.8870009663990682,0.9557007741367306,0.8396466637545335
0.5794566664904344,0.9362515587908787,0.6470613046958892,0.5953622587137146,0.9029663073682296,0.6421023617608567,0.4858427767876844,0.8011716265017059,0.5529858226413151,0.6999611286304767,0.5909788259297257,0.9238774437695995,0.5675384763030908,0.908652352866638,0.8797520729143804,0.9474963279520885,0.8318960791660301
0.5794566664904344,0.9351184938522477,0.646269792396567,0.5960935721380037,0.9045349298155746,0.6428254500060828,0.4857210116807201,0.8015740736329388,0.5542292635916641,0.7006586484397747,0.5907588859126326,0.9249108637290733,0.5678914670210303,0.9100136297997716,0.8804110632311702,0.9463242642114253,0.8324127848052638
0.5773655200938613,0.9328523639749855,0.6438952554986004,0.5931683184408475,0.8991567957103911,0.6400134401635366,0.4828595316670583,0.7975496023206107,0.5507752609518058,0.6962991496316625,0.5900257525223214,0.9253701614888393,0.5652087375646903,0.9054760400226599,0.8762374578915016,0.9440973431041655,0.829829256609096
0.5787596176915767,0.9339854289136165,0.6454782800972448,0.5931683184408475,0.9011735959998349,0.6415399597923473,0.48468600827152325,0.8005679558048567,0.551673301638169,0.6990892288688543,0.591052139268757,0.9245663904092487,0.5670442892979756,0.9080851541444991,0.8774456068056165,0.944683374974497,0.8310693501432562
0.5787596176915767,0.9339854289136165,0.6454782800972448,0.5931683184408475,0.9020699516840321,0.6404954989936873,0.48444247805759466,0.7999642851080074,0.5517423816909661,0.6983917090595564,0.589145992453948,0.9231884971299502,0.5670442892979756,0.9061566784892267,0.8770062799277564,0.9438629303560329,0.8310693501432562
0.5759714224961457,0.92718703928183,0.641520718600634,0.5917056915922694,0.900501329236687,0.6417809892074228,0.4834683572018799,0.7995618379767747,0.553331222905301,0.700745838415937,0.590319005878446,0.924221917089424,0.567397280015915,0.9087657926110659,0.8826076976204698,0.9474963279520885,0.8290025275863222
0.5731832273007148,0.92718703928183,0.6407292063013115,0.5902430647436913,0.8990447512498665,0.638888636226518,0.4832857095414335,0.7973483787549943,0.550015380371037,0.6973454293456095,0.5894392458100727,0.9238774437695995,0.5680326633082061,0.9119421054550442,0.8837060148151195,0.9433941048597675,0.8312760323989499
0.5759714224961457,0.92718703928183,0.642312230899956,0.5917056915922694,0.8987086178682925,0.6406561852704042,0.48462512571804117,0.7989581672799255,0.5502917005822257,0.6980429491549074,0.589732499166197,0.9221550771704763,0.5657735227133934,0.9068373169557934,0.8821683707426098,0.9440973431041655,0.8292092098420156
0.572486178501857,0.928320104220461,0.6399376940019894,0.5893654886345444,0.8952352395920281,0.6388082930881596,0.4828595316670583,0.7978514376690353,0.5502917005822257,0.6977813792264207,0.589145992453948,0.9216957794107102,0.5665501022928603,0.9038878836006707,0.8793127460365207,0.9438629303560329,0.8259022937509207
0.5690009345075684,0.91698945483415,0.6351886202060564,0.5848313454039523,0.890641416710517,0.6327825577112747,0.478719518030271,0.7883939300850643,0.5458014971504098,0.6913293209904149,0.5830609853143666,0.9140025419346272,0.5607610545186529,0.8940186258354527,0.8673410886148394,0.9333143566900645,0.8199085083358116
0.5690009345075684,0.91698945483415,0.6351886202060564,0.5855626588282413,0.8895209721052701,0.6330235871263501,0.4782933401558958,0.7915128953521187,0.5461468974143957,0.6923756007043617,0.5843073120778953,0.9143470152544517,0.5607610545186529,0.896627739957292,0.8685492375289541,0.9335487694381971,0.8211486018699722
0.5710920809041417,0.9203886496500432,0.6359801325053784,0.5874640737313929,0.8927702614604855,0.6352731950003871,0.47987628654643216,0.7937263545738991,0.5489100995262823,0.6942065902037687,0.5855536388414242,0.9168731529331655,0.5599138767955981,0.8991234143347034,0.8743703186605973,0.9382370244008497,0.8226987187876726
0.5669097881109953,0.9147233249568877,0.6351886202060564,0.58497760808881,0.8890727942631717,0.6336663322332178,0.4792674610116105,0.7942294134879401,0.5493936598958625,0.6953400598938779,0.5866533389268908,0.9189399928521133,0.5623848118211744,0.9025266066675373,0.8816192121452852,0.9388230562711812,0.8237321300661399
0.5669097881109953,0.9147233249568877,0.6351886202060564,0.58497760808881,0.8890727942631717,0.6336663322332178,0.4792674610116105,0.7942294134879401,0.5493936598958625,0.6953400598938779,0.5866533389268908,0.9189399928521133,0.5623848118211744,0.9025266066675373,0.8816192121452852,0.9388230562711812,0.8237321300661399
0.5690009345075684,0.9181225197727811,0.6351886202060564,0.5868058916495327,0.891649816855239,0.6364783420757639,0.480180699313843,0.7955373666644466,0.5503607806350229,0.6979557591787452,0.589072679114917,0.9196289394917625,0.5645733542723992,0.9028669259008205,0.8770062799277564,0.9417532156228391,0.8272457284129282
0.5690009345075684,0.91698945483415,0.6359801325053784,0.5883416498405398,0.8933304837631086,0.6350321655853117,0.4812157027230399,0.7966440962753368,0.552087781954952,0.6990892288688543,0.5892926191320104,0.9223847260503595,0.5643615598416355,0.9024131669231094,0.8784340922808008,0.9436285176079001,0.8270390461572347
0.5696979833064261,0.91698945483415,0.6359801325053784,0.5884879125253976,0.8946750172894047,0.6367193714908393,0.48042422952777164,0.7967447080581451,0.5509134210574002,0.6979557591787452,0.5895125591491037,0.9213513060908857,0.5649969431339266,0.9028669259008205,0.8774456068056165,0.9435113112338339,0.8283824808192419
0.5641215929155643,0.9124571950796256,0.6308353025597843,0.5818329603643673,0.8861596382895307,0.6320594694660484,0.47725833674669904,0.788192706519448,0.5465613777311786,0.6942065902037687,0.5880462923684817,0.9212364816509439,0.5643615598416355,0.8948127040464471,0.8773357750861512,0.9414015965006401,0.8207352373585851
0.5710920809041417,0.9215217145886744,0.6383546694033452,0.5877565991011086,0.8937786616052075,0.6378441754278579,0.48176364570437935,0.7966440962753368,0.5511897412685888,0.7015305482013972,0.591125452607788,0.9260591081284886,0.566055915287745,0.9034341246229595,0.8805208949506352,0.9474963279520885,0.8303459622483295
0.5669097881109953,0.9158563898955189,0.6351886202060564,0.5849044767463812,0.8903052833289431,0.6349518224469531,0.4801198167603608,0.7940281899223237,0.5491864197374711,0.697171049393285,0.5880462923684817,0.9200882372515286,0.566055915287745,0.9058163592559432,0.8830470244983296,0.9431596921116349,0.8296225743534025
0.5752743736972881,0.928320104220461,0.6438952554986004,0.5931683184408475,0.902854262907705,0.6454767735719121,0.48803454871304236,0.8048942624656094,0.5573378659675365,0.7083313663420521,0.6000696799695826,0.9363933077232269,0.5724803463542435,0.9142109003436002,0.8891976007883677,0.9568728378773937,0.8386132524760664
0.5731832273007148,0.9249209094045677,0.6407292063013115,0.5924370050165585,0.9016217738419336,0.6420220186224982,0.48517306869938054,0.8037875328547192,0.5564398252811734,0.7074594665804295,0.5964040130180275,0.9329485745249806,0.5703624020466067,0.9130765028993221,0.8870009663990682,0.9545287103960675,0.8375798411975994
0.5710920809041417,0.9226547795273055,0.6399376940019894,0.5902430647436913,0.8982604400261937,0.6419416754841397,0.4845033606110768,0.8016746854157469,0.5549200641196358,0.7036231076292908,0.5934714794567832,0.9272073525279039,0.568809242887673,0.9119421054550442,0.8837060148151195,0.9498404554334148,0.8344796073621978
0.559939300122418,0.9053188859662495,0.6281441607420888,0.5796390200915001,0.8822380821711676,0.6318184400509731,0.4778062797280385,0.7900037186099955,0.546699537836773,0.6942065902037687,0.5873864723172018,0.9190548172920546,0.5650675412775145,0.9051357207893765,0.8765669530498965,0.940581151882176,0.8274524106686214
0.5606363489212757,0.9061120314232914,0.6286982193516144,0.579712151433929,0.8838067046185126,0.6314167243591807,0.47762363206759206,0.7894000479131464,0.5484265391567023,0.6947297300607422,0.5860668322146418,0.9159545574136335,0.5618200266724712,0.8979890168904253,0.8771161116472215,0.9368305479120539,0.8230087421712128
0.5571511049269869,0.8981805768528737,0.6236325406359523,0.5765675037094862,0.8777563037501812,0.6257123615357297,0.4737880311982156,0.7833633409446543,0.5440054157776836,0.6904574212287924,0.5802017650921535,0.9166435040532828,0.5625966062519381,0.8910691924803299,0.8737113283438075,0.9378854052786507,0.8153614987105563
0.5566631707677866,0.8996535612730941,0.623474238176088,0.5751048768609079,0.8767479036054593,0.6276405968563328,0.47330097077035826,0.7832627291618461,0.5439363357248864,0.6902830412764679,0.5801284517531224,0.9171028018130487,0.5563839696162033,0.890388554013763,0.874919477257922,0.9376509925305182,0.815774863221943
0.5565237610080149,0.8993136417915047,0.6226035746468335,0.575031745518479,0.8760756368423113,0.6258730478124466,0.47281391034250086,0.7820553877681476,0.5428310548801317,0.6888008116817098,0.5808615851434334,0.9094095643369656,0.5560309788982639,0.8883466386140629,0.8608610171664063,0.9293293399718098,0.8150514753270162
0.5548508438907563,0.8988604158160524,0.6230784820264269,0.5734228559850432,0.8766358591449347,0.6253909889822958,0.47214420225419707,0.7816529406369149,0.5408968134018111,0.6866210622776537,0.580568331787309,0.9063093044585444,0.554619016026506,0.8857375244922235,0.8616298392026609,0.9254615296276213,0.8139147229207022
0.5563146463683577,0.8980672703590106,0.6228410283366301,0.5748854828336213,0.8758515479212617,0.6257927046740881,0.47330097077035826,0.7834639527274624,0.5435909354609005,0.6894983314910077,0.5806416451263401,0.9073427244180182,0.5553955956059728,0.8867584821920738,0.8638264735919604,0.9289777208496108,0.8149481341991692
0.5090547378058033,0.8211321610259589,0.568859889522857,0.525083038639537,0.7991010924618702,0.5704362823451053,0.4298308275840918,0.7138405990241874,0.49551121871407294,0.6276806383919784,0.5294689344826299,0.8286879830580658,0.5071770635354402,0.8096194559811731,0.7874934285638088,0.8457611952625274,0.7442628027520186
0.5541537950918987,0.8962543664572008,0.6203081889787992,0.5730571992728987,0.8741708810133921,0.6262747635042389,0.4735445009842869,0.7833633409446543,0.5436600155136978,0.6911549410380904,0.5869465922830152,0.918251046212464,0.5632319895442293,0.9011653297344037,0.8738211600632724,0.9396435008896455,0.8244555179610669
0.555547892689614,0.8946680755431173,0.6219703648073759,0.5747392201487636,0.8746190588554907,0.6257927046740881,0.4737271486447334,0.7847719059039692,0.5440054157776836,0.6920268407997128,0.5870932189610774,0.9183658706524054,0.5628084006827018,0.9019594079453983,0.8752489724163168,0.9406983582562422,0.8248688824724536
0.5524808779746401,0.8937616235922125,0.6185668619202904,0.5718139664516072,0.8719299918028988,0.6238644693534849,0.4712309639519646,0.7801437638947918,0.5424165745633487,0.6874929620392762,0.5793220050237804,0.9068834266582518,0.5548308104572697,0.8860778437255069,0.861849502641591,0.9286261017274118,0.8129846527700817
0.5514353047763536,0.8901358157885929,0.6169838373216459,0.5694006321514534,0.8682325246055852,0.6206507438191463,0.4708656686310716,0.7785339753698606,0.539169812081882,0.6839181730166243,0.5775624848870339,0.903897991219772,0.5523598754316933,0.8835821693480954,0.8554792629126232,0.9242894658869583,0.8094710544232938
0.546068029025149,0.8808446832918179,0.6127888221352383,0.5655978023451503,0.8619580348162043,0.6196866261588447,0.468065071170892,0.7766223514965048,0.5377882110259385,0.6836566030881375,0.5788821249895938,0.9059648311387197,0.556595764046967,0.8869853616809292,0.8571267387045973,0.9265163869942182,0.8149481341991692
0.5752743736972881,0.9305862340977232,0.6438952554986004,0.5931683184408475,0.902854262907705,0.6417809892074228,0.4840163001832194,0.7978514376690353,0.5519496218493576,0.7012689782729105,0.5934714794567832,0.9306520857261501,0.5689504391748487,0.908652352866638,0.8782144288418711,0.9498404554334148,0.8344796073621978
0.5759714224961457,0.92718703928183,0.6407292063013115,0.5931683184408475,0.900837462618261,0.6403348127169703,0.48340747464839784,0.7974489905378024,0.5521568620077492,0.7011817882967482,0.5942046128470945,0.9306520857261501,0.5703624020466067,0.9092195515887772,0.8793127460365207,0.9521845829147412,0.836546429919132
0.578062568892719,0.9339854289136165,0.6454782800972448,0.5960935721380037,0.9053192410392474,0.644592999049969,0.48566012912723794,0.8017752971985552,0.5552654643836216,0.7057156670571847,0.5956708796277164,0.9352450633238113,0.5710683834824856,0.9104673887774829,0.8819487073036799,0.9533566466554043,0.8375798411975994
0.5822448616858654,0.939650753606772,0.6486443292945334,0.599750139259449,0.9122659975917761,0.6482887834144584,0.4885824916943819,0.8081138395154718,0.5588576271290743,0.7065875668188071,0.5993365465792716,0.9409862853208881,0.5738923092260014,0.9164796952321561,0.8870009663990682,0.9580449016180569,0.8427468975899349
0.578062568892719,0.9305862340977232,0.6438952554986004,0.5960935721380037,0.9066637745655431,0.6428254500060828,0.48468600827152325,0.8018759089813634,0.55457466385565,0.7045821973670755,0.5949377462374055,0.9329485745249806,0.5710683834824856,0.9087657926110659,0.884804332009769,0.9545287103960675,0.835513018640665
0.5759714224961457,0.9294531691590922,0.642312230899956,0.5946309452894256,0.9049831076576734,0.6411382441005551,0.48468600827152325,0.8015740736329388,0.5539529433804755,0.7020536880583705,0.5949377462374055,0.9306520857261501,0.5696564206107276,0.9112614669884774,0.8803012315117055,0.951012519174078,0.835513018640665
0.5683038857087107,0.9147233249568877,0.6331306882278187,0.5868058916495327,0.890641416710517,0.6351125087236702,0.4788412831372354,0.7915128953521187,0.5473903383647447,0.6937706403229575,0.5862134588927042,0.9185955195322887,0.563443783974993,0.9070641964446489,0.8778849336834762,0.9388230562711812,0.8264189993901544
0.5662127393121374,0.9147233249568877,0.630043790260462,0.5869521543343906,0.8946750172894047,0.6359962832456133,0.4801198167603608,0.7930220720942416,0.5493245798430653,0.6976941892502585,0.5893659324710414,0.9220402527305349,0.565491130139042,0.9119421054550442,0.8837060148151195,0.9440973431041655,0.8278657751800081
0.5696979833064261,0.9192555847114122,0.6351886202060564,0.5875372050738218,0.8943388839078306,0.6372014303209902,0.48133746783000414,0.7940281899223237,0.5509134210574002,0.6991764188450165,0.5920052126761612,0.9272073525279039,0.5678914670210303,0.9044550823228097,0.8784340922808008,0.94585543871516,0.8317927380381835
0.567606836909853,0.9158563898955189,0.6326557808482254,0.5856357901706702,0.8912016390131401,0.6343090773400855,0.47914569590464623,0.7931226838770499,0.5498081402126456,0.6968222894886361,0.589145992453948,0.9234181460098331,0.5657029245698056,0.9074045156779323,0.8798619046338457,0.9414015965006401,0.8262123171344609
0.5669097881109953,0.9158563898955189,0.6359801325053784,0.5868790229919617,0.8907534611710416,0.6365586852141225,0.48109393761607544,0.795235531316022,0.5511897412685888,0.6983917090595564,0.589145992453948,0.9239922682095408,0.566055915287745,0.9069507567002213,0.8793127460365207,0.9435113112338339,0.8309660090154097
0.5634245441167066,0.9101910652023634,0.6298063365706653,0.5825642737886563,0.8888487053421226,0.6331842734030669,0.4779280448350029,0.7892994361303383,0.5473903383647447,0.6956016298223646,0.5869465922830152,0.9197437639317039,0.566055915287745,0.9060432387447989,0.8809602218284953,0.9404639455081096,0.8291058687141687
0.5613333977201334,0.9071317898680594,0.6260070775339189,0.5814673036522227,0.8891848387236966,0.6337466753715763,0.47914569590464623,0.789701883261571,0.5491864197374711,0.7003970785112879,0.5912720792858502,0.9260591081284886,0.5689504391748487,0.9105808285219106,0.8784340922808008,0.9463242642114253,0.8334461960837308
0.5585452025247024,0.9003334002362728,0.6240282967856136,0.5793464947217845,0.8825742155527415,0.6299705478687284,0.47561450780268055,0.7877902593882152,0.5456633370448155,0.6925499806566863,0.5882662323855751,0.9200882372515286,0.5642909616980476,0.9035475643673874,0.8765669530498965,0.9444489622263644,0.8271423872850813
0.5578481537258447,0.8998801742608203,0.623157633256359,0.5797852827763579,0.8817899043290688,0.6281226556864836,0.4751883299283054,0.7889976007819136,0.5460087373088013,0.692811550585173,0.5837941187046776,0.9145766641343349,0.559349091646895,0.9029803656452483,0.8755784675747118,0.936478928789855,0.8206318962307385
0.5532476316533836,0.8938749300860755,0.6208622475883246,0.5739347753820455,0.8739467920923427,0.6242661850452773,0.4718397894867863,0.7794394814151345,0.540482333085028,0.6858363524921935,0.5801284517531224,0.909868862096732,0.5568075584777307,0.8901616745249076,0.8630576515557058,0.9300325782162076,0.8158782043497896
0.5578481537258447,0.8989737223099155,0.622761877106698,0.5798584141187868,0.8813417264869702,0.6289260870700683,0.4766495112118774,0.7894000479131464,0.5475975785231362,0.6929859305374975,0.5834275520095222,0.9127394730952705,0.5602668675135376,0.9043416425783819,0.8755784675747118,0.9356584841713907,0.8201151905915048
0.5538749755723557,0.8956878339878852,0.621337154967918,0.5737885126971877,0.8748431477765402,0.6257927046740881,0.47250949757509003,0.7838663998586953,0.5436600155136978,0.6901958513003056,0.5872398456391394,0.9195141150518211,0.5642909616980476,0.9025266066675373,0.8651444542255401,0.9385886435230486,0.8266256816458478
0.551923238935554,0.8926285586535814,0.6199124328291381,0.5723258858486097,0.8728263474870962,0.6242661850452773,0.4731792056633939,0.7844700705555445,0.5439363357248864,0.6900214713479812,0.584087372060802,0.9191696417319964,0.5641497654108718,0.8924304694134635,0.8675607520537694,0.9333143566900645,0.8267290227736945
0.5533870414131551,0.8960277534694746,0.6214163061978502,0.5717408351091783,0.8758515479212617,0.6269978517494651,0.47433597417955503,0.7867841415601332,0.5464232176255843,0.6987404689642053,0.589732499166197,0.9260591081284886,0.5645733542723992,0.9041147630895264,0.8770062799277564,0.9412843901265737,0.8306559856318696
0.5541537950918987,0.8948946885308434,0.6204664914386635,0.5745198261214768,0.8810055931053963,0.6285243713782759,0.4740924439656264,0.7850737412523938,0.5525713423245322,0.702228068010695,0.5912720792858502,0.9260591081284886,0.5684562521697335,0.9077448349112157,0.8809602218284953,0.9444489622263644,0.8334461960837308
0.5554084829298427,0.8977273508774212,0.621337154967918,0.5744466947790478,0.8812296820264456,0.6296491753152944,0.47555362524919836,0.7873878122569823,0.5527095024301264,0.7024896379391817,0.5912720792858502,0.9260591081284886,0.5689504391748487,0.9110345874996219,0.8804110632311702,0.9463242642114253,0.8334461960837308
0.554362909731556,0.8955745274940221,0.6195958279094093,0.5741541694093323,0.8793249261975263,0.6288457439317099,0.4746403869469659,0.7860798590804757,0.5472521782591504,0.6993507987973411,0.5912720792858502,0.9260591081284886,0.5665501022928603,0.9021862874342538,0.8800815680727754,0.9463242642114253,0.832722808188804
0.552202058455097,0.8924019456658551,0.6192792229896804,0.5726915425607542,0.8770840369870332,0.6263551066425974,0.47287479289598305,0.7850737412523938,0.5455251769392212,0.6983045190833942,0.5912720792858502,0.9260591081284886,0.5677502707338545,0.9072910759335046,0.8793127460365207,0.9463242642114253,0.8317927380381835
0.5471833071033213,0.8857168625279317,0.6131054270549673,0.5683036620150198,0.8700252359739797,0.6226593222781079,0.4698306652218748,0.7796407049807508,0.5417948540881742,0.6885392417532231,0.5866533389268908,0.9193992906118793,0.5560309788982639,0.8882331988696349,0.8633871467141007,0.9306186100865391,0.8253855881116873
0.5467650778240066,0.8831108131690801,0.612313914755645,0.5676454799331597,0.8706975027371276,0.6213738320643725,0.4695871350079462,0.7791376460667099,0.5416566939825799,0.6887136217055476,0.5862134588927042,0.9181362217725226,0.5558897826110881,0.8846031270479456,0.8623986612389161,0.9281572762311466,0.8145347696877825
0.5492744534998946,0.8860567820095209,0.614530149193747,0.5686693187271644,0.8701372804345042,0.6227396654164664,0.4709265511845538,0.7825584466821888,0.5422093344049572,0.6893239515386832,0.5876797256733262,0.9203178861314117,0.5578665306315492,0.8898213552916241,0.862178997799986,0.9392918817674466,0.820838578486432
0.5473924217429786,0.8862833949972472,0.614450997963815,0.5686693187271644,0.8699131915134549,0.6220969203095987,0.4713527290589289,0.7807474345916411,0.5423474945105515,0.6915908909189016,0.5886327990807304,0.9205475350112947,0.5568075584777307,0.8891407168250574,0.8642658004698203,0.9438629303560329,0.8256956114952274
0.5472530119832071,0.8831108131690801,0.6127096709053061,0.566621641139155,0.8686807024476838,0.6195259398821278,0.46922183968705317,0.778232140021436,0.540067852768245,0.6865338723014917,0.5802750784311848,0.9172176262529901,0.556595764046967,0.8864181629587903,0.8596528682522918,0.9381198180267832,0.8245588590889135
0.5442557021481189,0.8786918599084188,0.6112849487665262,0.5661097217421527,0.8656555020135179,0.619043881051977,0.4691000745800888,0.7778296928902033,0.5402750929266366,0.6857491625160314,0.5799085117360291,0.9185955195322887,0.5550426048880334,0.8841493680702344,0.8597626999717567,0.9281572762311466,0.8149481341991692
0.572486178501857,0.9351184938522477,0.6446867677979224,0.5946309452894256,0.9066637745655431,0.6437895676663845,0.4840163001832194,0.7985557201486926,0.5523641021661406,0.7026640178915062,0.5949377462374055,0.9318003301255654,0.5696564206107276,0.9083120336333548,0.8795324094754507,0.9521845829147412,0.835513018640665
0.5745773248984304,0.92718703928183,0.6391461817026672,0.5902430647436913,0.901733818302458,0.6416203029307058,0.4826160014531296,0.7995618379767747,0.55457466385565,0.7038846775577776,0.5956708796277164,0.9340968189243959,0.5710683834824856,0.9093329913332048,0.8833765196567245,0.9533566466554043,0.8375798411975994
0.580153715289292,0.9385176886681409,0.646269792396567,0.5968248855622927,0.910025108381283,0.6478067245843077,0.4883998440339354,0.8069064981217734,0.5580286664955083,0.7083313663420521,0.6008028133598936,0.9398380409214727,0.5753042720977594,0.9176140926764339,0.8870009663990682,0.9592169653587199,0.8427468975899349
0.5787596176915767,0.9362515587908787,0.6454782800972448,0.5953622587137146,0.9089046637760365,0.6478067245843077,0.48748660573170294,0.8034856975062945,0.5588576271290743,0.7074594665804295,0.5986034131889606,0.9375415521226421,0.5753042720977594,0.9164796952321561,0.8880992835937181,0.9580449016180569,0.8427468975899349
0.572486178501857,0.9249209094045677,0.6375631571040229,0.588926700579971,0.8972520398814721,0.6397724107484611,0.48176364570437935,0.7958392020128712,0.5518805417965605,0.6998739386543146,0.5927383460664722,0.9283555969273191,0.5688798410312608,0.9063835579780823,0.8803012315117055,0.9474963279520885,0.8344796073621978
0.5717891297029993,0.9237878444659366,0.6383546694033452,0.5881953871556819,0.8972520398814721,0.6384065773963672,0.4815809980439329,0.7944306370535564,0.5504989407406171,0.6985660890118809,0.5927383460664722,0.9283555969273191,0.5685974484569093,0.9046819618116653,0.8760177944525716,0.94585543871516,0.8322061025495703
0.5669097881109953,0.9181225197727811,0.6340013517570731,0.5832955872129453,0.8904173277894677,0.6351125087236702,0.4797545214394678,0.790708001089653,0.548357459103905,0.6960375797031758,0.5893659324710414,0.922499550490301,0.565491130139042,0.9070641964446489,0.8809602218284953,0.9463242642114253,0.8267290227736945
0.5669097881109953,0.9181225197727811,0.6340013517570731,0.5832955872129453,0.8904173277894677,0.6351125087236702,0.4797545214394678,0.790708001089653,0.548357459103905,0.6960375797031758,0.5893659324710414,0.922499550490301,0.565491130139042,0.9070641964446489,0.8809602218284953,0.9463242642114253,0.8267290227736945
0.5669097881109953,0.9181225197727811,0.6340013517570731,0.5832955872129453,0.8904173277894677,0.6351125087236702,0.4797545214394678,0.790708001089653,0.548357459103905,0.6960375797031758,0.5893659324710414,0.922499550490301,0.565491130139042,0.9070641964446489,0.8809602218284953,0.9463242642114253,0.8267290227736945
0.5669097881109953,0.9181225197727811,0.6340013517570731,0.5832955872129453,0.8904173277894677,0.6351125087236702,0.4797545214394678,0.790708001089653,0.548357459103905,0.6960375797031758,0.5893659324710414,0.922499550490301,0.565491130139042,0.9070641964446489,0.8809602218284953,0.9463242642114253,0.8267290227736945
0.567606836909853,0.9181225197727811,0.6335264443774796,0.5838806379523767,0.8947870617499295,0.6355945675538208,0.48060687718821815,0.7946318606191728,0.5498081402126456,0.7013561682490725,0.5912720792858502,0.9258294592486054,0.5685974484569093,0.9119421054550442,0.8837060148151195,0.9463242642114253,0.8334461960837308
0.5669097881109953,0.9158563898955189,0.632576629618293,0.5846850827190945,0.8947870617499295,0.6372817734593487,0.48036334697428956,0.7951349195332139,0.5499463003182399,0.6995251787496655,0.5920052126761612,0.9253701614888393,0.5682444577389698,0.9113749067329053,0.8837060148151195,0.9463242642114253,0.832722808188804
0.5655156905132798,0.9147233249568877,0.6319434197788354,0.5821254857340828,0.8892968831842212,0.6350321655853117,0.47914569590464623,0.7922171778317759,0.5485646992622965,0.697519809297934,0.589732499166197,0.9216957794107102,0.5666912985800362,0.9067238772113657,0.8809602218284953,0.9463242642114253,0.8300359388647892
0.5655156905132798,0.9135902600182566,0.6309144537897166,0.5821986170765117,0.8923220836183867,0.6363979989374056,0.4792674610116105,0.7914122835693104,0.5495318200014568,0.6988276589403676,0.5889993657758861,0.9221550771704763,0.5647851487031629,0.9066104374669378,0.8812897169868902,0.9448005813485634,0.8278657751800081
0.5627274953178487,0.9113241301409944,0.6289356730414111,0.5801509394885024,0.8879523496579251,0.6338270185099346,0.47865863547678883,0.791211060003694,0.547942978787122,0.6946425400845799,0.5881929190465438,0.9212364816509439,0.566055915287745,0.9059297990003711,0.8806307266701003,0.9459726450892264,0.8296225743534025
0.5627274953178487,0.9113241301409944,0.6306770000999199,0.5826374051310852,0.8890727942631717,0.6345501067551609,0.4793283435650927,0.7940281899223237,0.5500844604238342,0.6991764188450165,0.5902456925394147,0.9251405126089561,0.5677502707338545,0.9096733105664883,0.8837060148151195,0.9463242642114253,0.8319994202938767
0.5669097881109953,0.9158563898955189,0.6340805029870051,0.5849044767463812,0.8950111506709786,0.6413792735156304,0.48419894784366596,0.8003667322392404,0.5558181048059989,0.7031871577484796,0.5942046128470945,0.9295038413267345,0.5689504391748487,0.9119421054550442,0.8837060148151195,0.951012519174078,0.8333428549558839
0.5683038857087107,0.9181225197727811,0.6359801325053784,0.5877565991011086,0.8983724844867186,0.6423433911759321,0.4843207129506302,0.8020771325469798,0.5568543055979565,0.7074594665804295,0.5971371464083385,0.9340968189243959,0.5724803463542435,0.9130765028993221,0.8870009663990682,0.9557007741367306,0.8375798411975994
0.559939300122418,0.904639047003071,0.6261653799937832,0.578907706667211,0.8838067046185126,0.6316577537742561,0.4771974541932169,0.7895006596959546,0.5485646992622965,0.6956016298223646,0.5894392458100727,0.9226143749302423,0.566055915287745,0.9060432387447989,0.8772259433666865,0.9463242642114253,0.8288991864584755
0.5566631707677866,0.8982938833467369,0.6235533894060202,0.575909321627626,0.8768599480659838,0.6269978517494651,0.4740924439656264,0.7831621173790378,0.5422093344049572,0.68958552146717,0.5831342986533976,0.9145766641343349,0.5585725120674281,0.892657348902319,0.8632773149946356,0.9329627375678655,0.819701826080118
0.5592422513235601,0.9041858210276185,0.6264028336835799,0.5790539693520688,0.8835826156974637,0.6302115772838037,0.47768451462107425,0.7885951536506808,0.5478048186815277,0.6955144398462025,0.5881929190465438,0.9183658706524054,0.5609022508058287,0.898215896379281,0.8711851987961131,0.9429252793635022,0.823628788938293
0.556802580527558,0.9003334002362728,0.6229993307964946,0.5745198261214768,0.8802212818817237,0.6292474596235021,0.47494479971437675,0.7865829179945167,0.5445580562000608,0.691416510966577,0.589732499166197,0.9238774437695995,0.5647145505595751,0.902072847689826,0.8654739493839351,0.9436285176079001,0.8272457284129282
0.5592422513235601,0.9033926755705768,0.6261653799937832,0.5790539693520688,0.8859355493684812,0.6339073616482932,0.4792674610116105,0.7913116717865022,0.5498772202654426,0.6984788990357186,0.5898791258442593,0.9233033215698916,0.5668324948672119,0.9007115707566925,0.8817290438647499,0.9463242642114253,0.8272457284129282
0.5529688121338406,0.8948946885308434,0.6201498865189348,0.572033360478894,0.8757395034607371,0.6277209399946914,0.47537097758875185,0.7848725176867772,0.5426928947745374,0.6864466823253292,0.5831342986533976,0.9156100840938088,0.5597726805084223,0.8923170296690356,0.8637166418724956,0.9333143566900645,0.8224920365319793
0.564818641714422,0.9158563898955189,0.6329723857679541,0.585855184197957,0.8973640843419967,0.641459616653989,0.48444247805759466,0.8021777443297878,0.5555417845948103,0.7057156670571847,0.5964040130180275,0.9352450633238113,0.5703624020466067,0.9108077080107663,0.8837060148151195,0.9545287103960675,0.8386132524760664
0.5571511049269869,0.9008999327055883,0.6237908430958169,0.5760555843124837,0.8835826156974637,0.6312560380824638,0.4770148065327704,0.7908086128724612,0.5493936598958625,0.6974326193217718,0.5906122592345703,0.9239922682095408,0.5666912985800362,0.8994637335679868,0.8816192121452852,0.9463242642114253,0.8303459622483295
0.5554781878097284,0.8994269482853678,0.622761877106698,0.5751048768609079,0.8796610595791002,0.6301312341454453,0.47585803801660914,0.7882933183022561,0.5467686178895701,0.6940322102514443,0.5912720792858502,0.9260591081284886,0.567467878159503,0.9045685220672375,0.8768964482082915,0.9463242642114253,0.8334461960837308
0.5547811390108707,0.8975007378896951,0.6210997012781213,0.575031745518479,0.8788767483554277,0.6278816262714082,0.4753100950352697,0.7883939300850643,0.5460778173615985,0.692811550585173,0.5912720792858502,0.9238774437695995,0.5648557468467508,0.904228202833954,0.8765669530498965,0.9463242642114253,0.8283824808192419
0.549135043740123,0.8885495248745093,0.6149259053434083,0.571228915712176,0.8728263474870962,0.6233020673849756,0.4704394907566964,0.7795400931979426,0.5397224525042592,0.6842669329212733,0.5793220050237804,0.9050462356191873,0.5567369603341428,0.8858509642366513,0.8608610171664063,0.9249927041313561,0.8161882277333298
0.5540143853321271,0.8958011404817484,0.6189626180699513,0.5726184112183251,0.8780924371317552,0.6280423125481251,0.4759798031235736,0.786180470863284,0.5449725365168439,0.6922884107281995,0.5879729790294504,0.9208920083311193,0.5641497654108718,0.8957202220018694,0.8764571213304317,0.9463242642114253,0.8276590929243149
0.5478106510222933,0.8883229118867831,0.613738636894425,0.5677186112755885,0.8696891025924057,0.6227396654164664,0.47062213841714295,0.7799425403291754,0.5404132530322309,0.686708252253816,0.5816680318727757,0.9103281598564981,0.557937128775137,0.8881197591252072,0.8606413537274766,0.9334315630641308,0.8173249801396438
0.54571950462572,0.8861700885033841,0.6134220319746961,0.5691081067817377,0.8710336361187017,0.6226593222781079,0.4709265511845538,0.7793388696323262,0.5416566939825799,0.6889751916340343,0.5815947185337447,0.9131987708550364,0.557301745482846,0.889367596313913,0.8628379881167758,0.9335487694381971,0.8185650736738044
0.5498320925389807,0.890249122282456,0.6154008127230016,0.5710095216848893,0.8752913256186386,0.6272388811645405,0.47244861502160795,0.7846712941211609,0.5513969814269803,0.6988276589403676,0.5845272520949887,0.9156100840938088,0.5641497654108718,0.9028669259008205,0.8673410886148394,0.9368305479120539,0.8278657751800081
0.5487168144608083,0.8882096053929202,0.615875720102595,0.5701319455757424,0.8733865697897193,0.625069616428862,0.4726921452355366,0.7833633409446543,0.5507061808990087,0.6979557591787452,0.5831342986533976,0.9199734128115872,0.5644321579852234,0.9024131669231094,0.8644854639087503,0.9333143566900645,0.8275557517964683
0.5474621266228643,0.8832241196629431,0.6125513684454417,0.567426085905873,0.8684566135266343,0.6219362340328818,0.46970890011491045,0.7798419285463671,0.5393770522402734,0.6854004026113824,0.5788088116505625,0.9061944800186026,0.555960380754676,0.8852837655145124,0.8592135413744317,0.936478928789855,0.8120545826194615
0.554711434130985,0.896480979444927,0.6195958279094093,0.5732034619577564,0.8802212818817237,0.628202998824842,0.4757362729096449,0.7857780237320511,0.5463541375727873,0.6956016298223646,0.5865800255878595,0.917791748452698,0.5611846433801803,0.8958336617462973,0.8677804154926991,0.9383542307749159,0.8230087421712128
0.5516444194160107,0.8917221067026764,0.6161131737923916,0.5718870977940361,0.8758515479212617,0.6266764791960312,0.4725703801285722,0.7818541642025313,0.5432455351969148,0.6912421310142525,0.5824011652630867,0.9125098242153872,0.559349091646895,0.8905019937581908,0.8656936128228647,0.9328455311937991,0.8199085083358116
0.5759714224961457,0.9373846237295097,0.6478528169952112,0.5938996318651365,0.9066637745655431,0.6444323127732522,0.4862689546620596,0.8027814150266371,0.5544365037500556,0.7035359176531286,0.5934714794567832,0.9318003301255654,0.5710683834824856,0.908198593888927,0.8831568562177945,0.951012519174078,0.836546429919132
0.5766684712950034,0.9351184938522477,0.6478528169952112,0.5931683184408475,0.90442288535505,0.6457178029869876,0.4857818942342023,0.8017752971985552,0.5561635050699848,0.7057156670571847,0.5971371464083385,0.9329485745249806,0.5738923092260014,0.9142109003436002,0.884804332009769,0.9568728378773937,0.8417134863114677
0.5766684712950034,0.9317192990363542,0.642312230899956,0.5924370050165585,0.9016217738419336,0.6437895676663845,0.4848077733784876,0.8017752971985552,0.5546437439084471,0.7044950073909132,0.5964040130180275,0.9306520857261501,0.5696564206107276,0.9095598708220606,0.8870009663990682,0.9533566466554043,0.836546429919132
0.5759714224961457,0.9294531691590922,0.6431037431992782,0.5917056915922694,0.9006133736972115,0.6404954989936873,0.4843815955041124,0.7992600026283502,0.5543674236972584,0.7037102976054531,0.5942046128470945,0.9306520857261501,0.5688798410312608,0.9096733105664883,0.8820585390231449,0.9521845829147412,0.835513018640665
0.5836389592835808,0.9430499484226653,0.6510188661925,0.5982875124108709,0.9111455529865295,0.6496546167665523,0.4896174951035787,0.80821445129828,0.5588576271290743,0.7109470656269192,0.6015359467502047,0.9398380409214727,0.5745982906618804,0.9164796952321561,0.8902959179830173,0.9639052203213727,0.8427468975899349
0.5871242032778694,0.9498483380544519,0.6557679399884332,0.6026753929566051,0.9167477760127625,0.6545555482064187,0.4925398576707227,0.8151566643120459,0.5630024302969042,0.7126908651501641,0.6037353469211377,0.9444310185191342,0.5774222164053961,0.9232860798978237,0.894689186761616,0.9650772840620356,0.8479139539822705
0.5745773248984304,0.928320104220461,0.641520718600634,0.5902430647436913,0.902181996144557,0.6450750578801199,0.4843815955041124,0.8004673440220487,0.5549200641196358,0.7057156670571847,0.5956708796277164,0.9318003301255654,0.5710683834824856,0.9099001900553437,0.8837060148151195,0.9568728378773937,0.836546429919132
0.5752743736972881,0.9294531691590922,0.6407292063013115,0.5909743781679804,0.9047590187366241,0.644753685326686,0.48486865593196976,0.800165508673624,0.5554036244892159,0.7057156670571847,0.5971371464083385,0.9329485745249806,0.5710683834824856,0.9093329913332048,0.8837060148151195,0.9545287103960675,0.8386132524760664
0.5745773248984304,0.9305862340977232,0.641520718600634,0.5909743781679804,0.903190396289279,0.6438699108047429,0.4853557163598271,0.8007691793704731,0.5553345444364188,0.7057156670571847,0.5986034131889606,0.9352450633238113,0.5703624020466067,0.9104673887774829,0.8818388755842148,0.9557007741367306,0.8386132524760664
0.5745773248984304,0.92718703928183,0.6399376940019894,0.5902430647436913,0.9016217738419336,0.6436288813896675,0.4845033606110768,0.7997630615423911,0.5547128239612443,0.7065875668188071,0.5964040130180275,0.9340968189243959,0.5710683834824856,0.9093329913332048,0.8819487073036799,0.9545287103960675,0.836546429919132
0.5752743736972881,0.9294531691590922,0.642312230899956,0.5917056915922694,0.9037506185919021,0.6440305970814599,0.48559924657375575,0.8013728500673223,0.5542292635916641,0.7048437672955623,0.5971371464083385,0.9329485745249806,0.5703624020466067,0.9089926720999215,0.8810700535479601,0.9545287103960675,0.836546429919132
0.572486178501857,0.9260539743431987,0.6399376940019894,0.5892923572921155,0.900501329236687,0.641298930377272,0.483103061880987,0.7984551083658845,0.5536766231692868,0.7048437672955623,0.5949377462374055,0.9306520857261501,0.5678914670210303,0.9071776361890768,0.8792029143170559,0.9521845829147412,0.8334461960837308
0.5766684712950034,0.9305862340977232,0.6454782800972448,0.5931683184408475,0.9053192410392474,0.6466819206472892,0.48657336742947044,0.8046930388999929,0.5561635050699848,0.7057156670571847,0.5964040130180275,0.9352450633238113,0.5724803463542435,0.9142109003436002,0.8837060148151195,0.9557007741367306,0.8386132524760664
0.5634245441167066,0.9124571950796256,0.6314685123992421,0.5800046768036446,0.8870559939737277,0.6341483910633686,0.4799371690999143,0.7932232956598579,0.5484956192094993,0.7006586484397747,0.5912720792858502,0.9260591081284886,0.5689504391748487,0.9093329913332048,0.8837060148151195,0.9463242642114253,0.8334461960837308
0.5696979833064261,0.9226547795273055,0.6375631571040229,0.5880491244708241,0.8979243066446198,0.641298930377272,0.4837118874158086,0.8002661204564321,0.5540220234332727,0.7057156670571847,0.5964040130180275,0.9340968189243959,0.5696564206107276,0.9094464310776327,0.8832666879372594,0.9533566466554043,0.836546429919132
0.567606836909853,0.91698945483415,0.6351886202060564,0.5847582140615234,0.8936666171446827,0.6387279499498011,0.48176364570437935,0.7965434844925288,0.5527095024301264,0.7008330283920993,0.5927383460664722,0.9272073525279039,0.5689504391748487,0.9078582746556435,0.8793127460365207,0.9498404554334148,0.8334461960837308
0.5627274953178487,0.9113241301409944,0.6304395464101232,0.5800046768036446,0.8864957716711046,0.634389420478444,0.4787804005837532,0.7911104482208857,0.5474594184175419,0.6964735295839871,0.5886327990807304,0.9226143749302423,0.564008569123696,0.8991234143347034,0.8773357750861512,0.944683374974497,0.8267290227736945
0.5655156905132798,0.9158563898955189,0.6318642685489032,0.5824911424462275,0.8904173277894677,0.6371210871826318,0.48036334697428956,0.7924184013973923,0.5504989407406171,0.6977813792264207,0.5920052126761612,0.9247960392891315,0.5657029245698056,0.9017325284565426,0.8750293089773868,0.946207057837359,0.830449303376176
0.562030446518991,0.9090580002637322,0.6295688828808687,0.5796390200915001,0.8841428380000868,0.6335056459565008,0.47835422270937805,0.7909092246552694,0.5480811388927164,0.6965607195601493,0.588926052436855,0.9220402527305349,0.5656323264262176,0.9000309322901257,0.877775101964011,0.9463242642114253,0.8292092098420156
0.5683038857087107,0.9203886496500432,0.6359801325053784,0.5862939722525304,0.8980363511051445,0.6408972146854797,0.4837118874158086,0.798253884800268,0.55457466385565,0.7048437672955623,0.5934714794567832,0.9295038413267345,0.5689504391748487,0.9072910759335046,0.8837060148151195,0.9521845829147412,0.8344796073621978
0.5641215929155643,0.9124571950796256,0.6321017222386996,0.5843194260069501,0.8907534611710416,0.6351125087236702,0.48005893420687873,0.7940281899223237,0.5498081402126456,0.6986532789880432,0.5893659324710414,0.9231884971299502,0.565491130139042,0.9019594079453983,0.8743703186605973,0.9444489622263644,0.8286925042027821
0.5578481537258447,0.8999934807546834,0.6254530189243934,0.5755436649154814,0.8804453708027731,0.6302115772838037,0.47561450780268055,0.7887963772162971,0.5457324170976127,0.6926371706328484,0.5895125591491037,0.9260591081284886,0.5670442892979756,0.9049088413005208,0.8772259433666865,0.9457382323410938,0.8305526445040229
0.5578481537258447,0.8999934807546834,0.6254530189243934,0.5755436649154814,0.8804453708027731,0.6302115772838037,0.47561450780268055,0.7887963772162971,0.5457324170976127,0.6926371706328484,0.5895125591491037,0.9260591081284886,0.5670442892979756,0.9049088413005208,0.8772259433666865,0.9457382323410938,0.8305526445040229
0.5592422513235601,0.9063386444110175,0.6270360435230378,0.5792002320369266,0.8872800828947772,0.6346304498935194,0.47951099122553914,0.7939275781395154,0.5518805417965605,0.7004842684874502,0.5912720792858502,0.9272073525279039,0.5666207004364482,0.9050222810449486,0.8810700535479601,0.9486683916927517,0.8287958453306286
0.562030446518991,0.9101910652023634,0.6287773705815466,0.5816135663370805,0.8895209721052701,0.6363979989374056,0.4801198167603608,0.795738590230063,0.5489100995262823,0.6991764188450165,0.5912720792858502,0.9258294592486054,0.568738644744085,0.9119421054550442,0.8837060148151195,0.9463242642114253,0.8334461960837308
0.5641215929155643,0.9147233249568877,0.6310727562495809,0.5843925573493789,0.8934425282236336,0.6384869205347257,0.4818245282578615,0.7996624497595828,0.5545055838028529,0.7023152579868572,0.5920052126761612,0.9250256881690146,0.5668324948672119,0.9080851541444991,0.8807405583895652,0.9474963279520885,0.8330328315723438
0.564818641714422,0.9124571950796256,0.6315476636291742,0.5838075066099476,0.8933304837631086,0.6392903519183103,0.48139835038348633,0.797247766972186,0.5532621428525039,0.7009202183682613,0.5920052126761612,0.9255998103687222,0.5668324948672119,0.9054760400226599,0.8816192121452852,0.9463242642114253,0.8322061025495703
0.5477409461424076,0.8852636365524792,0.6135803344345606,0.5683036620150198,0.8718179473423743,0.6238644693534849,0.4708047860775894,0.7800431521119837,0.5414494538241884,0.6891495715863588,0.5819612852289,0.9094095643369656,0.5628084006827018,0.8895944758027686,0.8632773149946356,0.932025086575335,0.8171182978839502
0.5477409461424076,0.8852636365524792,0.6135803344345606,0.5683036620150198,0.8718179473423743,0.6238644693534849,0.4708047860775894,0.7800431521119837,0.5414494538241884,0.6891495715863588,0.5819612852289,0.9094095643369656,0.5628084006827018,0.8895944758027686,0.8632773149946356,0.932025086575335,0.8171182978839502
0.5548508438907563,0.8960277534694746,0.6223661209570368,0.5744466947790478,0.8791008372764771,0.6305329498372376,0.4768321588723239,0.788192706519448,0.5478738987343249,0.6955144398462025,0.5859202055365795,0.9187103439722301,0.5644321579852234,0.8994637335679868,0.8775554385250813,0.9436285176079001,0.8271423872850813
0.5489956339803514,0.8884362183806462,0.6142135442740183,0.5696200261787401,0.8719299918028988,0.624908930152145,0.4722659673611615,0.7817535524197232,0.5407586532962168,0.6884520517770608,0.5862134588927042,0.9190548172920546,0.5626672043955261,0.8899347950360519,0.8626183246778457,0.938002611652717,0.825488929239534
0.550320026698181,0.8887761378622356,0.615163359033205,0.5702050769181713,0.8736106587107687,0.6242661850452773,0.47159625927285764,0.7820553877681476,0.5416566939825799,0.6891495715863588,0.5864333989097974,0.9118208775757379,0.5580783250623128,0.8906154335026187,0.8640461370308903,0.9397607072637117,0.8177383446510305
0.5452315704665196,0.8806180703040917,0.6116015536862551,0.5667679038240128,0.8666639021582399,0.6214541752027309,0.4689174269196422,0.7757168454512311,0.5376500509203442,0.6833950331596509,0.5850404454682065,0.9160693818535749,0.5621024192468229,0.8985562156125643,0.8566874118267376,0.9356584841713907,0.8231120832990596
0.5452315704665196,0.8808446832918179,0.6105725876971362,0.5659634590572948,0.8674482133819124,0.6204097144040709,0.4691000745800888,0.7774272457589704,0.5397915325570565,0.685661972539869,0.5856269521804552,0.9162990307334581,0.5626672043955261,0.8852837655145124,0.8598725316912216,0.9374165797823855,0.8245588590889135
0.5731832273007148,0.9305862340977232,0.6431037431992782,0.5895117513194023,0.8990447512498665,0.6410579009621966,0.4826768840066118,0.7966440962753368,0.5510515811629945,0.7010074083444237,0.5934714794567832,0.9318003301255654,0.5673266818723272,0.9058163592559432,0.8783242605613361,0.951012519174078,0.8313793735267964
0.58085076408815,0.9407838185454032,0.6486443292945334,0.5960935721380037,0.90778421917079,0.6474050088925153,0.4877301359456316,0.8037875328547192,0.5565779853867677,0.7083313663420521,0.5978702797986496,0.9352450633238113,0.5710683834824856,0.9130765028993221,0.884804332009769,0.9580449016180569,0.8375798411975994
0.578062568892719,0.9339854289136165,0.6446867677979224,0.5909743781679804,0.902406085065606,0.6425844205910074,0.4848077733784876,0.7995618379767747,0.5525713423245322,0.7020536880583705,0.5927383460664722,0.9272073525279039,0.5671854855851514,0.9063835579780823,0.8773357750861512,0.951012519174078,0.8311726912711032
0.5752743736972881,0.928320104220461,0.6399376940019894,0.5892923572921155,0.8973640843419967,0.6398527538868196,0.48218982357875445,0.7963422609269122,0.5516042215853718,0.7006586484397747,0.591052139268757,0.9229588482500669,0.5644321579852234,0.9030938053896762,0.8799717363533105,0.9453866132188949,0.8282791396913952
0.5662127393121374,0.9147233249568877,0.6327349320781575,0.582783667815943,0.8890727942631717,0.6331039302647086,0.47811069249544935,0.7903055539584202,0.5480120588399192,0.7002226985589635,0.5912720792858502,0.9260591081284886,0.5671854855851514,0.9044550823228097,0.878543924000266,0.9419876283709717,0.830862667887563
0.5710920809041417,0.9237878444659366,0.6391461817026672,0.5873909423889639,0.8943388839078306,0.6389689793648764,0.48115482016955763,0.7954367548816386,0.551673301638169,0.7013561682490725,0.5927383460664722,0.9260591081284886,0.5659147190005692,0.9053626002782321,0.88085039010903,0.9498404554334148,0.829829256609096
0.570395032105284,0.9192555847114122,0.6383546694033452,0.5881953871556819,0.8915377723947142,0.6347911361702363,0.48078952484866466,0.7941288017051318,0.5495318200014568,0.6980429491549074,0.5879729790294504,0.921006832771061,0.5662677097185087,0.9077448349112157,0.8753588041357818,0.942808072989436,0.8300359388647892
0.5696979833064261,0.9215217145886744,0.6375631571040229,0.5872446797041062,0.8937786616052075,0.6359962832456133,0.4807286422951825,0.795738590230063,0.5511206612157917,0.6990892288688543,0.5887794257587927,0.9212364816509439,0.5626672043955261,0.9000309322901257,0.8755784675747118,0.9439801367300991,0.8256956114952274
0.5696979833064261,0.9203886496500432,0.6367716448047006,0.5870252856768194,0.891313683473665,0.6363979989374056,0.4810330550625933,0.7936257427910908,0.5511206612157917,0.6989148489165298,0.5892193057929793,0.9226143749302423,0.5649969431339266,0.9025266066675373,0.8792029143170559,0.9455038195929614,0.8276590929243149
0.5669097881109953,0.9147233249568877,0.6343971079067342,0.5839537692948055,0.8862716827500552,0.6351125087236702,0.47768451462107425,0.7913116717865022,0.5460778173615985,0.6940322102514443,0.5861401455536729,0.9167583284932241,0.561255241523768,0.8968546194461475,0.8752489724163168,0.9424564538672371,0.8237321300661399
0.5662127393121374,0.9147233249568877,0.6341596542169375,0.5844656886918078,0.8861596382895307,0.6331039302647086,0.47798892738848503,0.791714118917735,0.5469758580479617,0.6952528699177157,0.5854803255023929,0.9174472751328734,0.5607610545186529,0.8990099745902755,0.8698672181625335,0.9426908666153696,0.8225953776598259
0.5613333977201334,0.9071317898680594,0.6282233119720211,0.5785420499550665,0.8839187490790372,0.6308543223906715,0.47567539035616274,0.7846712941211609,0.5427619748273346,0.6931603104898219,0.5887061124197617,0.9213513060908857,0.5671148874415635,0.9025266066675373,0.8662427714201898,0.9430424857375685,0.8283824808192419
0.5655156905132798,0.9147233249568877,0.6330515369978863,0.5830761931856586,0.8897450610263197,0.6360766263839717,0.47987628654643216,0.7920159542661596,0.5464922976783816,0.6966479095363116,0.5912720792858502,0.9260591081284886,0.5689504391748487,0.9092195515887772,0.8782144288418711,0.9463242642114253,0.8334461960837308
0.5641215929155643,0.9113241301409944,0.6322600246985642,0.582710536473514,0.888960749802647,0.6355945675538208,0.4788412831372354,0.7895006596959546,0.5478048186815277,0.695776009774689,0.5912720792858502,0.9260591081284886,0.5689504391748487,0.9089926720999215,0.8788734191586609,0.9463242642114253,0.8334461960837308
0.5613333977201334,0.9061120314232914,0.6290148242713433,0.5786883126399243,0.8824621710922168,0.6295688321769359,0.4757362729096449,0.7843694587727363,0.5432455351969148,0.6913293209904149,0.5881929190465438,0.9235329704497748,0.566761896723624,0.9022997271786817,0.8745899820995271,0.9432768984857011,0.8305526445040229
0.559939300122418,0.9044124340153447,0.6270360435230378,0.5792733633793555,0.8829103489343156,0.6300508910070868,0.4746403869469659,0.7854761883836265,0.5446271362528581,0.691416510966577,0.5874597856562328,0.9226143749302423,0.5633731858314049,0.9019594079453983,0.8745899820995271,0.9389402626452477,0.8256956114952274
0.5613333977201334,0.9064519509048807,0.6287773705815466,0.5775913425034908,0.8849271492237593,0.6311756949441053,0.47725833674669904,0.7883939300850643,0.5451797766752354,0.6928987405613352,0.5855536388414242,0.916987977373107,0.5620318211032349,0.8971949386794308,0.8677804154926991,0.9419876283709717,0.8241454945775267
0.5542234999717844,0.8958011404817484,0.6241074480155456,0.5761287156549126,0.8752913256186386,0.6258730478124466,0.4732400882168761,0.7839670116415036,0.5435909354609005,0.689934281371819,0.5829876719753356,0.9109022820562059,0.5562427733290276,0.9028669259008205,0.8664624348591199,0.9329627375678655,0.8163949099890234
0.5549205487706423,0.8967075924326533,0.6215746086577146,0.5767868977367728,0.8771960814475578,0.6268371654727483,0.4731792056633939,0.7834639527274624,0.5447652963584524,0.6981301391310697,0.5889993657758861,0.9244515659693068,0.5666912985800362,0.9010518899899759,0.8740408235022025,0.9432768984857011,0.8301392799926361
0.5550599585304137,0.8968208989265164,0.6233950869461556,0.5752511395457658,0.875179281158114,0.6254713321206543,0.4727530277890188,0.7814517170712986,0.542485654616146,0.6972582393694472,0.5889993657758861,0.9223847260503595,0.5626672043955261,0.8999174925456979,0.8728326745880877,0.9463242642114253,0.8248688824724536
0.5542234999717844,0.8937616235922125,0.6207039451284602,0.575178008203337,0.8730504364081454,0.6243465281836358,0.47110919884500035,0.7801437638947918,0.542554734668943,0.6915908909189016,0.5865067122488284,0.9173324506929317,0.561325839667356,0.89878309510142,0.8748096455384571,0.9426908666153696,0.8235254478104465
0.5567328756476723,0.898520496334463,0.6249781115448001,0.5760555843124837,0.8775322148291317,0.6269978517494651,0.47457950439348373,0.78416823520712,0.545041616569641,0.6925499806566863,0.5892926191320104,0.9223847260503595,0.5628084006827018,0.9018459682009704,0.8751391406968521,0.9463242642114253,0.8250755647281471
0.5558267122091572,0.8971608184081057,0.623869994325749,0.5772256857913461,0.8767479036054593,0.6257123615357297,0.47390979630517993,0.7857780237320511,0.5444889761472637,0.6917652708712261,0.5892193057929793,0.918251046212464,0.5621730173904108,0.9008250105011202,0.8761276261720368,0.9455038195929614,0.8251789058559937
0.5487168144608083,0.8858301690217947,0.6161131737923916,0.5690349754393089,0.8690168358292577,0.6224182928630325,0.46934360479401743,0.7785339753698606,0.5412422136657968,0.6879289119200874,0.5807882718044024,0.9073427244180182,0.5554661937495607,0.8874391206586405,0.86580344454233,0.9312046419568707,0.8148447930713226
0.5487168144608083,0.8858301690217947,0.6161131737923916,0.5690349754393089,0.8690168358292577,0.6224182928630325,0.46934360479401743,0.7785339753698606,0.5412422136657968,0.6879289119200874,0.5807882718044024,0.9073427244180182,0.5554661937495607,0.8874391206586405,0.86580344454233,0.9312046419568707,0.8148447930713226
0.5475318315027503,0.8854902495402053,0.6146884516536116,0.5691812381241667,0.8672241244608633,0.621293488926014,0.469160957133571,0.7783327518042442,0.5398606126098535,0.6869698221823027,0.580495018448278,0.9063093044585444,0.5538424364470391,0.8858509642366513,0.8620691660805211,0.9302669909643402,0.8133980172814688
0.5478106510222933,0.8869632339604259,0.6156382664127983,0.5669141665088706,0.8689047913687331,0.6224182928630325,0.47056125586366077,0.7787351989354769,0.5387553317650989,0.68452850284976,0.5808615851434334,0.9094095643369656,0.5546896141700939,0.8841493680702344,0.8598725316912216,0.9276884507348813,0.8159815454776366
0.547880355902179,0.8849237170708898,0.6146884516536116,0.5683767933574487,0.8667759466187647,0.6216952046178064,0.47013507798928555,0.7774272457589704,0.538409931501113,0.6871442021346272,0.5786621849725004,0.9058500066987779,0.5560309788982639,0.8860778437255069,0.858774214496572,0.9267507997423509,0.8135013584093154
0.5502503218182954,0.8901358157885929,0.6178545008509004,0.5718139664516072,0.8733865697897193,0.6269978517494651,0.47427509162607295,0.7854761883836265,0.5440054157776836,0.693945020275282,0.5909055125906947,0.9237626193296576,0.5652793357082782,0.904228202833954,0.8761276261720368,0.9463242642114253,0.8278657751800081
0.5471136022234356,0.885037023564753,0.6139760905842216,0.568084267987733,0.8686807024476838,0.6216952046178064,0.4700133128823213,0.7771254104105458,0.539653372451462,0.6855747825637069,0.5791753783457182,0.9065389533384272,0.5540542308778028,0.8851703257700846,0.8609708488858715,0.9378854052786507,0.8141214051763958
0.5451618655866339,0.8794850053654605,0.611205797536594,0.5653052769754348,0.8610616791320068,0.616954959454657,0.46690830265473077,0.7724972684013687,0.5378572910787357,0.6821743734933795,0.5757296514112563,0.8997643113818765,0.5510185107035233,0.8825612116482452,0.8567972435462025,0.9340175949344623,0.8086443254005199
0.5453012753464054,0.8809579897856811,0.6109683438467973,0.5642083068390011,0.8621821237372533,0.6192849104670524,0.46715183286865947,0.7748113394059571,0.5368901703395754,0.6823487534457039,0.5769026648357539,0.9037831667798306,0.5517244921394023,0.8819940129261062,0.8554792629126232,0.9274540379867486,0.8092643721676002
0.5731832273007148,0.9385176886681409,0.654976427689111,0.6034067063808942,0.9201091098285025,0.6553589795900034,0.49375750874036606,0.8151566643120459,0.5630024302969042,0.7153065644350313,0.6044684803114487,0.9467275073179648,0.5788341792771541,0.9244204773421015,0.894689186761616,0.966249347802699,0.8510141878176717
0.5794566664904344,0.9328523639749855,0.6470613046958892,0.5946309452894256,0.902518129526131,0.6424237343142906,0.4835292397553621,0.7975496023206107,0.5536766231692868,0.7015305482013972,0.5934714794567832,0.9295038413267345,0.5710683834824856,0.9096733105664883,0.8817290438647499,0.9498404554334148,0.8344796073621978
0.5773655200938613,0.9317192990363542,0.6438952554986004,0.5917056915922694,0.9019579072235075,0.6418613323457812,0.4831639444344691,0.7963422609269122,0.5512588213213859,0.7027512078676685,0.5949377462374055,0.9295038413267345,0.5683150558825576,0.9059297990003711,0.8790930825975907,0.9521845829147412,0.8344796073621978
0.572486178501857,0.9237878444659366,0.6399376940019894,0.5889998319223999,0.8946750172894047,0.6362373126606886,0.479084813351164,0.7905067775240366,0.5489791795790795,0.6969094794647983,0.5885594857416994,0.9234181460098331,0.5657735227133934,0.8999174925456979,0.871844189112903,0.9415188028747066,0.8288991864584755
0.5752743736972881,0.9260539743431987,0.642312230899956,0.5909743781679804,0.8993808846314405,0.6389689793648764,0.48133746783000414,0.7941288017051318,0.550015380371037,0.7003098885351258,0.5912720792858502,0.9257146348086639,0.5661971115749208,0.9033206848785317,0.8786537557197309,0.9474963279520885,0.8307593267597161
0.5752743736972881,0.9294531691590922,0.6438952554986004,0.5895117513194023,0.897588173263046,0.6391296656415935,0.4820680584717902,0.7949336959675973,0.5505680207934144,0.700745838415937,0.5927383460664722,0.9272073525279039,0.5658441208569813,0.9028669259008205,0.8787635874391958,0.9498404554334148,0.8322061025495703
0.5669097881109953,0.9158563898955189,0.6338430492972087,0.5841000319796633,0.8879523496579251,0.6321398126044069,0.4771365716397347,0.7885951536506808,0.5473212583119476,0.6938578302991197,0.5901723792003837,0.9260591081284886,0.5689504391748487,0.9080851541444991,0.8809602218284953,0.9463242642114253,0.8334461960837308
0.5717891297029993,0.9249209094045677,0.6399376940019894,0.5876834677586796,0.8968038620393731,0.6396920676101027,0.4825551188996475,0.7958392020128712,0.5499463003182399,0.7000483186066391,0.5942046128470945,0.9295038413267345,0.567467878159503,0.9057029195115154,0.881179885267425,0.9486683916927517,0.835513018640665
0.5731832273007148,0.9260539743431987,0.642312230899956,0.5917056915922694,0.8988206623288171,0.6402544695786119,0.4828595316670583,0.7966440962753368,0.5524331822189378,0.7011817882967482,0.5927383460664722,0.9283555969273191,0.5685974484569093,0.9059297990003711,0.8800815680727754,0.9486683916927517,0.8344796073621978
0.5752743736972881,0.928320104220461,0.6431037431992782,0.5917056915922694,0.9000531513945884,0.6417809892074228,0.4843207129506302,0.7991593908455419,0.552916742588518,0.7015305482013972,0.5927383460664722,0.9295038413267345,0.5696564206107276,0.9104673887774829,0.8807405583895652,0.9486683916927517,0.8344796073621978
0.578062568892719,0.9328523639749855,0.6446867677979224,0.5931683184408475,0.9036385741313775,0.6455571167102707,0.4866342499829526,0.8019765207641715,0.5561635050699848,0.7057156670571847,0.5956708796277164,0.9329485745249806,0.5717743649183645,0.9118286657106164,0.8859026492044186,0.9568728378773937,0.8386132524760664
0.5752743736972881,0.928320104220461,0.6431037431992782,0.5917056915922694,0.9020699516840321,0.6417006460690643,0.4843815955041124,0.7995618379767747,0.5527785824829237,0.7033615377008041,0.5942046128470945,0.9295038413267345,0.568738644744085,0.9091061118443493,0.8833765196567245,0.951012519174078,0.8344796073621978
0.5710920809041417,0.9226547795273055,0.6383546694033452,0.5876834677586796,0.8973640843419967,0.6386476068114426,0.4809721725091111,0.7965434844925288,0.5511897412685888,0.7004842684874502,0.5912720792858502,0.9260591081284886,0.5656323264262176,0.9025266066675373,0.8775554385250813,0.94585543871516,0.8314827146546433
0.5731832273007148,0.9249209094045677,0.6407292063013115,0.5895117513194023,0.8998290624735391,0.6397724107484611,0.48176364570437935,0.7954367548816386,0.5524331822189378,0.7013561682490725,0.5920052126761612,0.9272073525279039,0.5675384763030908,0.9045685220672375,0.8813995487063551,0.9486683916927517,0.8333428549558839
0.572486178501857,0.9226547795273055,0.6407292063013115,0.5881222558132531,0.8960195508157006,0.6384869205347257,0.48237247123920096,0.7971471551893777,0.5505680207934144,0.6985660890118809,0.5920052126761612,0.9272073525279039,0.5678914670210303,0.9040013233450985,0.877775101964011,0.9486683916927517,0.8322061025495703
0.5662127393121374,0.9158563898955189,0.6327349320781575,0.5818329603643673,0.8897450610263197,0.6344697636168024,0.4787804005837532,0.7906073893068448,0.5455942569920185,0.6933346904421464,0.588926052436855,0.9216957794107102,0.5628084006827018,0.8977621374015697,0.8698672181625335,0.9442145494782317,0.8276590929243149
0.5683038857087107,0.9203886496500432,0.6367716448047006,0.5847582140615234,0.8925461725394361,0.6362373126606886,0.47957187377902133,0.7940281899223237,0.547528498470339,0.6969094794647983,0.5887794257587927,0.9233033215698916,0.5645733542723992,0.9001443720345534,0.8725031794296928,0.9412843901265737,0.8314827146546433
0.5606363489212757,0.9065652573987437,0.6291731267312077,0.5782495245853508,0.8823501266316922,0.6290867733467853,0.4753100950352697,0.7856774119492429,0.5432455351969148,0.6915908909189016,0.5912720792858502,0.9260591081284886,0.5645733542723992,0.89209015018018,0.8770062799277564,0.9463242642114253,0.8334461960837308
0.5613333977201334,0.9063386444110175,0.627431799672699,0.5797852827763579,0.8834705712369387,0.6294884890385776,0.4739706788586621,0.7849731294695855,0.5440744958304806,0.6921140307758751,0.589145992453948,0.9215809549707684,0.5638673728365202,0.890388554013763,0.8759079627331067,0.9424564538672371,0.8274524106686214
0.5606363489212757,0.9063386444110175,0.6284607656618177,0.579712151433929,0.8822380821711676,0.6294884890385776,0.47427509162607295,0.7846712941211609,0.5451797766752354,0.6926371706328484,0.5864333989097974,0.9213513060908857,0.5633025876878172,0.9012787694788316,0.8696475547236037,0.9424564538672371,0.8268323639015411
0.564818641714422,0.9113241301409944,0.633288990687683,0.5834418498978031,0.8870559939737277,0.6324611851578408,0.47762363206759206,0.7904061657412285,0.5477357386287305,0.6967350995124737,0.5883395457246061,0.921466130530827,0.5608316526622407,0.8975352579127143,0.8726130111491576,0.9421048347450381,0.8250755647281471
0.562030446518991,0.9066785638926069,0.6291731267312077,0.5778107365307775,0.8829103489343156,0.6298098615920114,0.47585803801660914,0.7873878122569823,0.5446271362528581,0.6927243606090107,0.5863600855707661,0.918251046212464,0.5599138767955981,0.8914095117136133,0.8680000789316292,0.9398779136377782,0.8209419196142786
0.5906094472721581,0.9543805978089762,0.6613085260836886,0.6063319600780503,0.921229554433749,0.6569658423571728,0.49619281087965267,0.8181750177962919,0.5664564329367625,0.7196660632431434,0.605934747092071,0.9513204849156264,0.5802461421489119,0.9300924645634913,0.9034757243188132,0.9721096665060146,0.8530810103746062
0.591306496071016,0.9543805978089762,0.6613085260836886,0.6070632735023395,0.9201091098285025,0.6553589795900034,0.497410461949296,0.8211933712805378,0.5664564329367625,0.7179222637198985,0.6044684803114487,0.9467275073179648,0.5823640864565489,0.935764451784881,0.9034757243188132,0.967421411543362,0.8510141878176717
0.5892153496744427,0.9521144679317142,0.6613085260836886,0.6056006466537613,0.9167477760127625,0.6553589795900034,0.495583985344831,0.819181135624374,0.5664564329367625,0.7170503639582761,0.605934747092071,0.9490239961167958,0.5830700678924279,0.9300924645634913,0.901279089929514,0.9685934752840253,0.8541144216530732
0.5871242032778694,0.9453160782999275,0.6573509645870776,0.6041380198051832,0.9133864421970229,0.6521452540556648,0.49314868320554434,0.8151566643120459,0.5630024302969042,0.7126908651501641,0.6008028133598936,0.9409862853208881,0.579540160713033,0.9289580671192135,0.8979841383455649,0.9650772840620356,0.8479139539822705
0.5892153496744427,0.9498483380544519,0.6605170137843662,0.6048693332294722,0.915627331407516,0.6529486854392496,0.49436633427518767,0.8171688999682098,0.5643840313528476,0.7144346646734088,0.6015359467502047,0.9421345297203036,0.580952123584791,0.9300924645634913,0.8990824555402148,0.9639052203213727,0.8499807765392047
0.5892153496744427,0.950981402993083,0.6573509645870776,0.6034067063808942,0.9167477760127625,0.6521452540556648,0.49314868320554434,0.8161627821401278,0.5643840313528476,0.7153065644350313,0.605934747092071,0.9490239961167958,0.5802461421489119,0.9289580671192135,0.8990824555402148,0.9697655390246883,0.8499807765392047
0.5906094472721581,0.9543805978089762,0.6605170137843662,0.6063319600780503,0.918988665223256,0.6561624109735881,0.495583985344831,0.819181135624374,0.5671472334647342,0.7161784641966537,0.6044684803114487,0.9490239961167958,0.5823640864565489,0.9300924645634913,0.901279089929514,0.9650772840620356,0.8530810103746062
0.5920035448698737,0.9521144679317142,0.6613085260836886,0.6085259003509175,0.9201091098285025,0.6553589795900034,0.49680163641447433,0.82219948910862,0.5664564329367625,0.7179222637198985,0.6044684803114487,0.9455792629185497,0.580952123584791,0.935764451784881,0.9034757243188132,0.967421411543362,0.8510141878176717
0.588518300875585,0.9521144679317142,0.6597255014850442,0.6041380198051832,0.918988665223256,0.6537521168228342,0.49497515981000934,0.8171688999682098,0.5650748318808192,0.7135627649117865,0.6037353469211377,0.9490239961167958,0.580952123584791,0.9289580671192135,0.8979841383455649,0.966249347802699,0.8530810103746062
0.5773655200938613,0.9317192990363542,0.6454782800972448,0.5917056915922694,0.8985965734077677,0.6404151558553288,0.48492953848545195,0.8022783561125961,0.5531239827469094,0.69969955870199,0.5912720792858502,0.9272073525279039,0.5689504391748487,0.9091061118443493,0.8801913997922406,0.945034994096696,0.8334461960837308
0.5794566664904344,0.9351184938522477,0.6486443292945334,0.5946309452894256,0.902406085065606,0.6437895676663845,0.48736484062473856,0.805699156728075,0.5559562649115933,0.7028383978438307,0.5934714794567832,0.9306520857261501,0.5696564206107276,0.9130765028993221,0.8837060148151195,0.9498404554334148,0.836546429919132
0.5836389592835808,0.9419168834840341,0.6533934030904668,0.599750139259449,0.9111455529865295,0.6482084402761,0.4902872031918825,0.8101260751716358,0.5595484276570459,0.7083313663420521,0.5971371464083385,0.9352450633238113,0.5738923092260014,0.9176140926764339,0.8913942351776669,0.9545287103960675,0.8427468975899349
0.5829419104847231,0.9419168834840341,0.6494358415938558,0.5975561989865817,0.9089046637760365,0.6480477539993831,0.4898001427640252,0.808717510212321,0.5595484276570459,0.7092032661036743,0.5956708796277164,0.9318003301255654,0.5717743649183645,0.9164796952321561,0.8924925523723165,0.9533566466554043,0.8396466637545335
0.5822448616858654,0.9407838185454032,0.6510188661925,0.5982875124108709,0.9089046637760365,0.6469229500623646,0.4887651393548284,0.8073089452530061,0.5602392281850176,0.7092032661036743,0.5956708796277164,0.9329485745249806,0.5717743649183645,0.9176140926764339,0.8924925523723165,0.9557007741367306,0.8396466637545335
0.5843360080824387,0.9419168834840341,0.6541849153897888,0.600481452683738,0.9111455529865295,0.6482887834144584,0.4907133810662577,0.8121383108277999,0.5609300287129892,0.7083313663420521,0.5964040130180275,0.9340968189243959,0.5738923092260014,0.9210172850092677,0.8924925523723165,0.9557007741367306,0.843780308868402
0.5773655200938613,0.9339854289136165,0.646269792396567,0.5938996318651365,0.8998290624735391,0.6405758421320458,0.48511218614589846,0.8004673440220487,0.5534693830108952,0.6994379887735033,0.5912720792858502,0.9272073525279039,0.5668324948672119,0.9104673887774829,0.8820585390231449,0.9474963279520885,0.8323094436774169
0.5773655200938613,0.9305862340977232,0.6470613046958892,0.5931683184408475,0.8993808846314405,0.6404151558553288,0.48517306869938054,0.8023789678954043,0.5547128239612443,0.7016177381775593,0.5889993657758861,0.9245663904092487,0.5696564206107276,0.9119421054550442,0.8820585390231449,0.9430424857375685,0.8332395138280373
0.5717891297029993,0.9249209094045677,0.6399376940019894,0.5888535692375421,0.8918739057762881,0.6369604009059148,0.482007175918308,0.7953361430988303,0.5488410194734852,0.6967350995124737,0.5871665323001084,0.9174472751328734,0.5636555784057566,0.9052491605338042,0.874919477257922,0.9395262945155792,0.8259022937509207
0.5717891297029993,0.9249209094045677,0.6399376940019894,0.5868790229919617,0.893218439302584,0.6369604009059148,0.4823115886857188,0.7958392020128712,0.5501535404766313,0.6962119596555004,0.5846005654340198,0.9156100840938088,0.5621730173904108,0.904228202833954,0.8764571213304317,0.9370649606601865,0.8241454945775267
0.5710920809041417,0.9203886496500432,0.6375631571040229,0.5865133662798171,0.8920979946973376,0.6352731950003871,0.48176364570437935,0.7986563319315009,0.5498772202654426,0.692811550585173,0.5823278519240557,0.9144618396943932,0.5635143821185807,0.9050222810449486,0.8755784675747118,0.9312046419568707,0.8220786720205926
0.5696979833064261,0.9215217145886744,0.6383546694033452,0.5867327603071039,0.8917618613157636,0.6387279499498011,0.4843815955041124,0.7990587790627338,0.5498772202654426,0.6950784899653911,0.582694418619211,0.9141173663745686,0.5659853171441571,0.9114883464773329,0.8768964482082915,0.933900388560396,0.8257989526230741
0.5696979833064261,0.9203886496500432,0.6375631571040229,0.5854895274858125,0.8890727942631717,0.6367997146291979,0.48389453507625513,0.7998636733251994,0.5487028593678908,0.6933346904421464,0.581228151838589,0.9103281598564981,0.5642203635544597,0.910921147755194,0.8792029143170559,0.9307358164606055,0.8203218728471983
0.5669097881109953,0.91698945483415,0.6324974783883609,0.5825642737886563,0.8903052833289431,0.6359159401072548,0.48194629336482575,0.7960404255784875,0.5480120588399192,0.6928987405613352,0.5807149584653714,0.9086057932573749,0.5624554099647624,0.903207245134104,0.878543924000266,0.9316734674531361,0.8219753308927457
0.562030446518991,0.9090580002637322,0.629331429191072,0.576640635051915,0.8788767483554277,0.6300508910070868,0.4779280448350029,0.7906073893068448,0.5420711742993629,0.6847900727782467,0.5732369978841988,0.9016015024209415,0.5596314842212465,0.8974218181682864,0.8640461370308903,0.9173742898170456,0.8163949099890234
0.562030446518991,0.9101910652023634,0.6298063365706653,0.5783957872702088,0.8786526594343783,0.6306132929755961,0.47859775292330664,0.7890982125647218,0.5422784144577545,0.68452850284976,0.573456937901292,0.8995346625019938,0.5597020823648344,0.8996906130568424,0.8648149590671452,0.9203044491687035,0.815774863221943
0.5641215929155643,0.9135902600182566,0.629331429191072,0.5779569992156353,0.8821260377106427,0.6318987831893316,0.4788412831372354,0.7910098364380775,0.5424165745633487,0.6874929620392762,0.5768293514967229,0.9050462356191873,0.5590666990725434,0.899236854079131,0.8666820982980495,0.9247582913832234,0.8177383446510305
0.5641215929155643,0.9124571950796256,0.6321017222386996,0.5787614439823532,0.8822380821711676,0.6336663322332178,0.480545994634736,0.7914122835693104,0.5451797766752354,0.6870570121584649,0.5744833246477273,0.9013718535410582,0.5621730173904108,0.9034341246229595,0.8672312568953745,0.9218281320315657,0.8179450269067241
0.5669097881109953,0.9158563898955189,0.6343971079067342,0.5831493245280874,0.8871680384342526,0.6370407440442734,0.4823115886857188,0.7970465434065697,0.5478048186815277,0.6918524608473883,0.5801284517531224,0.9063093044585444,0.5628789988262898,0.907631395166788,0.8712950305155783,0.9283916889792793,0.8212519429978188
0.5606363489212757,0.9073584028557856,0.6275901021325633,0.5787614439823532,0.8812296820264456,0.6312560380824638,0.48091128995562904,0.7945312488363646,0.5449725365168439,0.6883648618008986,0.5767560381576916,0.9059648311387197,0.560690456375065,0.9068373169557934,0.8711851987961131,0.9254615296276213,0.81680827450041
0.5592422513235601,0.904639047003071,0.6272734972128344,0.5734228559850432,0.8742829254739167,0.6266764791960312,0.4782933401558958,0.7906073893068448,0.5426238147217401,0.6840053629927865,0.574776578003852,0.9009125557812923,0.5574429417700218,0.9030938053896762,0.8667919300175143,0.9204216555427699,0.8156715220940964
0.5655156905132798,0.9147233249568877,0.6343971079067342,0.581247909624936,0.8857114604474321,0.6362373126606886,0.48407718273670164,0.8007691793704731,0.5491173396846738,0.6940322102514443,0.582034598567931,0.9127394730952705,0.5651381394211024,0.9142109003436002,0.8761276261720368,0.9310874355828045,0.8234221066825997
0.5606363489212757,0.9070184833741963,0.6280650095121566,0.5759824529700549,0.8787647038949031,0.6310150086673884,0.48005893420687873,0.7942294134879401,0.5449034564640467,0.6883648618008986,0.5777091115650961,0.9052758844990705,0.5638673728365202,0.9084254733777825,0.8765669530498965,0.9360101032935897,0.8257989526230741
0.5585452025247024,0.9018063846564932,0.6263236824536478,0.5742273007517611,0.8767479036054593,0.6294884890385776,0.47945010867205695,0.7931226838770499,0.5434527753553062,0.6873185820869516,0.5763894714625363,0.905390708939012,0.5589255027853676,0.9052491605338042,0.8685492375289541,0.921945338405632,0.8162915688611767
0.554362909731556,0.8988604158160524,0.6207039451284602,0.5711557843697471,0.8732745253291947,0.6270781948878237,0.4751883299283054,0.7855768001664348,0.542969214985726,0.6868826322061404,0.576242844784474,0.9017163268608829,0.5560309788982639,0.9040013233450985,0.8752489724163168,0.9237034340166266,0.8124679471308484
0.5634245441167066,0.9135902600182566,0.633288990687683,0.578176393242922,0.8834705712369387,0.6365586852141225,0.48413806529018377,0.8011716265017059,0.5502226205294285,0.7019664980822083,0.5912720792858502,0.9260591081284886,0.5678208688774424,0.9113749067329053,0.8837060148151195,0.9463242642114253,0.8334461960837308
0.564818641714422,0.9158563898955189,0.6343971079067342,0.5805165962006469,0.8862716827500552,0.6387279499498011,0.48596454189464877,0.8024795796782125,0.5513969814269803,0.69969955870199,0.589145992453948,0.9230736726900084,0.5684562521697335,0.9142109003436002,0.8837060148151195,0.9448005813485634,0.8281757985635483
0.5548508438907563,0.8981805768528737,0.6242657504754102,0.5715945724243205,0.8723781696449977,0.6294884890385776,0.47896304824419966,0.7904061657412285,0.5435218554081034,0.6854004026113824,0.5738968179354786,0.8986160669824612,0.559984474939186,0.9050222810449486,0.86580344454233,0.9191323854280405,0.8155681809662495
0.5563146463683577,0.9023729171258088,0.6241074480155456,0.5711557843697471,0.8758515479212617,0.6300508910070868,0.480545994634736,0.7942294134879401,0.5449034564640467,0.68452850284976,0.5731636845451678,0.8983864181025785,0.559278493503307,0.9067238772113657,0.8712950305155783,0.9169054643207802,0.8144314285599359
0.5499715022987524,0.8942148495676648,0.6180128033107649,0.5625262859631364,0.8631905238819754,0.6240251556302019,0.4759798031235736,0.7855768001664348,0.5372355706035613,0.6776404947329427,0.5711109110522967,0.8939082649448583,0.5541248290213907,0.903661004111815,0.8582250558992472,0.912686034854393,0.807507572994206
0.5499017974188665,0.8916088002088134,0.6178545008509004,0.5649396202632901,0.8676723023029618,0.6236234399384096,0.47524921248178753,0.7868847533429414,0.5398606126098535,0.6803433839939723,0.5688381975423326,0.8931044938652677,0.5526422680060449,0.9034341246229595,0.8615200074831961,0.9111623519915311,0.8066808439714324
0.549135043740123,0.8905890417640453,0.6167463836318492,0.5639157814692856,0.8631905238819754,0.6231413811082588,0.47488391716089456,0.7848725176867772,0.5379263711315329,0.6776404947329427,0.566272230676244,0.8870187985483663,0.5529952587239844,0.9028669259008205,0.8614101757637312,0.9077633671436077,0.8036839512638779
0.5484379949412653,0.8892293638376879,0.6168255348617816,0.5634038620722832,0.8624062126583029,0.6223379497246742,0.47433597417955503,0.7838663998586953,0.5370974104979669,0.6775533047567807,0.5689848242203946,0.8916117761460278,0.5534894457290996,0.89209015018018,0.8563579166683427,0.9106935264952657,0.8056474326929655
0.5505291413378384,0.8909289612456347,0.6161131737923916,0.5645008322087167,0.8640868795661727,0.6242661850452773,0.47457950439348373,0.7854761883836265,0.5399987727154479,0.6794714842323499,0.5661256039981817,0.8886263407075475,0.5515832958522265,0.8944723848131637,0.8616298392026609,0.9094042563805361,0.8053374093094253
0.5022933644568833,0.8135406259371304,0.5630818497378048,0.5153565700964927,0.7857678016594357,0.5669011842573328,0.43397084122087903,0.7163558935943923,0.4908828551766628,0.6167818913716981,0.5169323535083111,0.8090530038280633,0.5044237359355124,0.8206231111906692,0.784088645260395,0.8267737626637843,0.734755418990121
0.5520626486953254,0.8961410599633377,0.6178545008509004,0.5678648739604464,0.8692409247503072,0.6261944203658804,0.4771365716397347,0.7883939300850643,0.5419330141937686,0.6826975133503528,0.569864584288768,0.8923007227856771,0.555254399318797,0.8949261437908749,0.8617396709221262,0.9137408922209899,0.8087476665283666
0.5483682900613793,0.888096298899057,0.6146884516536116,0.5632575993874254,0.8639748351056482,0.6237841262151265,0.4759798031235736,0.7879914829538316,0.5394461322930706,0.6769429749236449,0.5665654840323684,0.8913821272661445,0.5549720067444455,0.8949261437908749,0.8575660655824574,0.9071773352732762,0.8078175963777462
0.5477409461424076,0.8868499274665628,0.6136594856644928,0.5645739635511458,0.8665518576977153,0.6233020673849756,0.4766495112118774,0.7888969889991054,0.5411040535602026,0.6799074341131611,0.5680317508129903,0.889085638467314,0.5538424364470391,0.9044550823228097,0.8631674832751707,0.9099902882508679,0.8073008907385127
0.5411886874331447,0.8780120209452401,0.6078814458794409,0.5591622442114067,0.8569160340925944,0.6184814790834677,0.47068302097062514,0.7807474345916411,0.5348868488084576,0.6739785157341286,0.5645860238785284,0.8877077451880155,0.5534188475855117,0.8867584821920738,0.8517449844508143,0.9049504141660163,0.8053374093094253
0.5409098679136016,0.8760858105495672,0.606456723740661,0.5586503248144045,0.8589328343820383,0.6208114300958633,0.4729965580029474,0.7820553877681476,0.5378572910787357,0.6770301648998072,0.5647326505565907,0.8866743252285416,0.5525010717188691,0.8909557527359021,0.8574562338629923,0.9071773352732762,0.8042006569031113
0.5404219337544013,0.8765390365250197,0.6066941774304576,0.5585771934719754,0.8563558117899713,0.6175977045615246,0.4717180243798219,0.7793388696323262,0.5353013291252405,0.6725834761155328,0.5653924706078707,0.8859853785888924,0.5508067162727597,0.8850568860256567,0.8502073403783045,0.9054192396622817,0.8019271520904836
0.5428616045504033,0.8814112157611333,0.6118390073760518,0.5585771934719754,0.8573642119346933,0.6205704006807878,0.4726312626820544,0.7820553877681476,0.5378572910787357,0.6780764446137542,0.5686182575252392,0.8929896694253262,0.5554661937495607,0.9038878836006707,0.858444719338177,0.9102247009990004,0.8097810778068336
0.5400734093549724,0.8750660521047992,0.6074065384998476,0.5579921427325443,0.8542269670400028,0.6176780476998832,0.47013507798928555,0.7788358107182852,0.5357158094420236,0.6761582651381847,0.567005364066555,0.8874780963081322,0.5527128661496328,0.8919767104357522,0.8528433016454638,0.9058880651585468,0.8052340681815783
0.5410492776733733,0.8751793585986624,0.6071690848100509,0.5589428501841199,0.8541149225794779,0.616633586901223,0.4708656686310716,0.7805462110260247,0.5358539695476179,0.6760710751620225,0.5661256039981817,0.8856409052690677,0.5522892772881054,0.902640046411965,0.8532826285233237,0.9078805735176741,0.8036839512638779
0.5690009345075684,0.9237878444659366,0.6399376940019894,0.5924370050165585,0.8954593285130772,0.6379245185662165,0.48298129677402263,0.7987569437143092,0.5509825011101973,0.6965607195601493,0.5862867722317352,0.9174472751328734,0.5646439524159871,0.908198593888927,0.8771161116472215,0.9396435008896455,0.8257989526230741
0.5731832273007148,0.9237878444659366,0.6391461817026672,0.5917056915922694,0.8968038620393731,0.6372817734593487,0.4824333537926832,0.7989581672799255,0.5523641021661406,0.6976941892502585,0.5870932189610774,0.9188251684121719,0.5643615598416355,0.9094464310776327,0.8804110632311702,0.9402295327599771,0.8268323639015411
0.5696979833064261,0.91698945483415,0.6367716448047006,0.5874640737313929,0.8909775500920911,0.6343090773400855,0.4797545214394678,0.7945312488363646,0.5489100995262823,0.6942065902037687,0.5825477919411489,0.9128542975352119,0.5643615598416355,0.9035475643673874,0.8773357750861512,0.9334315630641308,0.8234221066825997
0.5683038857087107,0.9181225197727811,0.6338430492972087,0.5862208409101015,0.8900811944078936,0.6351125087236702,0.47987628654643216,0.7925190131802006,0.5469758580479617,0.6926371706328484,0.5829143586363044,0.9127394730952705,0.5619612229596471,0.9013922092232591,0.8700868816014634,0.934955245926993,0.8218719897648991
0.5641215929155643,0.9090580002637322,0.6304395464101232,0.5803703335157891,0.8784285705133291,0.6290064302084267,0.47567539035616274,0.7850737412523938,0.5417948540881742,0.6842669329212733,0.5766827248186606,0.9048165867393045,0.5580783250623128,0.8960605412351529,0.8633871467141007,0.9240550531388255,0.8155681809662495
0.5683038857087107,0.9158563898955189,0.6322600246985642,0.5872446797041062,0.8934425282236336,0.6351928518620286,0.48042422952777164,0.7926196249630089,0.5489791795790795,0.6958631997508513,0.5810815251605268,0.9109022820562059,0.5609022508058287,0.9005981310122646,0.8738211600632724,0.9346036268047939,0.8217686486370525
0.5613333977201334,0.9072450963619224,0.6260862287638511,0.5769331604216306,0.879436970658051,0.6282833419632006,0.47470126950044805,0.7826590584649968,0.5431764551441175,0.688888001657872,0.5860668322146418,0.9069982510981937,0.5630201951134655,0.9024131669231094,0.8660231079812597,0.9383542307749159,0.8152581575827094
0.5627274953178487,0.9090580002637322,0.6310727562495809,0.5801509394885024,0.8825742155527415,0.6313363812208223,0.4782324576024136,0.7882933183022561,0.547942978787122,0.6929859305374975,0.5870932189610774,0.9195141150518211,0.5685974484569093,0.910921147755194,0.8774456068056165,0.9433941048597675,0.8307593267597161
0.5627274953178487,0.9090580002637322,0.6317059660890387,0.5808822529127914,0.8831344378553647,0.6306936361139545,0.4789021656907175,0.7922171778317759,0.5469758580479617,0.6990892288688543,0.5874597856562328,0.9192844661719379,0.568103261451794,0.9119421054550442,0.8779947654029411,0.9435113112338339,0.8271423872850813
0.5641215929155643,0.9135902600182566,0.6314685123992421,0.5804434648582181,0.8859355493684812,0.6335056459565008,0.48060687718821815,0.7936257427910908,0.5486337793150937,0.6991764188450165,0.5912720792858502,0.9251405126089561,0.5689504391748487,0.9119421054550442,0.8837060148151195,0.9463242642114253,0.8334461960837308
0.564818641714422,0.9135902600182566,0.6314685123992421,0.5815404349946516,0.8892968831842212,0.6358355969688962,0.48060687718821815,0.7943300252707484,0.5511206612157917,0.7010074083444237,0.5884128590636372,0.9211216572110024,0.568103261451794,0.9110345874996219,0.8837060148151195,0.9463242642114253,0.8314827146546433
0.5641215929155643,0.9147233249568877,0.6328140833080896,0.5805897275430758,0.888960749802647,0.63406804792501,0.48133746783000414,0.7931226838770499,0.5481502189455134,0.695776009774689,0.5885594857416994,0.9213513060908857,0.5655617282826297,0.9071776361890768,0.8837060148151195,0.9440973431041655,0.8281757985635483
0.5613333977201334,0.9090580002637322,0.6277484045924278,0.5780301305580642,0.8838067046185126,0.6314167243591807,0.47762363206759206,0.7901043303928038,0.5477357386287305,0.7023152579868572,0.5908321992516636,0.922499550490301,0.5678208688774424,0.9119421054550442,0.8837060148151195,0.9463242642114253,0.8317927380381835
0.5567328756476723,0.900673319717862,0.6247406578550035,0.5764212410246282,0.8795490151185756,0.6276405968563328,0.4754927426957163,0.78919882434753,0.5456633370448155,0.6976941892502585,0.5860668322146418,0.9179065728926394,0.5631613914006414,0.9084254733777825,0.8775554385250813,0.9305014037124729,0.8267290227736945
0.5567328756476723,0.900673319717862,0.6247406578550035,0.5764212410246282,0.8795490151185756,0.6276405968563328,0.4754927426957163,0.78919882434753,0.5456633370448155,0.6976941892502585,0.5860668322146418,0.9179065728926394,0.5631613914006414,0.9084254733777825,0.8775554385250813,0.9305014037124729,0.8267290227736945
0.5571511049269869,0.9031660625828505,0.6246615066250711,0.5757630589427681,0.879436970658051,0.6292474596235021,0.4767712763188417,0.7879914829538316,0.5443508160416693,0.6983045190833942,0.5873864723172018,0.9183658706524054,0.5641497654108718,0.9050222810449486,0.874919477257922,0.9403467391340432,0.8263156582623077
0.5585452025247024,0.9035059820644398,0.6253738676944611,0.5771525544489173,0.8797731040396252,0.6299705478687284,0.4771365716397347,0.7894000479131464,0.5458014971504098,0.692462790680524,0.5842339987388643,0.9141173663745686,0.5650675412775145,0.9047954015560932,0.8760177944525716,0.9436285176079001,0.8272457284129282
0.5563843512482434,0.9003334002362728,0.6239491455556814,0.5767137663943439,0.8784285705133291,0.6275602537179743,0.4760406856770557,0.7889976007819136,0.5459396572560042,0.6922012207520372,0.5865800255878595,0.9191696417319964,0.564008569123696,0.9093329913332048,0.8774456068056165,0.9433941048597675,0.8267290227736945
0.5556873024493857,0.9011265456933146,0.6243449017053423,0.5749586141760502,0.8796610595791002,0.6293278027618605,0.4751883299283054,0.7858786355148594,0.545041616569641,0.693596260370633,0.5865800255878595,0.9094095643369656,0.564008569123696,0.903207245134104,0.8760177944525716,0.9392918817674466,0.8259022937509207
0.5561055317287004,0.8998801742608203,0.6221286672672401,0.5737885126971877,0.8771960814475578,0.6286047145166345,0.47500568226785883,0.7869853651257496,0.545041616569641,0.6911549410380904,0.580568331787309,0.907113075538135,0.5633731858314049,0.8941320655798805,0.8753588041357818,0.9392918817674466,0.8173249801396438
0.5545720243712133,0.8987471093221893,0.6218912135774435,0.5721064918213229,0.8742829254739167,0.6253106458439373,0.4741533265191086,0.7842688469899283,0.5428310548801317,0.6867954422299783,0.5796885717189358,0.9048165867393045,0.5576547362007855,0.8915229514580411,0.8619593343610559,0.9247582913832234,0.81680827450041
0.5490653388602372,0.8882096053929202,0.615163359033205,0.5678648739604464,0.8670000355398138,0.6206507438191463,0.47025684309625,0.7796407049807508,0.5413112937185941,0.685661972539869,0.574849891342883,0.9026349223804149,0.5540542308778028,0.8868719219365016,0.8625084929583808,0.9222969575278308,0.810814489085301
0.553456746293041,0.8977273508774212,0.6203873402087314,0.5736422500123299,0.8786526594343783,0.6284440282399174,0.4761624507840201,0.7996624497595828,0.5554727045420131,0.7021408780345327,0.5895125591491037,0.9227291993701838,0.5669736911543877,0.9103539490330551,0.8716245256739732,0.9415188028747066,0.8301392799926361
0.5533173365332694,0.8942148495676648,0.6218912135774435,0.571302047054605,0.8736106587107687,0.6259533909508052,0.4761624507840201,0.7900037186099955,0.552087781954952,0.6980429491549074,0.5886327990807304,0.9241070926494823,0.5689504391748487,0.9110345874996219,0.8762374578915016,0.9390574690193139,0.8334461960837308
0.5476712412625216,0.8833374261568062,0.6147676028835437,0.567426085905873,0.8652073241714192,0.6204900575424294,0.4712918465054467,0.781250493505682,0.5407586532962168,0.6849644527305712,0.5760229047673806,0.9018311513008243,0.5534894457290996,0.9022997271786817,0.8608610171664063,0.920890481039035,0.8086443254005199
0.5464862583044636,0.8810712962795441,0.6124722172155095,0.5666947724815838,0.8622941681977783,0.619043881051977,0.4705003733101786,0.7805462110260247,0.539653372451462,0.6843541228974355,0.5744100113086963,0.8982715936626366,0.5530658568675723,0.8914095117136133,0.8596528682522918,0.9207732746649687,0.8093677132954469
0.540840163033716,0.878918472896145,0.6094644704780852,0.5622337605934207,0.8612857680530563,0.6178387339766,0.46867389670571363,0.778232140021436,0.5385480916067074,0.681302473731757,0.574849891342883,0.9025200979404735,0.5540542308778028,0.8865316027032182,0.8566874118267376,0.9179603216873772,0.814018064048549
0.5407007532739443,0.8760858105495672,0.6078814458794409,0.5619412352237051,0.8598291900662357,0.6174370182848078,0.467699775849999,0.7750125629715736,0.5364066099699952,0.680604953922459,0.5733103112232297,0.9001087847017011,0.5541954271649786,0.8868719219365016,0.8543809457179733,0.9178431153133109,0.8119512414916147
0.5391672459164574,0.8724600027459478,0.605744362671271,0.5599666889781246,0.8578123897767918,0.6156694692409216,0.46648212478035567,0.7713905387904785,0.5347486887028633,0.6775533047567807,0.5714774777474522,0.8958602804238646,0.5522186791445175,0.8822208924149618,0.8497680135004447,0.9149129559616529,0.8069908673549726
0.5400734093549724,0.8746128261293469,0.6063775725107285,0.5601860830054113,0.8577003453162672,0.6155087829642045,0.467334480529106,0.77521378653719,0.5356467293892264,0.6779020646614295,0.5743366979696654,0.9018311513008243,0.5525716698624571,0.8835821693480954,0.852184311328674,0.9171398770689131,0.8117445592359214
0.5427918996705177,0.8792583923777343,0.610493436467204,0.5648664889208612,0.8639748351056482,0.6202490281273539,0.4703177256497321,0.7820553877681476,0.5487028593678908,0.6945553501084177,0.5844539387559576,0.9204327105713531,0.565491130139042,0.9070641964446489,0.8714048622350432,0.934955245926993,0.8285891630749354
0.5773655200938613,0.939650753606772,0.6526018907911444,0.599750139259449,0.9122659975917761,0.6537521168228342,0.49436633427518767,0.8171688999682098,0.5657656324087909,0.7153065644350313,0.6008028133598936,0.9421345297203036,0.5816581050206698,0.9300924645634913,0.9001807727348644,0.9615610928400462,0.8489473652607377
0.5773655200938613,0.939650753606772,0.6526018907911444,0.599750139259449,0.9122659975917761,0.6537521168228342,0.49436633427518767,0.8171688999682098,0.5657656324087909,0.7153065644350313,0.6008028133598936,0.9421345297203036,0.5816581050206698,0.9300924645634913,0.9001807727348644,0.9615610928400462,0.8489473652607377
0.5766684712950034,0.9328523639749855,0.6470613046958892,0.5931683184408475,0.9039747075129515,0.6450750578801199,0.4890086695687571,0.80821445129828,0.5595484276570459,0.7092032661036743,0.5956708796277164,0.9352450633238113,0.5760102535336382,0.9210172850092677,0.8924925523723165,0.9568728378773937,0.843780308868402
0.5794566664904344,0.9351184938522477,0.646269792396567,0.5953622587137146,0.9066637745655431,0.6468426069240061,0.4887042568013462,0.8101260751716358,0.5595484276570459,0.7100751658652967,0.5978702797986496,0.9363933077232269,0.5724803463542435,0.9210172850092677,0.894689186761616,0.9568728378773937,0.8396466637545335
0.5710920809041417,0.9215217145886744,0.6391461817026672,0.5869521543343906,0.8923220836183867,0.6367997146291979,0.48237247123920096,0.7969459316237615,0.5507752609518058,0.6985660890118809,0.5873131589781705,0.9211216572110024,0.567397280015915,0.9071776361890768,0.8805208949506352,0.9417532156228391,0.8300359388647892
0.5669097881109953,0.91698945483415,0.6367716448047006,0.5831493245280874,0.8836946601579881,0.6314167243591807,0.4784151052628602,0.7901043303928038,0.5461468974143957,0.6902830412764679,0.5818879718898691,0.9127394730952705,0.5647145505595751,0.9044550823228097,0.8695377230041386,0.9350724523010593,0.8260056348787675
0.5710920809041417,0.9226547795273055,0.6383546694033452,0.5853432648009547,0.891985950236813,0.6368800577675564,0.4810330550625933,0.797247766972186,0.5511897412685888,0.6965607195601493,0.589072679114917,0.9221550771704763,0.5650675412775145,0.9041147630895264,0.8773357750861512,0.9417532156228391,0.8294158920977089
0.567606836909853,0.9192555847114122,0.6351886202060564,0.5832224558705165,0.888960749802647,0.6355945675538208,0.4797545214394678,0.7945312488363646,0.547114018153556,0.6956016298223646,0.5876064123342951,0.9204327105713531,0.5626672043955261,0.9010518899899759,0.8711851987961131,0.9425736602413034,0.8259022937509207
0.5592422513235601,0.9035059820644398,0.6284607656618177,0.5751048768609079,0.8743949699344412,0.6253909889822958,0.475066564821341,0.7844700705555445,0.5404132530322309,0.6827847033265151,0.5769026648357539,0.9072278999780764,0.5604786619443012,0.8954933425130138,0.8628379881167758,0.9237034340166266,0.8181517091624173
0.5634245441167066,0.9135902600182566,0.6315476636291742,0.5793464947217845,0.8836946601579881,0.6318184400509731,0.47914569590464623,0.7929214603114335,0.5471830982063531,0.6997867486781523,0.5912720792858502,0.9260591081284886,0.5689504391748487,0.9119421054550442,0.88085039010903,0.9463242642114253,0.8334461960837308
0.5745773248984304,0.9294531691590922,0.6431037431992782,0.5917056915922694,0.9019579072235075,0.6460391755404215,0.4885824916943819,0.8074095570358144,0.5588576271290743,0.7109470656269192,0.5971371464083385,0.9340968189243959,0.5738923092260014,0.9198828875649899,0.8902959179830173,0.9592169653587199,0.8396466637545335
0.5669097881109953,0.9158563898955189,0.6343971079067342,0.5824180111037984,0.8890727942631717,0.6365586852141225,0.48176364570437935,0.7979520494518436,0.5504989407406171,0.6999611286304767,0.591198765946819,0.925255337048898,0.5664795041492725,0.9091061118443493,0.878543924000266,0.9463242642114253,0.8310693501432562
0.5627274953178487,0.9101910652023634,0.6320225710087676,0.5794927574066422,0.8824621710922168,0.6324611851578408,0.4782324576024136,0.7924184013973923,0.5476666585759333,0.6922012207520372,0.5831342986533976,0.9208920083311193,0.566055915287745,0.9069507567002213,0.8805208949506352,0.9457382323410938,0.8292092098420156
0.5627274953178487,0.9101910652023634,0.6311519074795132,0.5806628588855048,0.8858235049079566,0.6333449596797839,0.47951099122553914,0.7936257427910908,0.5489100995262823,0.6965607195601493,0.5848938187901442,0.9160693818535749,0.5621730173904108,0.9049088413005208,0.8762374578915016,0.9423392474931707,0.8248688824724536
0.5565934658879007,0.8996535612730941,0.6264028336835799,0.5762018469973416,0.8757395034607371,0.6272388811645405,0.47543186014223404,0.7844700705555445,0.5424165745633487,0.6854004026113824,0.5777091115650961,0.9050462356191873,0.558007726918725,0.8979890168904253,0.8630576515557058,0.9233518148944277,0.8142247463042424
0.5561055317287004,0.900560013223999,0.6236325406359523,0.5751048768609079,0.8768599480659838,0.6280423125481251,0.475066564821341,0.783665176293079,0.543798175619292,0.6902830412764679,0.5807149584653714,0.918251046212464,0.5635143821185807,0.902072847689826,0.8753588041357818,0.9391746753933802,0.8257989526230741
0.5571511049269869,0.9021463041380825,0.6248198090849356,0.5779569992156353,0.879436970658051,0.6303722635605207,0.4773801018536633,0.7908086128724612,0.5481502189455134,0.6940322102514443,0.5909055125906947,0.9249108637290733,0.567467878159503,0.9099001900553437,0.881179885267425,0.9463242642114253,0.8322061025495703
0.5556873024493857,0.900673319717862,0.6229993307964946,0.5748123514911924,0.8793249261975263,0.628363685101559,0.4751883299283054,0.7856774119492429,0.545456096886424,0.6982173291072319,0.5867999656049528,0.9195141150518211,0.5666912985800362,0.9038878836006707,0.8803012315117055,0.9397607072637117,0.830449303376176
0.5592422513235601,0.9047523534969341,0.6264819849135123,0.5799315454612156,0.8839187490790372,0.6327825577112747,0.4788412831372354,0.7930220720942416,0.5484956192094993,0.7010074083444237,0.5912720792858502,0.9260591081284886,0.5689504391748487,0.9119421054550442,0.8837060148151195,0.9463242642114253,0.8334461960837308
0.5592422513235601,0.9039592080398924,0.6257696238441223,0.5778838678732063,0.8814537709474948,0.6321398126044069,0.4775627495141099,0.7922171778317759,0.5481502189455134,0.7003098885351258,0.5912720792858502,0.9260591081284886,0.5689504391748487,0.9108077080107663,0.8837060148151195,0.9463242642114253,0.8334461960837308
0.5578481537258447,0.9010132391994514,0.6249781115448001,0.5765675037094862,0.8806694597238222,0.629408145900219,0.47671039376535945,0.7870859769085577,0.5455942569920185,0.6907189911572791,0.5808615851434334,0.9094095643369656,0.5605492600878892,0.8993502938235589,0.8671214251759093,0.9308530228346719,0.8198051672079649
0.564818641714422,0.9135902600182566,0.6327349320781575,0.5831493245280874,0.8886246164210732,0.637683489151141,0.482007175918308,0.7962416491441041,0.5513969814269803,0.6980429491549074,0.5867266522659218,0.9200882372515286,0.5689504391748487,0.9084254733777825,0.8760177944525716,0.9410499773784412,0.8306559856318696
0.550389731578067,0.8913821872210871,0.6183294082304938,0.5715945724243205,0.8712577250397509,0.6233020673849756,0.47147449416589327,0.7799425403291754,0.5423474945105515,0.6888008116817098,0.5799818250750601,0.9075723732979011,0.5556073900367365,0.901505648967687,0.8632773149946356,0.9381198180267832,0.8152581575827094
0.5787596176915767,0.9328523639749855,0.642312230899956,0.5924370050165585,0.902406085065606,0.6425040774526489,0.48511218614589846,0.802680803243829,0.5530549026941124,0.6995251787496655,0.5912720792858502,0.9260591081284886,0.568809242887673,0.9130765028993221,0.8816192121452852,0.9474963279520885,0.8329294904444972
0.549135043740123,0.8919487196904027,0.6172212910114425,0.5694737634938823,0.8680084356845358,0.6237841262151265,0.4732400882168761,0.7830615055962298,0.5431073750913203,0.6888008116817098,0.5873864723172018,0.9190548172920546,0.5633025876878172,0.902072847689826,0.8651444542255401,0.9335487694381971,0.8259022937509207
0.5488562242205799,0.8871898469481521,0.615875720102595,0.5688155814120222,0.8652073241714192,0.621293488926014,0.4703177256497321,0.7803449874604084,0.5408968134018111,0.6861851123968425,0.5796152583799048,0.906653777778369,0.5633025876878172,0.8925439091578913,0.8628379881167758,0.9290949272236771,0.8166015922447168
0.5483682900613793,0.8853769430463424,0.6138177881243573,0.5691812381241667,0.8677843467634864,0.6206507438191463,0.47153537671937545,0.7799425403291754,0.5415185338769856,0.6863594923491669,0.5785888716334693,0.9065389533384272,0.5547602123136818,0.902072847689826,0.8643756321892851,0.9271024188645498,0.8126746293865416
0.5562449414884719,0.8987471093221893,0.622445272186969,0.5762749783397704,0.879436970658051,0.6310953518057468,0.47622333333750216,0.7888969889991054,0.5489791795790795,0.6962119596555004,0.5882662323855751,0.9160693818535749,0.561255241523768,0.8990099745902755,0.8788734191586609,0.9463242642114253,0.8273490695407748
0.5487865193406941,0.8897958963070035,0.6175378959311716,0.5674992172483018,0.8702493248950288,0.6240251556302019,0.47250949757509003,0.7838663998586953,0.5509825011101973,0.6969966694409605,0.5863600855707661,0.9220402527305349,0.5663383078620966,0.9022997271786817,0.8740408235022025,0.9322594993234676,0.8261089760066143
0.5556175975695,0.8989737223099155,0.6243449017053423,0.5753242708881947,0.8784285705133291,0.6316577537742561,0.4789021656907175,0.7931226838770499,0.5489100995262823,0.6959503897270137,0.5878263523513885,0.9171028018130487,0.5647145505595751,0.9055894797670876,0.8826076976204698,0.9463242642114253,0.8270390461572347
0.548228880301608,0.8868499274665628,0.6150050565733404,0.5675723485907308,0.8709215916581768,0.6239448124918434,0.4713527290589289,0.7820553877681476,0.5435218554081034,0.6970838594171228,0.5850404454682065,0.9160693818535749,0.5624554099647624,0.9012787694788316,0.8793127460365207,0.9416360092487728,0.8245588590889135
0.5458589143854917,0.8808446832918179,0.6128679733651707,0.5668410351664418,0.8639748351056482,0.6203293712657125,0.47147449416589327,0.7818541642025313,0.5405514131378253,0.6866210622776537,0.576975978174785,0.9020608001807074,0.5536306420162754,0.8927707886467467,0.8609708488858715,0.925344323253555,0.8111245124688411
0.5447436363073193,0.8790317793900081,0.6101768315474752,0.5647933575784324,0.8630784794214508,0.6187225084985432,0.46970890011491045,0.7795400931979426,0.5385480916067074,0.6836566030881375,0.5751431446990074,0.8999939602617597,0.5524304735752812,0.8882331988696349,0.859323373093897,0.9228829893981624,0.807920937505593
0.564818641714422,0.9317192990363542,0.6526018907911444,0.600481452683738,0.9178682206180091,0.6553589795900034,0.495583985344831,0.8181750177962919,0.5643840313528476,0.7135627649117865,0.6022690801405158,0.9444310185191342,0.5767162349695172,0.9244204773421015,0.8968858211509153,0.9627331565807096,0.8458471314253362
0.5815478128870076,0.939650753606772,0.6494358415938558,0.5946309452894256,0.9033024407498035,0.6455571167102707,0.48766925339214945,0.8065040509905406,0.5567852255451592,0.7057156670571847,0.5927383460664722,0.9283555969273191,0.5724803463542435,0.9187484901207118,0.8870009663990682,0.9498404554334148,0.836546429919132
0.5787596176915767,0.9362515587908787,0.646269792396567,0.5924370050165585,0.9029663073682296,0.6438699108047429,0.4858427767876844,0.8046930388999929,0.5560944250171876,0.7041462474862643,0.5912720792858502,0.925255337048898,0.5689504391748487,0.9111480272440496,0.884804332009769,0.9486683916927517,0.8331361727001907
0.5815478128870076,0.9419168834840341,0.6494358415938558,0.5968248855622927,0.9066637745655431,0.6475656951692323,0.48973926021054304,0.8068058863389652,0.5555417845948103,0.7065875668188071,0.5949377462374055,0.9295038413267345,0.5710683834824856,0.9187484901207118,0.8859026492044186,0.9521845829147412,0.835513018640665
0.5787596176915767,0.9351184938522477,0.646269792396567,0.5931683184408475,0.900837462618261,0.6430664794211582,0.48748660573170294,0.8052967095968422,0.5551273042780274,0.7042334374624267,0.5908321992516636,0.9255998103687222,0.5710683834824856,0.9164796952321561,0.884804332009769,0.9486683916927517,0.8344796073621978
0.5759714224961457,0.9305862340977232,0.6431037431992782,0.5902430647436913,0.8996049735524896,0.6422630480375735,0.48566012912723794,0.8015740736329388,0.5556799447004046,0.7027512078676685,0.5895858724881348,0.9250256881690146,0.5686680466004971,0.9095598708220606,0.884804332009769,0.9474963279520885,0.83158605578249
0.572486178501857,0.9249209094045677,0.6375631571040229,0.5848313454039523,0.8924341280789115,0.6376031460127825,0.482007175918308,0.7932232956598579,0.5478048186815277,0.6954272498700401,0.5866533389268908,0.9176769240127562,0.5626672043955261,0.9025266066675373,0.8738211600632724,0.9408155646303086,0.8251789058559937
0.5738802760995726,0.9260539743431987,0.6399376940019894,0.5868058916495327,0.8964677286577991,0.6384065773963672,0.48365100486232643,0.7978514376690353,0.5513969814269803,0.7000483186066391,0.5884861724026683,0.9208920083311193,0.5648557468467508,0.9043416425783819,0.8763472896109665,0.9433941048597675,0.8259022937509207
0.5627274953178487,0.9101910652023634,0.6298063365706653,0.5799315454612156,0.8798851485001498,0.6291671164851437,0.476527746104913,0.7898024950443792,0.5448343764112494,0.6903702312526302,0.5862134588927042,0.9087206176973164,0.5589255027853676,0.8977621374015697,0.8772259433666865,0.9394090881415128,0.8172216390117971
0.567606836909853,0.9158563898955189,0.6341596542169375,0.5800778081460735,0.8858235049079566,0.6345501067551609,0.4801198167603608,0.7946318606191728,0.5480120588399192,0.6950784899653911,0.5841606853998332,0.915035961894101,0.564008569123696,0.904228202833954,0.878104597122406,0.9408155646303086,0.826935705029388
0.5752743736972881,0.9328523639749855,0.6438952554986004,0.5895117513194023,0.8985965734077677,0.6424237343142906,0.4866951325364347,0.8047936506828011,0.5561635050699848,0.7038846775577776,0.5927383460664722,0.9295038413267345,0.5717743649183645,0.9164796952321561,0.884804332009769,0.9486683916927517,0.835513018640665
0.5683038857087107,0.9203886496500432,0.6375631571040229,0.5841000319796633,0.8885125719605486,0.6367193714908393,0.4820680584717902,0.797247766972186,0.550844341004603,0.697171049393285,0.5868732789439841,0.9175620995728148,0.5673266818723272,0.9089926720999215,0.8761276261720368,0.940581151882176,0.8288991864584755
0.564818641714422,0.9158563898955189,0.6331306882278187,0.5798584141187868,0.8825742155527415,0.6317380969126146,0.4784151052628602,0.7932232956598579,0.5469067779951645,0.6915908909189016,0.5823278519240557,0.9142321908145103,0.5615376340981197,0.8993502938235589,0.8710753670766482,0.934252007682595,0.8221820131484392
0.5696979833064261,0.9226547795273055,0.6383546694033452,0.5846119513766657,0.8909775500920911,0.6384065773963672,0.48413806529018377,0.7993606144111584,0.5510515811629945,0.6970838594171228,0.5878996656904195,0.9222699016104177,0.5652793357082782,0.9091061118443493,0.8762374578915016,0.9437457239819664,0.8285891630749354
0.5738802760995726,0.9260539743431987,0.642312230899956,0.5895117513194023,0.89624363973675,0.6424237343142906,0.4862689546620596,0.8048942624656094,0.55457466385565,0.7017049281537215,0.5899524391832903,0.9237626193296576,0.5686680466004971,0.915345297787878,0.8824978659010047,0.9455038195929614,0.8288991864584755
0.562030446518991,0.9113241301409944,0.6310727562495809,0.5806628588855048,0.8868319050526785,0.6339877047866517,0.4796936388859857,0.7942294134879401,0.5548509840668385,0.7048437672955623,0.5912720792858502,0.9260591081284886,0.5689504391748487,0.9119421054550442,0.8837060148151195,0.9463242642114253,0.8334461960837308
0.562030446518991,0.9113241301409944,0.6310727562495809,0.5806628588855048,0.8868319050526785,0.6339877047866517,0.4796936388859857,0.7942294134879401,0.5548509840668385,0.7048437672955623,0.5912720792858502,0.9260591081284886,0.5689504391748487,0.9119421054550442,0.8837060148151195,0.9463242642114253,0.8334461960837308
0.5683038857087107,0.91698945483415,0.6351886202060564,0.5851970021160968,0.8934425282236336,0.6388082930881596,0.4828595316670583,0.7991593908455419,0.5544365037500556,0.7030999677723174,0.591052139268757,0.9244515659693068,0.5668324948672119,0.9100136297997716,0.884804332009769,0.9486683916927517,0.8313793735267964
0.5571511049269869,0.8992003352976417,0.6241865992454778,0.5740079067244743,0.8761876813028359,0.6261944203658804,0.47482303460741243,0.7858786355148594,0.542969214985726,0.6876673419916007,0.5796152583799048,0.906653777778369,0.5586431102110161,0.8943589450687359,0.8640461370308903,0.9278056571089477,0.8172216390117971
0.5496229778993234,0.8896825898131405,0.6176961983910358,0.5687424500695932,0.8693529692108317,0.622498636001391,0.4725703801285722,0.7819547759853396,0.5414494538241884,0.6842669329212733,0.5760962181064119,0.9033238690200641,0.555960380754676,0.9030938053896762,0.86536411766447,0.9260475614979529,0.8138113817928555
0.5553387780499567,0.8979539638651475,0.622761877106698,0.5741541694093323,0.8784285705133291,0.6292474596235021,0.4763450984444666,0.7895006596959546,0.5463541375727873,0.6927243606090107,0.5818879718898691,0.9120505264556212,0.559984474939186,0.8995771733124145,0.8708557036377181,0.9322594993234676,0.8206318962307385
0.5553387780499567,0.8999934807546834,0.6235533894060202,0.5733497246426144,0.8774201703686072,0.6292474596235021,0.4775627495141099,0.7899031068271873,0.5451106966224382,0.6889751916340343,0.5818146585508378,0.9120505264556212,0.5614670359545318,0.8991234143347034,0.8667919300175143,0.9327283248197329,0.8214586252535123
0.551574714536125,0.890249122282456,0.6188834668400192,0.5702782082606003,0.8720420362634236,0.6256320183973713,0.4726312626820544,0.7831621173790378,0.5418639341409714,0.6860979224206802,0.5771226048528472,0.9041276400996553,0.5623848118211744,0.9029803656452483,0.8745899820995271,0.923469021268494,0.8239388123218332
0.5512958950165819,0.895347914506296,0.6204664914386635,0.5713751783970338,0.8748431477765402,0.6287654007933513,0.47543186014223404,0.7851743530352019,0.5438672556720893,0.6883648618008986,0.5788821249895938,0.9068834266582518,0.5580783250623128,0.8937917463465971,0.8665722665785847,0.9369477542861203,0.8155681809662495
0.5530385170137263,0.8963676729510639,0.6218120623475113,0.5709363903424604,0.8741708810133921,0.6278012831330497,0.47500568226785883,0.7870859769085577,0.5432455351969148,0.6884520517770608,0.5793953183628114,0.9086057932573749,0.5611846433801803,0.8977621374015697,0.8640461370308903,0.9271024188645498,0.8201151905915048
0.5416069167124594,0.8784652469206926,0.6099393778576785,0.5623068919358496,0.8606135012899083,0.6179994202533169,0.46830860138482067,0.7765217397136966,0.5367520102339811,0.6811280937794325,0.5777091115650961,0.9048165867393045,0.5549014086008576,0.8873256809142127,0.8554792629126232,0.925344323253555,0.8129846527700817
0.5416069167124594,0.8784652469206926,0.6099393778576785,0.5623068919358496,0.8606135012899083,0.6179994202533169,0.46830860138482067,0.7765217397136966,0.5367520102339811,0.6811280937794325,0.5777091115650961,0.9048165867393045,0.5549014086008576,0.8873256809142127,0.8554792629126232,0.925344323253555,0.8129846527700817
0.5416069167124594,0.8784652469206926,0.6099393778576785,0.5623068919358496,0.8606135012899083,0.6179994202533169,0.46830860138482067,0.7765217397136966,0.5367520102339811,0.6811280937794325,0.5777091115650961,0.9048165867393045,0.5549014086008576,0.8873256809142127,0.8554792629126232,0.925344323253555,0.8129846527700817
0.5481591754217221,0.8900225092947298,0.6180128033107649,0.5688887127544511,0.8723781696449977,0.6248285870137866,0.4737880311982156,0.783765788075887,0.5423474945105515,0.6886264317293853,0.5831342986533976,0.9141173663745686,0.5601256712263618,0.8950395835353028,0.8637166418724956,0.9395262945155792,0.820838578486432
0.540212819114744,0.8733664546968526,0.6082772020291018,0.5612830531418449,0.8573642119346933,0.6172763320080907,0.4675780107430346,0.7758174572340392,0.5369592503923727,0.681651233636406,0.5730170578671054,0.8974678225830459,0.5534894457290996,0.8877794398919239,0.8551497677542282,0.9179603216873772,0.8084376431448265
0.5416766215923453,0.8765390365250197,0.6080397483393052,0.5608442650872715,0.8585967010004644,0.6182404496683923,0.4681259537243741,0.7756162336684228,0.5359921296532123,0.6807793338747835,0.575583024733194,0.9019459757407661,0.5520774828573418,0.883809048836951,0.8532826285233237,0.9235862276425604,0.8093677132954469
0.5394460654360004,0.8721200832643584,0.6047153966821521,0.5600398203205535,0.8559076339478724,0.614383979027186,0.46623859456642697,0.7713905387904785,0.5340578881748916,0.6769429749236449,0.5702311509839235,0.8924155472256184,0.5505243236984081,0.8829015308815287,0.8502073403783045,0.9124516221062604,0.8040973157752647
0.5662127393121374,0.9305862340977232,0.6470613046958892,0.5953622587137146,0.9029663073682296,0.6468426069240061,0.4881563138200068,0.8057997685108831,0.5563016651755791,0.7065875668188071,0.5949377462374055,0.9318003301255654,0.5688798410312608,0.9142109003436002,0.8859026492044186,0.9545287103960675,0.8334461960837308
0.5662127393121374,0.9305862340977232,0.6470613046958892,0.5953622587137146,0.9029663073682296,0.6468426069240061,0.4881563138200068,0.8057997685108831,0.5563016651755791,0.7065875668188071,0.5949377462374055,0.9318003301255654,0.5688798410312608,0.9142109003436002,0.8859026492044186,0.9545287103960675,0.8334461960837308
0.5731832273007148,0.9339854289136165,0.6518103784918222,0.599750139259449,0.9089046637760365,0.6475656951692323,0.4910786763871507,0.8111321929997177,0.5602392281850176,0.7083313663420521,0.5942046128470945,0.9295038413267345,0.5717743649183645,0.9198828875649899,0.8902959179830173,0.9545287103960675,0.8344796073621978
0.572486178501857,0.9362515587908787,0.650227353893178,0.5982875124108709,0.910025108381283,0.6480477539993831,0.48992190787098955,0.8099248516060195,0.5595484276570459,0.7092032661036743,0.5942046128470945,0.9306520857261501,0.5710683834824856,0.9176140926764339,0.8913942351776669,0.9545287103960675,0.8375798411975994
0.5731832273007148,0.9305862340977232,0.642312230899956,0.5888535692375421,0.8952352395920281,0.6394510381950272,0.484564243164559,0.8005679558048567,0.552916742588518,0.7001355085828012,0.5920052126761612,0.9272073525279039,0.567397280015915,0.9092195515887772,0.88085039010903,0.9474963279520885,0.8325161259331104
0.5717891297029993,0.92718703928183,0.641520718600634,0.5879028617859663,0.8951231951315032,0.6379245185662165,0.4839554176297373,0.7970465434065697,0.5519496218493576,0.7006586484397747,0.5912720792858502,0.9235329704497748,0.5655617282826297,0.9063835579780823,0.8804110632311702,0.9498404554334148,0.8280724574357018
0.5690009345075684,0.9181225197727811,0.6383546694033452,0.5840269006372344,0.8862716827500552,0.6345501067551609,0.4799371690999143,0.7911104482208857,0.5476666585759333,0.6943809701560932,0.5851137588072376,0.9164138551733995,0.5633731858314049,0.904228202833954,0.8727228428686228,0.9385886435230486,0.8249722236003005
0.5696979833064261,0.9203886496500432,0.6383546694033452,0.5846850827190945,0.8879523496579251,0.6343090773400855,0.4793892261185749,0.7943300252707484,0.5478738987343249,0.6942065902037687,0.5877530390123572,0.9207771838911778,0.5631613914006414,0.9017325284565426,0.872063852551833,0.9402295327599771,0.8271423872850813
0.5717891297029993,0.92718703928183,0.641520718600634,0.5866596289646749,0.8915377723947142,0.637683489151141,0.4820680584717902,0.7958392020128712,0.5512588213213859,0.7000483186066391,0.5892926191320104,0.922499550490301,0.565349933851866,0.9059297990003711,0.8794225777559856,0.9455038195929614,0.8285891630749354
0.570395032105284,0.9226547795273055,0.6399376940019894,0.58497760808881,0.8899691499473691,0.6359962832456133,0.48194629336482575,0.7961410373612958,0.5484265391567023,0.6966479095363116,0.589805812505228,0.921466130530827,0.5644321579852234,0.9033206848785317,0.8742604869411322,0.9433941048597675,0.8282791396913952
0.562030446518991,0.907698322337375,0.6297271853407332,0.5778107365307775,0.8806694597238222,0.6296491753152944,0.4760406856770557,0.7876896476054069,0.5446271362528581,0.691416510966577,0.5865800255878595,0.909868862096732,0.5644321579852234,0.904228202833954,0.8763472896109665,0.9430424857375685,0.826935705029388
0.5627274953178487,0.9113241301409944,0.6323391759284963,0.5810285155976492,0.8827983044737907,0.6313363812208223,0.4775018669606277,0.7888969889991054,0.545041616569641,0.6903702312526302,0.5832076119924289,0.9205475350112947,0.5670442892979756,0.9053626002782321,0.8673410886148394,0.9361273096676559,0.8276590929243149
0.5641215929155643,0.9113241301409944,0.6333681419176154,0.581979223049225,0.8830223933948402,0.6321398126044069,0.4773801018536633,0.7899031068271873,0.5461468974143957,0.6927243606090107,0.5842339987388643,0.913083946415095,0.5661265134313329,0.9060432387447989,0.8701967133209284,0.9329627375678655,0.8292092098420156
0.564818641714422,0.9135902600182566,0.6328140833080896,0.5818329603643673,0.8853753270658581,0.63406804792501,0.48066775974170034,0.7931226838770499,0.5489100995262823,0.6951656799415534,0.5857735788585174,0.9188251684121719,0.5659853171441571,0.9050222810449486,0.8741506552216672,0.9391746753933802,0.8293125509698623
0.562030446518991,0.9079249353251011,0.6323391759284963,0.5819060917067961,0.8810055931053963,0.6307739792523129,0.4771365716397347,0.7876896476054069,0.5443508160416693,0.6901086613241434,0.5800551384140914,0.9096392132168488,0.5616082322417075,0.9012787694788316,0.8667919300175143,0.9292121335977436,0.8195984849522715
0.5606363489212757,0.9079249353251011,0.6301229414903942,0.5783226559277798,0.8812296820264456,0.6291671164851437,0.47579715546312706,0.7879914829538316,0.5430382950385232,0.6879289119200874,0.5802750784311848,0.9106726331763227,0.5601256712263618,0.8951530232797305,0.8641559687503554,0.9293293399718098,0.8203218728471983
0.554990253650528,0.8989737223099155,0.6241865992454778,0.5742273007517611,0.8775322148291317,0.6269175086111066,0.4743968567330372,0.7848725176867772,0.5443508160416693,0.68958552146717,0.5865800255878595,0.9184806950923472,0.5664795041492725,0.9029803656452483,0.8800815680727754,0.9430424857375685,0.8300359388647892
0.5655156905132798,0.9135902600182566,0.6351886202060564,0.581979223049225,0.8884005275000237,0.6352731950003871,0.48042422952777164,0.7953361430988303,0.5498081402126456,0.6955144398462025,0.5872398456391394,0.921466130530827,0.5661971115749208,0.9043416425783819,0.8759079627331067,0.9398779136377782,0.8296225743534025
0.5592422513235601,0.9067918703864701,0.6289356730414111,0.5779569992156353,0.8815658154080196,0.6314167243591807,0.4782324576024136,0.7894000479131464,0.54628505751999,0.6933346904421464,0.5889993657758861,0.9216957794107102,0.5626672043955261,0.9007115707566925,0.8703065450403935,0.9444489622263644,0.8295192332255559
0.5592422513235601,0.9040725145337554,0.628619068121682,0.5798584141187868,0.8799971929606741,0.6309346655290299,0.4782324576024136,0.7909092246552694,0.5455251769392212,0.692811550585173,0.5873131589781705,0.9197437639317039,0.562737802539114,0.903774443856243,0.8696475547236037,0.9410499773784412,0.8283824808192419
0.556175236608586,0.8989737223099155,0.6240282967856136,0.5764212410246282,0.8769719925265086,0.6270781948878237,0.47500568226785883,0.7859792472976674,0.542485654616146,0.6879289119200874,0.581154838499558,0.9084909688174335,0.558007726918725,0.898215896379281,0.8655837811034,0.9302669909643402,0.8173249801396438
0.5585452025247024,0.9037325950521661,0.6259279263039867,0.5752511395457658,0.8788767483554277,0.6293278027618605,0.47622333333750216,0.7860798590804757,0.5437290955664948,0.6901086613241434,0.584087372060802,0.9129691219751532,0.5597020823648344,0.8959471014907251,0.8662427714201898,0.9370649606601865,0.8209419196142786
0.5585452025247024,0.9050922729785233,0.6287773705815466,0.5768600290792016,0.879436970658051,0.6304526066988791,0.47725833674669904,0.7889976007819136,0.5441435758832779,0.6906318011811169,0.5835008653485533,0.9136580686148025,0.5614670359545318,0.8978755771459976,0.8669017617369796,0.9346036268047939,0.8241454945775267
0.564818641714422,0.9124571950796256,0.632893234538022,0.5809553842552204,0.8892968831842212,0.6358355969688962,0.480545994634736,0.7954367548816386,0.550844341004603,0.6979557591787452,0.5862867722317352,0.9176769240127562,0.5649969431339266,0.9053626002782321,0.8783242605613361,0.9401123263859108,0.8251789058559937
0.5613333977201334,0.904639047003071,0.6277484045924278,0.5777376051883486,0.8832464823158895,0.6310953518057468,0.47817157504893154,0.7911104482208857,0.5469758580479617,0.6937706403229575,0.5837208053656465,0.9144618396943932,0.5609022508058287,0.8977621374015697,0.8712950305155783,0.934252007682595,0.8221820131484392
0.5471136022234356,0.8846971040831637,0.6166672324019171,0.5672798232210151,0.8661036798556168,0.6214541752027309,0.4705003733101786,0.7775278575417787,0.5375809708675471,0.6839181730166243,0.5791753783457182,0.905161060059129,0.5543366234521545,0.8872122411697848,0.859103709654967,0.9275712443608151,0.8116412181080745
0.5512958950165819,0.8909289612456347,0.6210997012781213,0.5714483097394627,0.8700252359739797,0.6260337340891635,0.4741533265191086,0.7835645645102707,0.5414494538241884,0.6870570121584649,0.5793953183628114,0.9159545574136335,0.5639379709801082,0.9034341246229595,0.8634969784335655,0.9274540379867486,0.8252822469838405
0.552550582854526,0.8925152521597183,0.6229201795665623,0.5730571992728987,0.8731624808686701,0.6265157929193144,0.47482303460741243,0.7852749648180102,0.5433836953025091,0.6894111415148455,0.581228151838589,0.9082613199375503,0.5594196897904828,0.8979890168904253,0.86580344454233,0.9305014037124729,0.8187717559294976
0.5477409461424076,0.8859434755156579,0.615875720102595,0.5666947724815838,0.8640868795661727,0.6204900575424294,0.4709874337380359,0.777729081107395,0.5373046506563585,0.6828718933026774,0.5771226048528472,0.903897991219772,0.5553955956059728,0.8861912834699348,0.8565775801072728,0.923469021268494,0.8231120832990596
0.5508079608573816,0.8905890417640453,0.6191209205298158,0.5694737634938823,0.8698011470529303,0.6248285870137866,0.4729965580029474,0.7839670116415036,0.5419330141937686,0.6873185820869516,0.580495018448278,0.9097540376567902,0.5592078953597193,0.8939051860910248,0.8626183246778457,0.9374165797823855,0.8183583914181108
0.5443254070280046,0.8834507326506694,0.613026275825035,0.565085882948148,0.8635266572635494,0.6186421653601847,0.46843036649178493,0.774710727623149,0.5350940889668491,0.6805177639462968,0.5769026648357539,0.9033238690200641,0.5525716698624571,0.8830149706259565,0.8543809457179733,0.9227657830240961,0.8100911011903739
0.543279833829718,0.8775587949697875,0.6106517389270685,0.5632575993874254,0.8599412345267603,0.6182404496683923,0.46794330606392764,0.7755156218856146,0.5376500509203442,0.6826975133503528,0.5744100113086963,0.8994198380620522,0.5510185107035233,0.8861912834699348,0.8602020268496166,0.9206560682909025,0.8067841850992791
0.5453012753464054,0.8844704910954375,0.6129471245951028,0.5655978023451503,0.8656555020135179,0.6217755477561648,0.4718397894867863,0.7790370342839016,0.5395842923986649,0.6851388326828957,0.5785155582944382,0.9012570291011168,0.5542660253085665,0.8905019937581908,0.8625084929583808,0.9369477542861203,0.8119512414916147
0.5422342606314313,0.8775587949697875,0.6111266463066618,0.5609905277721293,0.8592689677636124,0.6168746163162985,0.4687347792591958,0.7757168454512311,0.5355085692836321,0.6800818140654856,0.5733103112232297,0.8989605403022859,0.5527128661496328,0.8844896873035177,0.8561382532294127,0.9180775280614436,0.80895434878406
0.5423039655113173,0.8783519404268294,0.6111266463066618,0.5632575993874254,0.8597171456057109,0.6179190771149585,0.4689783094731244,0.7763205161480802,0.5359921296532123,0.6811280937794325,0.5722839244767944,0.8936786160649755,0.5520068847137538,0.8877794398919239,0.8582250558992472,0.9178431153133109,0.8081276197612863
0.5393066556762289,0.8716668572889059,0.6067733286603897,0.5587234561568333,0.8527703890531823,0.6129378025367336,0.46605594690598046,0.7718935977045195,0.5328144472245426,0.6761582651381847,0.5684716308471769,0.8892004629072554,0.5487593701087107,0.8824477719038175,0.8507564989756295,0.9113967647396636,0.8015137875790969
0.5655156905132798,0.9203886496500432,0.641520718600634,0.5892192259496866,0.8941147949867816,0.6405758421320458,0.4843207129506302,0.8014734618501306,0.5532621428525039,0.7030127777961552,0.5904656325565081,0.9239922682095408,0.5696564206107276,0.9118286657106164,0.8837060148151195,0.94585543871516,0.835513018640665
0.5731832273007148,0.9294531691590922,0.6438952554986004,0.5909743781679804,0.8971399954209471,0.6409775578238381,0.48486865593196976,0.8005679558048567,0.5527785824829237,0.7002226985589635,0.5920052126761612,0.9272073525279039,0.568738644744085,0.9119421054550442,0.8822782024620749,0.9463242642114253,0.8334461960837308
0.5731832273007148,0.9260539743431987,0.642312230899956,0.5875372050738218,0.8931063948420596,0.6392100087799518,0.4835901223088443,0.79815327301746,0.5509134210574002,0.6980429491549074,0.5877530390123572,0.922499550490301,0.5676090744466787,0.9088792323554937,0.8787635874391958,0.9442145494782317,0.8322061025495703
0.5690009345075684,0.9226547795273055,0.6391461817026672,0.58497760808881,0.8871680384342526,0.6339877047866517,0.4784151052628602,0.7916135071349267,0.5461468974143957,0.6922012207520372,0.5850404454682065,0.9159545574136335,0.5628084006827018,0.9007115707566925,0.8709655353571834,0.9362445160417223,0.8239388123218332
0.5717891297029993,0.9249209094045677,0.6383546694033452,0.5859283155403859,0.8922100391578621,0.6372817734593487,0.48176364570437935,0.7948330841847893,0.5477357386287305,0.6964735295839871,0.5881196057075128,0.9189399928521133,0.5637261765493445,0.9045685220672375,0.8750293089773868,0.9444489622263644,0.8275557517964683
0.5717891297029993,0.9226547795273055,0.6391461817026672,0.5870252856768194,0.8945629728288801,0.6377638322894995,0.48212894102527226,0.7963422609269122,0.5502917005822257,0.6965607195601493,0.5858468921975485,0.9159545574136335,0.5632319895442293,0.9038878836006707,0.8795324094754507,0.940581151882176,0.8255922703673806
0.5759714224961457,0.9305862340977232,0.646269792396567,0.5902430647436913,0.897476128802521,0.6412185872389136,0.48511218614589846,0.8016746854157469,0.5522950221133436,0.7003970785112879,0.5920052126761612,0.9260591081284886,0.5683856540261456,0.9100136297997716,0.8801913997922406,0.9463242642114253,0.832619467060957
0.5745773248984304,0.928320104220461,0.642312230899956,0.5892923572921155,0.8947870617499295,0.6390493225032349,0.48322482698795133,0.7968453198409533,0.5507752609518058,0.6996123687258279,0.5892193057929793,0.9188251684121719,0.5638673728365202,0.9034341246229595,0.8764571213304317,0.944331755852298,0.8253855881116873
0.5759714224961457,0.928320104220461,0.6438952554986004,0.5931683184408475,0.8971399954209471,0.6383262342580087,0.4840163001832194,0.8002661204564321,0.5527095024301264,0.69969955870199,0.5883395457246061,0.9203178861314117,0.5646439524159871,0.908652352866638,0.8807405583895652,0.9431596921116349,0.8273490695407748
0.578062568892719,0.9339854289136165,0.646269792396567,0.5931683184408475,0.9002772403156376,0.6439502539431013,0.4864516023225061,0.8024795796782125,0.5543674236972584,0.7025768279153439,0.5927383460664722,0.9260591081284886,0.5683856540261456,0.9119421054550442,0.8800815680727754,0.9498404554334148,0.8317927380381835
0.5752743736972881,0.9294531691590922,0.6431037431992782,0.5902430647436913,0.8972520398814721,0.6413792735156304,0.48389453507625513,0.7983544965830762,0.5514660614797775,0.7013561682490725,0.5906122592345703,0.922499550490301,0.5651381394211024,0.9071776361890768,0.8776652702445462,0.9474963279520885,0.8292092098420156
0.5613333977201334,0.9063386444110175,0.6301229414903942,0.5793464947217845,0.8795490151185756,0.6291671164851437,0.47567539035616274,0.7870859769085577,0.5443508160416693,0.6908933711096037,0.5870199056220462,0.9188251684121719,0.5645027561288113,0.9053626002782321,0.8751391406968521,0.9435113112338339,0.8274524106686214
0.5613333977201334,0.9063386444110175,0.6301229414903942,0.5793464947217845,0.8795490151185756,0.6291671164851437,0.47567539035616274,0.7870859769085577,0.5443508160416693,0.6908933711096037,0.5870199056220462,0.9188251684121719,0.5645027561288113,0.9053626002782321,0.8751391406968521,0.9435113112338339,0.8274524106686214
0.5655156905132798,0.9158563898955189,0.6343971079067342,0.5838806379523767,0.888960749802647,0.6352731950003871,0.4797545214394678,0.7918147307005433,0.5489791795790795,0.6974326193217718,0.5884128590636372,0.9196289394917625,0.5632319895442293,0.902072847689826,0.8744801503800622,0.9437457239819664,0.8262123171344609
0.5683038857087107,0.9192555847114122,0.6359801325053784,0.5856357901706702,0.8909775500920911,0.6352731950003871,0.48066775974170034,0.7920159542661596,0.5502917005822257,0.6985660890118809,0.5880462923684817,0.9199734128115872,0.5649969431339266,0.9025266066675373,0.8786537557197309,0.9423392474931707,0.8270390461572347
0.5669097881109953,0.9158563898955189,0.6367716448047006,0.5831493245280874,0.8871680384342526,0.634389420478444,0.4793283435650927,0.7937263545738991,0.5482192989983107,0.6954272498700401,0.5876797256733262,0.9185955195322887,0.5659853171441571,0.9062701182336544,0.8734916649048775,0.9399951200118444,0.8294158920977089
0.5613333977201334,0.9074717093496487,0.628619068121682,0.5784689186126376,0.8802212818817237,0.6298902047303698,0.47585803801660914,0.7871865886913659,0.5438672556720893,0.6889751916340343,0.5822545385850244,0.9117060531357966,0.5619612229596471,0.8975352579127143,0.8661329397007249,0.9330799439419318,0.8235254478104465
0.564818641714422,0.9124571950796256,0.6319434197788354,0.5811747782825071,0.8859355493684812,0.6322201557427654,0.4774409844071455,0.7889976007819136,0.5468376979423674,0.693945020275282,0.5854070121633619,0.9131987708550364,0.5616082322417075,0.8978755771459976,0.8727228428686228,0.9384714371489823,0.8212519429978188
0.5585452025247024,0.9023729171258088,0.6268777410631733,0.5776644738459196,0.8750672366975892,0.6257123615357297,0.4742142090725907,0.783665176293079,0.5416566939825799,0.686010732444518,0.5780756782602515,0.9058500066987779,0.5548308104572697,0.8927707886467467,0.8639363053114254,0.9266335933682844,0.814018064048549
0.5578481537258447,0.900673319717862,0.6256113213842578,0.5764943723670571,0.8782044815922797,0.6256320183973713,0.47293567544946524,0.7835645645102707,0.542554734668943,0.6869698221823027,0.5782956182773449,0.9056203578188952,0.5558897826110881,0.8911826322247578,0.865034622506075,0.9265163869942182,0.8137080406650089
0.5540143853321271,0.8956878339878852,0.6226827258767657,0.571960229136465,0.8712577250397509,0.6239448124918434,0.4729965580029474,0.7805462110260247,0.539169812081882,0.6848772627544089,0.5791020650066872,0.9074575488579597,0.5568075584777307,0.9013922092232591,0.8602020268496166,0.9375337861564519,0.825488929239534
0.5592422513235601,0.9030527560889874,0.6273526484427666,0.5778107365307775,0.8783165260528043,0.6279619694097668,0.4759798031235736,0.7864823062117087,0.5448343764112494,0.6905446112049546,0.5828410452972733,0.9107874576162641,0.5599138767955981,0.9025266066675373,0.8677804154926991,0.9403467391340432,0.8181517091624173
0.5545023194913277,0.8982938833467369,0.622445272186969,0.5729840679304697,0.8728263474870962,0.624908930152145,0.4735445009842869,0.7826590584649968,0.5402060128738394,0.6858363524921935,0.580568331787309,0.9183658706524054,0.5573723436264338,0.8928842283911745,0.8623986612389161,0.9387058498971148,0.8164982511168699
0.5892153496744427,0.9555136627476074,0.6660575998796217,0.6070632735023395,0.9133864421970229,0.6537521168228342,0.4980192874841176,0.828236196077112,0.5761276403283657,0.7275131610977451,0.6008028133598936,0.9352450633238113,0.5724803463542435,0.9334956568963253,0.921048799433208,0.9697655390246883,0.835513018640665
0.5836389592835808,0.9464491432385587,0.6613085260836886,0.601212766108027,0.9036385741313775,0.6485298128295338,0.495583985344831,0.8242117247647841,0.5699104355766209,0.7187941634815209,0.5971371464083385,0.9295038413267345,0.5724803463542435,0.9300924645634913,0.9111639446813611,0.9627331565807096,0.835513018640665
0.58085076408815,0.9385176886681409,0.6565594522877554,0.5990188258351599,0.8999411069340636,0.644592999049969,0.49375750874036606,0.82219948910862,0.5685288345206776,0.7170503639582761,0.5934714794567832,0.9249108637290733,0.5689504391748487,0.9289580671192135,0.9111639446813611,0.9580449016180569,0.8297259154812491
0.5850330568812964,0.9430499484226653,0.6581424768863998,0.599750139259449,0.9034144852103281,0.6458784892637045,0.495583985344831,0.8242117247647841,0.5706012361045925,0.7196660632431434,0.5956708796277164,0.9255998103687222,0.5670442892979756,0.9278236696749356,0.9155572134599597,0.9580449016180569,0.8286925042027821
0.5878212520767273,0.9464491432385587,0.658933989185722,0.5953622587137146,0.8946750172894047,0.6263551066425974,0.4845033606110768,0.8006685675876649,0.5523641021661406,0.6962119596555004,0.5710375977132656,0.8878225696279569,0.5454412573600795,0.8993502938235589,0.8829371927788647,0.9163194324504488,0.7963467311867612
0.6080356672436015,0.9793080264588605,0.6787217966687767,0.615107721169519,0.9223499990389954,0.6561624109735881,0.49923693855376094,0.82723007824903,0.5726736376885074,0.7214098627663883,0.5949377462374055,0.9235329704497748,0.5661265134313329,0.9255548747863797,0.9122622618760107,0.9592169653587199,0.826522340518001
0.570395032105284,0.9226547795273055,0.6438952554986004,0.5869521543343906,0.8827983044737907,0.6310953518057468,0.4820680584717902,0.8022783561125961,0.5581668266011026,0.7048437672955623,0.58262110528018,0.9042424645395967,0.5542660253085665,0.9043416425783819,0.8935908695669664,0.9394090881415128,0.8110211713409943
0.5829419104847231,0.9430499484226653,0.6565594522877554,0.5990188258351599,0.9036385741313775,0.6461195186787798,0.49375750874036606,0.82219948910862,0.5692196350486491,0.7187941634815209,0.5949377462374055,0.9258294592486054,0.5672560837287393,0.9266892722306574,0.9100656274867115,0.9592169653587199,0.8294158920977089
0.5822448616858654,0.9419168834840341,0.6573509645870776,0.5990188258351599,0.8991567957103911,0.6430664794211582,0.491931032135901,0.8181750177962919,0.5657656324087909,0.7144346646734088,0.5934714794567832,0.9233033215698916,0.5651381394211024,0.9210172850092677,0.9034757243188132,0.9557007741367306,0.8253855881116873
0.5815478128870076,0.939650753606772,0.6565594522877554,0.5990188258351599,0.9020699516840321,0.6439502539431013,0.4911395589406329,0.819181135624374,0.5685288345206776,0.7179222637198985,0.5934714794567832,0.9212364816509439,0.5655617282826297,0.9221516824535458,0.9122622618760107,0.9545287103960675,0.8266256816458478
0.5794566664904344,0.939650753606772,0.6573509645870776,0.5968248855622927,0.8983724844867186,0.6434681951129505,0.4913222066010794,0.8181750177962919,0.5671472334647342,0.7135627649117865,0.5912720792858502,0.9216957794107102,0.567467878159503,0.9232860798978237,0.9056723587081127,0.951012519174078,0.8295192332255559
0.5738802760995726,0.9305862340977232,0.6494358415938558,0.5895117513194023,0.8868319050526785,0.635433881277104,0.4867560150899169,0.8097236280404029,0.5588576271290743,0.7057156670571847,0.5869465922830152,0.9137728930547443,0.5587843064981919,0.9119421054550442,0.8935908695669664,0.9474963279520885,0.817635003523184
0.5773655200938613,0.9373846237295097,0.6526018907911444,0.5931683184408475,0.8947870617499295,0.6395313813333857,0.4890086695687571,0.814150546483964,0.5630024302969042,0.7100751658652967,0.5880462923684817,0.9137728930547443,0.5614670359545318,0.9164796952321561,0.901279089929514,0.9474963279520885,0.8191851204408847
0.5683038857087107,0.9192555847114122,0.642312230899956,0.5863671035949592,0.8836946601579881,0.6326218714345577,0.48559924657375575,0.8090193455607456,0.5578905063899139,0.7057156670571847,0.5854070121633619,0.9099836865366734,0.5589961009289556,0.915345297787878,0.8957875039562657,0.9431596921116349,0.8160848866054832
0.5794566664904344,0.9464491432385587,0.6636830629816551,0.6026753929566051,0.9111455529865295,0.6537521168228342,0.5016722406930476,0.836285138701768,0.5761276403283657,0.7275131610977451,0.6015359467502047,0.9386897965220574,0.5767162349695172,0.9448396313391048,0.9254420682118064,0.9697655390246883,0.8417134863114677
0.5794566664904344,0.9487152731158208,0.6636830629816551,0.6026753929566051,0.9111455529865295,0.6545555482064187,0.5010634151582259,0.836285138701768,0.5768184408563375,0.7266412613361227,0.6030022135308268,0.9421345297203036,0.5774222164053961,0.938033246673437,0.9243437510171568,0.9732817302466777,0.843780308868402
0.5878212520767273,0.9589128575635006,0.6692236490769105,0.6077945869266285,0.9178682206180091,0.6585727051243421,0.5041075428323342,0.8393034921860142,0.5788908424402525,0.7327445596674796,0.607401013872693,0.943282774119719,0.5760102535336382,0.9437052338948267,0.9276387026011059,0.9791420489499936,0.8427468975899349
0.5794566664904344,0.9407838185454032,0.658933989185722,0.601212766108027,0.902854262907705,0.6477263814459492,0.495583985344831,0.8292423139051941,0.5740552387444509,0.7222817625280107,0.5986034131889606,0.9318003301255654,0.5710683834824856,0.9334956568963253,0.9221471166278576,0.967421411543362,0.835513018640665
0.5871242032778694,0.950981402993083,0.6660575998796217,0.6070632735023395,0.9122659975917761,0.6537521168228342,0.5016722406930476,0.836285138701768,0.5775092413843091,0.7301288603826125,0.6030022135308268,0.9398380409214727,0.5774222164053961,0.9448396313391048,0.9254420682118064,0.974453793987341,0.8417134863114677
0.5878212520767273,0.9543805978089762,0.6668491121789439,0.6056006466537613,0.915627331407516,0.6561624109735881,0.5022810662278693,0.836285138701768,0.5795816429682241,0.7318726599058571,0.6044684803114487,0.9398380409214727,0.5767162349695172,0.9425708364505488,0.9287370197957555,0.9767979214686672,0.8427468975899349
0.5871242032778694,0.9521144679317142,0.6668491121789439,0.6063319600780503,0.9145068868022694,0.6545555482064187,0.5034987172975126,0.8382973743579321,0.5788908424402525,0.7301288603826125,0.6037353469211377,0.9375415521226421,0.5781281978412751,0.9471084262276606,0.9276387026011059,0.9709376027653515,0.8427468975899349
0.5878212520767273,0.9532475328703451,0.6644745752809772,0.6048693332294722,0.9111455529865295,0.6529486854392496,0.5016722406930476,0.8372912565298501,0.5775092413843091,0.7283850608593676,0.6022690801405158,0.9375415521226421,0.5738923092260014,0.9414364390062707,0.9265403854064563,0.9721096665060146,0.8396466637545335
0.5892153496744427,0.9566467276862385,0.6684321367775882,0.6077945869266285,0.9133864421970229,0.6545555482064187,0.5022810662278693,0.836285138701768,0.5788908424402525,0.7283850608593676,0.60520161370176,0.943282774119719,0.5760102535336382,0.9414364390062707,0.9265403854064563,0.974453793987341,0.8427468975899349
0.580153715289292,0.9430499484226653,0.658933989185722,0.599750139259449,0.9027422184471801,0.6475656951692323,0.49680163641447433,0.8262239604209479,0.5726736376885074,0.723153662289633,0.6015359467502047,0.9340968189243959,0.5703624020466067,0.9300924645634913,0.917753847849259,0.9685934752840253,0.836546429919132
0.58085076408815,0.9441830133612964,0.6597255014850442,0.601212766108027,0.9048710631971485,0.6481280971377416,0.495583985344831,0.828236196077112,0.5733644382164792,0.723153662289633,0.6008028133598936,0.9352450633238113,0.5724803463542435,0.9312268620077694,0.9199504822385581,0.9697655390246883,0.835513018640665
0.5906094472721581,0.9577797926248697,0.6692236490769105,0.6056006466537613,0.9145068868022694,0.6577692737407574,0.5034987172975126,0.8413157278421781,0.5802724434961958,0.7318726599058571,0.608134147263004,0.9478757517173805,0.580952123584791,0.9459740287833827,0.9309336541850548,0.9803141126906567,0.8479139539822705
0.5906094472721581,0.9555136627476074,0.6692236490769105,0.6099885271994956,0.9167477760127625,0.6561624109735881,0.5022810662278693,0.8393034921860142,0.5823448450801108,0.7353602589523469,0.607401013872693,0.9444310185191342,0.5788341792771541,0.9459740287833827,0.9353269229636535,0.9779699852093304,0.8448137201468691
0.5745773248984304,0.9305862340977232,0.6510188661925,0.5924370050165585,0.8938907060657321,0.6417006460690643,0.49120044149411507,0.819181135624374,0.5671472334647342,0.7153065644350313,0.5942046128470945,0.9260591081284886,0.5657735227133934,0.9244204773421015,0.9089673102920616,0.9568728378773937,0.8278657751800081
0.5787596176915767,0.9362515587908787,0.6541849153897888,0.5975561989865817,0.8972520398814721,0.6438699108047429,0.49375750874036606,0.8211933712805378,0.5699104355766209,0.7187941634815209,0.5956708796277164,0.9251405126089561,0.567467878159503,0.9266892722306574,0.9133605790706603,0.9592169653587199,0.8291058687141687
0.5759714224961457,0.9317192990363542,0.6518103784918222,0.5946309452894256,0.8940027505262567,0.6388082930881596,0.48973926021054304,0.8181750177962919,0.5678380339927059,0.7161784641966537,0.5908321992516636,0.9192844661719379,0.5641497654108718,0.9187484901207118,0.9089673102920616,0.9545287103960675,0.8234221066825997
0.5773655200938613,0.9362515587908787,0.6541849153897888,0.5953622587137146,0.895907506355176,0.642664763729366,0.49314868320554434,0.8181750177962919,0.5678380339927059,0.7161784641966537,0.5949377462374055,0.9260591081284886,0.5652793357082782,0.9255548747863797,0.9089673102920616,0.9568728378773937,0.8257989526230741
0.578062568892719,0.9317192990363542,0.6526018907911444,0.5953622587137146,0.8935545726841582,0.6393706950566688,0.49120044149411507,0.8201872534524559,0.5664564329367625,0.7135627649117865,0.5902456925394147,0.9176769240127562,0.562737802539114,0.9232860798978237,0.907868993097412,0.951012519174078,0.8216653075092055
0.578062568892719,0.9373846237295097,0.6557679399884332,0.5953622587137146,0.8947870617499295,0.6421023617608567,0.4913222066010794,0.819181135624374,0.5678380339927059,0.7144346646734088,0.5912720792858502,0.9200882372515286,0.5652087375646903,0.9221516824535458,0.907868993097412,0.9533566466554043,0.8259022937509207
0.5794566664904344,0.9385176886681409,0.6565594522877554,0.5960935721380037,0.8972520398814721,0.6436288813896675,0.49314868320554434,0.823205606936702,0.5678380339927059,0.7170503639582761,0.5949377462374055,0.9254849859287807,0.567397280015915,0.9266892722306574,0.9100656274867115,0.9603890290993832,0.8275557517964683
0.5773655200938613,0.9339854289136165,0.6541849153897888,0.5953622587137146,0.891649816855239,0.6392903519183103,0.49065249851277554,0.8181750177962919,0.5664564329367625,0.7153065644350313,0.5900990658613526,0.9171028018130487,0.5644321579852234,0.9221516824535458,0.9067706759027624,0.951012519174078,0.8226987187876726
0.5752743736972881,0.9317192990363542,0.6533934030904668,0.5953622587137146,0.8928823059210101,0.640093783301895,0.48992190787098955,0.8171688999682098,0.5671472334647342,0.7135627649117865,0.591198765946819,0.9181362217725226,0.5645733542723992,0.9221516824535458,0.907868993097412,0.9533566466554043,0.8246622002167604
0.5766684712950034,0.9317192990363542,0.6533934030904668,0.5946309452894256,0.8937786616052075,0.6407365284087627,0.49120044149411507,0.819181135624374,0.5671472334647342,0.7153065644350313,0.5927383460664722,0.9221550771704763,0.565420531995454,0.9221516824535458,0.907868993097412,0.9557007741367306,0.8273490695407748
0.578062568892719,0.9351184938522477,0.6541849153897888,0.5946309452894256,0.8940027505262567,0.6399330970251781,0.490469850852329,0.8181750177962919,0.5657656324087909,0.7153065644350313,0.5920052126761612,0.9219254282905931,0.5632319895442293,0.9198828875649899,0.9056723587081127,0.9545287103960675,0.8232154244269063
0.5759714224961457,0.9328523639749855,0.6510188661925,0.5938996318651365,0.8929943503815347,0.6393706950566688,0.4893739648896501,0.8161627821401278,0.5664564329367625,0.7135627649117865,0.5894392458100727,0.9167583284932241,0.5614670359545318,0.9176140926764339,0.9067706759027624,0.951012519174078,0.8212519429978188
0.578062568892719,0.9339854289136165,0.6526018907911444,0.5960935721380037,0.8917618613157636,0.6388082930881596,0.48992190787098955,0.8171688999682098,0.5657656324087909,0.7135627649117865,0.589072679114917,0.9179065728926394,0.5630201951134655,0.9221516824535458,0.907868993097412,0.9521845829147412,0.8209419196142786
0.578062568892719,0.9351184938522477,0.6541849153897888,0.5946309452894256,0.8938907060657321,0.6409775578238381,0.49040896829884684,0.8181750177962919,0.5657656324087909,0.7144346646734088,0.590392319217477,0.9208920083311193,0.5659853171441571,0.9210172850092677,0.9056723587081127,0.951012519174078,0.8260056348787675
0.570395032105284,0.9249209094045677,0.6478528169952112,0.5883416498405398,0.8880643941184496,0.6381655479812918,0.4894957299966144,0.8161627821401278,0.5650748318808192,0.7126908651501641,0.5920052126761612,0.9219254282905931,0.5668324948672119,0.9221516824535458,0.9067706759027624,0.9545287103960675,0.8290025275863222
0.570395032105284,0.9237878444659366,0.646269792396567,0.5892192259496866,0.888960749802647,0.6377638322894995,0.48919131722920356,0.8161627821401278,0.5664564329367625,0.7153065644350313,0.5920052126761612,0.9223847260503595,0.5649969431339266,0.9210172850092677,0.9111639446813611,0.9557007741367306,0.8248688824724536
0.572486178501857,0.92718703928183,0.650227353893178,0.5902430647436913,0.8914257279341896,0.6390493225032349,0.49053073340581127,0.8181750177962919,0.5657656324087909,0.7135627649117865,0.5920052126761612,0.9215809549707684,0.5669030930107998,0.9244204773421015,0.9067706759027624,0.9557007741367306,0.825488929239534
0.5759714224961457,0.9317192990363542,0.650227353893178,0.5924370050165585,0.8951231951315032,0.6421023617608567,0.4925398576707227,0.8211933712805378,0.5692196350486491,0.7170503639582761,0.5964040130180275,0.9239922682095408,0.5665501022928603,0.9266892722306574,0.9122622618760107,0.9592169653587199,0.8288991864584755
0.5787596176915767,0.9385176886681409,0.6557679399884332,0.5946309452894256,0.8990447512498665,0.6443519696348936,0.49436633427518767,0.823205606936702,0.5671472334647342,0.7179222637198985,0.5934714794567832,0.9223847260503595,0.5678914670210303,0.9266892722306574,0.9100656274867115,0.9557007741367306,0.8295192332255559
0.6003681304561664,0.9702435069498118,0.671598185974877,0.61437640774523,0.9324340004862148,0.665803587576604,0.5034987172975126,0.8352790208736861,0.5788908424402525,0.733616459429102,0.6139992143854923,0.9582099513121185,0.5865999750718226,0.9459740287833827,0.9232454338225072,0.9885185588752986,0.8592814780454088
0.5940946912664468,0.9589128575635006,0.667640624478266,0.6099885271994956,0.9201091098285025,0.6593761365079267,0.49984576408858267,0.82723007824903,0.5712920366325642,0.723153662289633,0.606667880482382,0.9478757517173805,0.5830700678924279,0.9425708364505488,0.9122622618760107,0.9732817302466777,0.8541144216530732
0.5836389592835808,0.9385176886681409,0.6533934030904668,0.599750139259449,0.905095152118198,0.6458784892637045,0.4895566125500965,0.8121383108277999,0.5630024302969042,0.7126908651501641,0.5949377462374055,0.9283555969273191,0.5703624020466067,0.9244204773421015,0.9001807727348644,0.9557007741367306,0.8344796073621978
0.5794566664904344,0.9373846237295097,0.6494358415938558,0.5953622587137146,0.901509729381409,0.6427451068677243,0.48766925339214945,0.8085162866467046,0.5595484276570459,0.7100751658652967,0.5942046128470945,0.9251405126089561,0.5675384763030908,0.9187484901207118,0.8968858211509153,0.9545287103960675,0.8309660090154097
0.58085076408815,0.9373846237295097,0.6494358415938558,0.5953622587137146,0.902406085065606,0.6425844205910074,0.4873039580712565,0.8075101688186225,0.5595484276570459,0.7100751658652967,0.5942046128470945,0.9260591081284886,0.5669736911543877,0.915345297787878,0.894689186761616,0.9557007741367306,0.832722808188804
0.5864271544790117,0.9419168834840341,0.6533934030904668,0.5917056915922694,0.8871680384342526,0.6255516752590127,0.4732400882168761,0.7797413167635591,0.5383408514483159,0.6796458641846744,0.5711842243913278,0.8923007227856771,0.5456530517908432,0.8772295436601389,0.855918589790483,0.9151473687097857,0.7999636706613962
0.6059445208470283,0.9747757667043362,0.6747642351721658,0.6121824674723627,0.921229554433749,0.6537521168228342,0.495583985344831,0.8161627821401278,0.5616208292409609,0.7109470656269192,0.5956708796277164,0.9295038413267345,0.5717743649183645,0.9187484901207118,0.8913942351776669,0.9545287103960675,0.836546429919132
0.5690009345075684,0.91698945483415,0.6375631571040229,0.5846850827190945,0.8819019487895936,0.6298098615920114,0.47671039376535945,0.7901043303928038,0.5492554997902681,0.6958631997508513,0.5818879718898691,0.9075723732979011,0.5560309788982639,0.8960605412351529,0.8768964482082915,0.9351896586751254,0.8139147229207022
0.5843360080824387,0.9475822081771896,0.6565594522877554,0.600481452683738,0.910025108381283,0.649413587351477,0.49314868320554434,0.8161627821401278,0.5636932308248759,0.7144346646734088,0.6015359467502047,0.9386897965220574,0.5731863277901224,0.9255548747863797,0.8990824555402148,0.9639052203213727,0.8417134863114677
0.5836389592835808,0.9430499484226653,0.654976427689111,0.5982875124108709,0.902518129526131,0.6452357441568367,0.48931308233616794,0.8094217926919784,0.5595484276570459,0.7092032661036743,0.5956708796277164,0.9295038413267345,0.5681738595953819,0.915345297787878,0.8924925523723165,0.9557007741367306,0.8324127848052638
0.5836389592835808,0.9419168834840341,0.6565594522877554,0.601212766108027,0.90778421917079,0.6482887834144584,0.49083514617322205,0.8121383108277999,0.5630024302969042,0.7126908651501641,0.5964040130180275,0.9318003301255654,0.5738923092260014,0.9232860798978237,0.8979841383455649,0.9568728378773937,0.8386132524760664
0.5822448616858654,0.9430499484226653,0.654976427689111,0.600481452683738,0.9066637745655431,0.6465212343705722,0.4913222066010794,0.8121383108277999,0.5602392281850176,0.7118189653885416,0.5986034131889606,0.9329485745249806,0.5703624020466067,0.9198828875649899,0.8968858211509153,0.9603890290993832,0.835513018640665
0.5773655200938613,0.9305862340977232,0.6470613046958892,0.5909743781679804,0.8928823059210101,0.6384065773963672,0.48419894784366596,0.8021777443297878,0.5538838633276782,0.7026640178915062,0.5877530390123572,0.9195141150518211,0.5664089060056845,0.9097867503109162,0.884804332009769,0.9436285176079001,0.8281757985635483
0.580153715289292,0.9362515587908787,0.650227353893178,0.5931683184408475,0.8992688401709156,0.6417006460690643,0.4858427767876844,0.8057997685108831,0.556232585122782,0.7048437672955623,0.5912720792858502,0.9243367415293654,0.567397280015915,0.9111480272440496,0.8880992835937181,0.9498404554334148,0.8313793735267964
0.5843360080824387,0.9419168834840341,0.654976427689111,0.599750139259449,0.910025108381283,0.6493332442131186,0.49375750874036606,0.8181750177962919,0.5671472334647342,0.7161784641966537,0.6015359467502047,0.9398380409214727,0.5753042720977594,0.9300924645634913,0.9067706759027624,0.9639052203213727,0.8427468975899349
0.5669097881109953,0.9158563898955189,0.6351886202060564,0.5816866976795094,0.8797731040396252,0.6257123615357297,0.47561450780268055,0.7895006596959546,0.5474594184175419,0.6931603104898219,0.5806416451263401,0.9069982510981937,0.554548417882918,0.8951530232797305,0.8762374578915016,0.9326111184456665,0.8135013584093154
0.5696979833064261,0.9192555847114122,0.6375631571040229,0.5835881125826609,0.8812296820264456,0.6314167243591807,0.47811069249544935,0.7906073893068448,0.5469067779951645,0.6950784899653911,0.5846738787730509,0.9131987708550364,0.5564545677597913,0.8979890168904253,0.8732720014659474,0.9392918817674466,0.8167049333725636
0.5696979833064261,0.9203886496500432,0.6367716448047006,0.5855626588282413,0.8835826156974637,0.6306936361139545,0.4773801018536633,0.7892994361303383,0.5487028593678908,0.6941194002276065,0.5825477919411489,0.9076871977378429,0.5553955956059728,0.8943589450687359,0.8734916649048775,0.933900388560396,0.8128813116422351
0.5843360080824387,0.9430499484226653,0.6557679399884332,0.601212766108027,0.90778421917079,0.6472443226157983,0.4898610253175074,0.8111321929997177,0.5616208292409609,0.7118189653885416,0.5978702797986496,0.9329485745249806,0.5696564206107276,0.9187484901207118,0.8935908695669664,0.9603890290993832,0.8344796073621978
0.5815478128870076,0.939650753606772,0.6533934030904668,0.599750139259449,0.9047590187366241,0.6449947147417614,0.4888260219083106,0.8101260751716358,0.5623116297689326,0.7092032661036743,0.5920052126761612,0.9259442836885469,0.5676090744466787,0.9187484901207118,0.8957875039562657,0.9521845829147412,0.8319994202938767
0.5822448616858654,0.939650753606772,0.6533934030904668,0.5990188258351599,0.9066637745655431,0.6478067245843077,0.4913222066010794,0.8131444286558819,0.5636932308248759,0.7144346646734088,0.6015359467502047,0.9363933077232269,0.5731863277901224,0.9221516824535458,0.8990824555402148,0.9639052203213727,0.8375798411975994
0.580153715289292,0.9362515587908787,0.6518103784918222,0.5975561989865817,0.900837462618261,0.6444323127732522,0.4900436729779539,0.8111321929997177,0.5609300287129892,0.7118189653885416,0.5956708796277164,0.9283555969273191,0.5696564206107276,0.9210172850092677,0.8957875039562657,0.9533566466554043,0.8333428549558839
0.5871242032778694,0.9475822081771896,0.658933989185722,0.6026753929566051,0.9111455529865295,0.6497349599049108,0.49436633427518767,0.8171688999682098,0.5643840313528476,0.7153065644350313,0.5993365465792716,0.9340968189243959,0.5745982906618804,0.9289580671192135,0.901279089929514,0.9603890290993832,0.8406800750330006
0.578062568892719,0.9294531691590922,0.6478528169952112,0.5931683184408475,0.8945629728288801,0.6377638322894995,0.48651248487598825,0.8027814150266371,0.5551273042780274,0.7020536880583705,0.5887794257587927,0.9166435040532828,0.5649969431339266,0.9130765028993221,0.884804332009769,0.944331755852298,0.8245588590889135
0.5829419104847231,0.9419168834840341,0.6518103784918222,0.5982875124108709,0.9040867519734761,0.6437092245280259,0.4887042568013462,0.8083150630810881,0.5616208292409609,0.7109470656269192,0.5927383460664722,0.9260591081284886,0.5670442892979756,0.915345297787878,0.894689186761616,0.9545287103960675,0.8310693501432562
0.578062568892719,0.9305862340977232,0.6486443292945334,0.5946309452894256,0.8942268394473061,0.6372014303209902,0.48468600827152325,0.8025801914610208,0.5546437439084471,0.7017921181298838,0.5866533389268908,0.9156100840938088,0.5632319895442293,0.9106942682663384,0.8830470244983296,0.9436285176079001,0.8215619663813589
0.578062568892719,0.9328523639749855,0.6478528169952112,0.5931683184408475,0.8952352395920281,0.637683489151141,0.48419894784366596,0.8019765207641715,0.5549200641196358,0.7010074083444237,0.5901723792003837,0.9206623594512364,0.5623142136775866,0.9078582746556435,0.8834863513761895,0.9460898514632928,0.8233187655547529
0.5815478128870076,0.9385176886681409,0.6518103784918222,0.5946309452894256,0.901845862762983,0.6424237343142906,0.4880954312665246,0.8091199573435539,0.5567852255451592,0.7048437672955623,0.5942046128470945,0.9272073525279039,0.5666912985800362,0.9119421054550442,0.8880992835937181,0.9521845829147412,0.83158605578249
0.5829419104847231,0.9385176886681409,0.6526018907911444,0.5982875124108709,0.9026301739866556,0.6421023617608567,0.48742572317822075,0.8075101688186225,0.5602392281850176,0.7083313663420521,0.5920052126761612,0.9231884971299502,0.5650675412775145,0.9119421054550442,0.894689186761616,0.9498404554334148,0.8286925042027821
0.559939300122418,0.9079249353251011,0.6298063365706653,0.5778107365307775,0.8780924371317552,0.6278012831330497,0.4778671622815207,0.791714118917735,0.5485646992622965,0.6953400598938779,0.5867266522659218,0.9180213973325808,0.5609022508058287,0.903774443856243,0.8786537557197309,0.9421048347450381,0.8214586252535123
0.572486178501857,0.9260539743431987,0.6431037431992782,0.5917056915922694,0.8944509283683555,0.6413792735156304,0.4862080721085774,0.8029826385922536,0.5572687859147395,0.7048437672955623,0.591125452607788,0.9235329704497748,0.5684562521697335,0.9176140926764339,0.8891976007883677,0.9463242642114253,0.832619467060957
0.5717891297029993,0.9260539743431987,0.6431037431992782,0.5902430647436913,0.8971399954209471,0.6392903519183103,0.48444247805759466,0.8059003802936913,0.5581668266011026,0.7074594665804295,0.5912720792858502,0.9219254282905931,0.5657029245698056,0.915345297787878,0.894689186761616,0.9486683916927517,0.8296225743534025
0.567606836909853,0.9192555847114122,0.6407292063013115,0.5865133662798171,0.8895209721052701,0.635433881277104,0.4831639444344691,0.8015740736329388,0.5548509840668385,0.7024896379391817,0.5902456925394147,0.9247960392891315,0.5678914670210303,0.9119421054550442,0.8859026492044186,0.9474963279520885,0.832722808188804
0.5696979833064261,0.9237878444659366,0.6407292063013115,0.5879028617859663,0.8910895945526156,0.6361569695223303,0.48413806529018377,0.8003667322392404,0.5543674236972584,0.7042334374624267,0.5912720792858502,0.922499550490301,0.5649263449903388,0.9110345874996219,0.8870009663990682,0.9486683916927517,0.8277624340521617
0.5731832273007148,0.9249209094045677,0.6454782800972448,0.5909743781679804,0.8957954618946512,0.6415399597923473,0.4859036593411666,0.8045924271171847,0.5576141861787253,0.7065875668188071,0.5912720792858502,0.9272073525279039,0.5696564206107276,0.915345297787878,0.8913942351776669,0.9498404554334148,0.8329294904444972
0.5752743736972881,0.928320104220461,0.646269792396567,0.5924370050165585,0.902406085065606,0.6466819206472892,0.4898001427640252,0.8121383108277999,0.5643840313528476,0.7170503639582761,0.6008028133598936,0.9375415521226421,0.5738923092260014,0.9255548747863797,0.9067706759027624,0.9650772840620356,0.8396466637545335
0.5745773248984304,0.9294531691590922,0.6470613046958892,0.5953622587137146,0.9009495070787856,0.6467622637856476,0.49126132404759715,0.8151566643120459,0.5650748318808192,0.7161784641966537,0.6008028133598936,0.9363933077232269,0.5781281978412751,0.9289580671192135,0.9045740415134631,0.9650772840620356,0.8458471314253362
0.5752743736972881,0.9305862340977232,0.646269792396567,0.5938996318651365,0.9029663073682296,0.6468426069240061,0.49065249851277554,0.8121383108277999,0.5636932308248759,0.7170503639582761,0.6022690801405158,0.9375415521226421,0.5753042720977594,0.9278236696749356,0.9034757243188132,0.967421411543362,0.8417134863114677
0.5745773248984304,0.9294531691590922,0.6478528169952112,0.5946309452894256,0.9012856404603595,0.6452357441568367,0.4908960287267043,0.814150546483964,0.5636932308248759,0.7161784641966537,0.6008028133598936,0.9375415521226421,0.5767162349695172,0.9312268620077694,0.901279089929514,0.9650772840620356,0.8417134863114677
0.5745773248984304,0.928320104220461,0.6446867677979224,0.5924370050165585,0.9000531513945884,0.6429057931444414,0.4871213104108099,0.8085162866467046,0.5609300287129892,0.7135627649117865,0.5971371464083385,0.9329485745249806,0.5703624020466067,0.9198828875649899,0.9001807727348644,0.9615610928400462,0.836546429919132
